ISO-10303-21;
HEADER;
FILE_DESCRIPTION(('KiCad electronic assembly'),'2;1');
FILE_NAME('middle_PCB.step','2026-01-06T15:50:39',('Pcbnew'),('Kicad'),
  'Open CASCADE STEP processor 7.7','KiCad to STEP converter','Unknown'
  );
FILE_SCHEMA(('AUTOMOTIVE_DESIGN { 1 0 10303 214 1 1 1 1 }'));
ENDSEC;
DATA;
#1 = APPLICATION_PROTOCOL_DEFINITION('international standard',
  'automotive_design',2000,#2);
#2 = APPLICATION_CONTEXT(
  'core data for automotive mechanical design processes');
#3 = SHAPE_DEFINITION_REPRESENTATION(#4,#10);
#4 = PRODUCT_DEFINITION_SHAPE('','',#5);
#5 = PRODUCT_DEFINITION('design','',#6,#9);
#6 = PRODUCT_DEFINITION_FORMATION('','',#7);
#7 = PRODUCT('middle_PCB 1','middle_PCB 1','',(#8));
#8 = PRODUCT_CONTEXT('',#2,'mechanical');
#9 = PRODUCT_DEFINITION_CONTEXT('part definition',#2,'design');
#10 = SHAPE_REPRESENTATION('',(#11,#15,#19,#23,#27,#31,#35,#39,#43,#47,
    #51,#55,#59,#63,#67),#71);
#11 = AXIS2_PLACEMENT_3D('',#12,#13,#14);
#12 = CARTESIAN_POINT('',(0.,0.,0.));
#13 = DIRECTION('',(0.,0.,1.));
#14 = DIRECTION('',(1.,0.,-0.));
#15 = AXIS2_PLACEMENT_3D('',#16,#17,#18);
#16 = CARTESIAN_POINT('',(18.381725,8.075,1.65));
#17 = DIRECTION('',(0.,-0.,1.));
#18 = DIRECTION('',(1.110223024625E-16,1.,0.));
#19 = AXIS2_PLACEMENT_3D('',#20,#21,#22);
#20 = CARTESIAN_POINT('',(-28.151075,7.874,1.65));
#21 = DIRECTION('',(-0.,0.,1.));
#22 = DIRECTION('',(1.110223024625E-16,-1.,0.));
#23 = AXIS2_PLACEMENT_3D('',#24,#25,#26);
#24 = CARTESIAN_POINT('',(23.715725,0.1016,1.65));
#25 = DIRECTION('',(0.,0.,1.));
#26 = DIRECTION('',(-1.,1.224646799147E-16,0.));
#27 = AXIS2_PLACEMENT_3D('',#28,#29,#30);
#28 = CARTESIAN_POINT('',(19.143725,4.6217,1.65));
#29 = DIRECTION('',(0.,-0.,1.));
#30 = DIRECTION('',(1.110223024625E-16,1.,0.));
#31 = AXIS2_PLACEMENT_3D('',#32,#33,#34);
#32 = CARTESIAN_POINT('',(9.034525,7.2155,1.65));
#33 = DIRECTION('',(-0.,0.,1.));
#34 = DIRECTION('',(1.110223024625E-16,-1.,0.));
#35 = AXIS2_PLACEMENT_3D('',#36,#37,#38);
#36 = CARTESIAN_POINT('',(9.034525,3.6068,1.65));
#37 = DIRECTION('',(0.,-0.,1.));
#38 = DIRECTION('',(1.110223024625E-16,1.,0.));
#39 = AXIS2_PLACEMENT_3D('',#40,#41,#42);
#40 = CARTESIAN_POINT('',(25.696925,-2.54,1.65));
#41 = DIRECTION('',(0.,0.,1.));
#42 = DIRECTION('',(-1.,1.224646799147E-16,0.));
#43 = AXIS2_PLACEMENT_3D('',#44,#45,#46);
#44 = CARTESIAN_POINT('',(13.046625,-1.4224,1.65));
#45 = DIRECTION('',(0.,0.,1.));
#46 = DIRECTION('',(1.,0.,0.));
#47 = AXIS2_PLACEMENT_3D('',#48,#49,#50);
#48 = CARTESIAN_POINT('',(22.039325,-4.6736,1.65));
#49 = DIRECTION('',(-0.,0.,1.));
#50 = DIRECTION('',(1.110223024625E-16,-1.,0.));
#51 = AXIS2_PLACEMENT_3D('',#52,#53,#54);
#52 = CARTESIAN_POINT('',(-25.966675,2.3368,1.65));
#53 = DIRECTION('',(-0.,0.,1.));
#54 = DIRECTION('',(1.110223024625E-16,-1.,0.));
#55 = AXIS2_PLACEMENT_3D('',#56,#57,#58);
#56 = CARTESIAN_POINT('',(-8.678925,3.1373,-5.E-02));
#57 = DIRECTION('',(-1.224646799147E-16,-1.359631073447E-32,-1.));
#58 = DIRECTION('',(1.110223024625E-16,-1.,0.));
#59 = AXIS2_PLACEMENT_3D('',#60,#61,#62);
#60 = CARTESIAN_POINT('',(-10.812525,3.9755,-5.E-02));
#61 = DIRECTION('',(-1.224646799147E-16,-1.359631073447E-32,-1.));
#62 = DIRECTION('',(1.110223024625E-16,-1.,0.));
#63 = AXIS2_PLACEMENT_3D('',#64,#65,#66);
#64 = CARTESIAN_POINT('',(-6.599575,3.9635,-5.E-02));
#65 = DIRECTION('',(-1.224646799147E-16,-1.359631073447E-32,-1.));
#66 = DIRECTION('',(1.110223024625E-16,-1.,0.));
#67 = AXIS2_PLACEMENT_3D('',#68,#69,#70);
#68 = CARTESIAN_POINT('',(0.,0.,0.));
#69 = DIRECTION('',(0.,0.,1.));
#70 = DIRECTION('',(1.,0.,-0.));
#71 = ( GEOMETRIC_REPRESENTATION_CONTEXT(3) 
GLOBAL_UNCERTAINTY_ASSIGNED_CONTEXT((#75)) GLOBAL_UNIT_ASSIGNED_CONTEXT(
(#72,#73,#74)) REPRESENTATION_CONTEXT('Context #1',
  '3D Context with UNIT and UNCERTAINTY') );
#72 = ( LENGTH_UNIT() NAMED_UNIT(*) SI_UNIT(.MILLI.,.METRE.) );
#73 = ( NAMED_UNIT(*) PLANE_ANGLE_UNIT() SI_UNIT($,.RADIAN.) );
#74 = ( NAMED_UNIT(*) SI_UNIT($,.STERADIAN.) SOLID_ANGLE_UNIT() );
#75 = UNCERTAINTY_MEASURE_WITH_UNIT(LENGTH_MEASURE(1.E-06),#72,
  'distance_accuracy_value','confusion accuracy');
#76 = PRODUCT_RELATED_PRODUCT_CATEGORY('part',$,(#7));
#77 = SHAPE_DEFINITION_REPRESENTATION(#78,#84);
#78 = PRODUCT_DEFINITION_SHAPE('','',#79);
#79 = PRODUCT_DEFINITION('design','',#80,#83);
#80 = PRODUCT_DEFINITION_FORMATION('','',#81);
#81 = PRODUCT('C_0603_1608Metric','C_0603_1608Metric','',(#82));
#82 = PRODUCT_CONTEXT('',#2,'mechanical');
#83 = PRODUCT_DEFINITION_CONTEXT('part definition',#2,'design');
#84 = SHAPE_REPRESENTATION('',(#11,#85),#89);
#85 = AXIS2_PLACEMENT_3D('',#86,#87,#88);
#86 = CARTESIAN_POINT('',(0.,0.,0.));
#87 = DIRECTION('',(0.,0.,1.));
#88 = DIRECTION('',(1.,0.,-0.));
#89 = ( GEOMETRIC_REPRESENTATION_CONTEXT(3) 
GLOBAL_UNCERTAINTY_ASSIGNED_CONTEXT((#93)) GLOBAL_UNIT_ASSIGNED_CONTEXT(
(#90,#91,#92)) REPRESENTATION_CONTEXT('Context #1',
  '3D Context with UNIT and UNCERTAINTY') );
#90 = ( LENGTH_UNIT() NAMED_UNIT(*) SI_UNIT(.MILLI.,.METRE.) );
#91 = ( NAMED_UNIT(*) PLANE_ANGLE_UNIT() SI_UNIT($,.RADIAN.) );
#92 = ( NAMED_UNIT(*) SI_UNIT($,.STERADIAN.) SOLID_ANGLE_UNIT() );
#93 = UNCERTAINTY_MEASURE_WITH_UNIT(LENGTH_MEASURE(1.E-07),#90,
  'distance_accuracy_value','confusion accuracy');
#94 = CONTEXT_DEPENDENT_SHAPE_REPRESENTATION(#95,#97);
#95 = ( REPRESENTATION_RELATIONSHIP('','',#84,#10) 
REPRESENTATION_RELATIONSHIP_WITH_TRANSFORMATION(#96) 
SHAPE_REPRESENTATION_RELATIONSHIP() );
#96 = ITEM_DEFINED_TRANSFORMATION('','',#11,#15);
#97 = PRODUCT_DEFINITION_SHAPE('Placement','Placement of an item',#98);
#98 = NEXT_ASSEMBLY_USAGE_OCCURRENCE('2','C19','',#5,#79,$);
#99 = PRODUCT_RELATED_PRODUCT_CATEGORY('part',$,(#81));
#100 = SHAPE_DEFINITION_REPRESENTATION(#101,#107);
#101 = PRODUCT_DEFINITION_SHAPE('','',#102);
#102 = PRODUCT_DEFINITION('design','',#103,#106);
#103 = PRODUCT_DEFINITION_FORMATION('','',#104);
#104 = PRODUCT('C_0603_1608Metric','C_0603_1608Metric','',(#105));
#105 = PRODUCT_CONTEXT('',#2,'mechanical');
#106 = PRODUCT_DEFINITION_CONTEXT('part definition',#2,'design');
#107 = ADVANCED_BREP_SHAPE_REPRESENTATION('',(#11,#108),#962);
#108 = MANIFOLD_SOLID_BREP('',#109);
#109 = CLOSED_SHELL('',(#110,#186,#217,#242,#267,#291,#315,#340,#365,
    #382,#468,#500,#524,#549,#573,#598,#622,#647,#664,#750,#781,#806,
    #831,#855,#879,#904,#929,#946));
#110 = ADVANCED_FACE('',(#111),#181,.F.);
#111 = FACE_BOUND('',#112,.F.);
#112 = EDGE_LOOP('',(#113,#123,#132,#140,#149,#157,#166,#174));
#113 = ORIENTED_EDGE('',*,*,#114,.F.);
#114 = EDGE_CURVE('',#115,#117,#119,.T.);
#115 = VERTEX_POINT('',#116);
#116 = CARTESIAN_POINT('',(-0.8,-0.4,3.E-02));
#117 = VERTEX_POINT('',#118);
#118 = CARTESIAN_POINT('',(-0.8,-0.4,0.77));
#119 = LINE('',#120,#121);
#120 = CARTESIAN_POINT('',(-0.8,-0.4,0.));
#121 = VECTOR('',#122,1.);
#122 = DIRECTION('',(0.,0.,1.));
#123 = ORIENTED_EDGE('',*,*,#124,.T.);
#124 = EDGE_CURVE('',#115,#125,#127,.T.);
#125 = VERTEX_POINT('',#126);
#126 = CARTESIAN_POINT('',(-0.8,-0.37,0.));
#127 = CIRCLE('',#128,3.E-02);
#128 = AXIS2_PLACEMENT_3D('',#129,#130,#131);
#129 = CARTESIAN_POINT('',(-0.8,-0.37,3.E-02));
#130 = DIRECTION('',(1.,0.,-0.));
#131 = DIRECTION('',(0.,0.,1.));
#132 = ORIENTED_EDGE('',*,*,#133,.T.);
#133 = EDGE_CURVE('',#125,#134,#136,.T.);
#134 = VERTEX_POINT('',#135);
#135 = CARTESIAN_POINT('',(-0.8,0.37,0.));
#136 = LINE('',#137,#138);
#137 = CARTESIAN_POINT('',(-0.8,-0.4,0.));
#138 = VECTOR('',#139,1.);
#139 = DIRECTION('',(0.,1.,0.));
#140 = ORIENTED_EDGE('',*,*,#141,.F.);
#141 = EDGE_CURVE('',#142,#134,#144,.T.);
#142 = VERTEX_POINT('',#143);
#143 = CARTESIAN_POINT('',(-0.8,0.4,3.E-02));
#144 = CIRCLE('',#145,3.E-02);
#145 = AXIS2_PLACEMENT_3D('',#146,#147,#148);
#146 = CARTESIAN_POINT('',(-0.8,0.37,3.E-02));
#147 = DIRECTION('',(-1.,0.,0.));
#148 = DIRECTION('',(0.,0.,1.));
#149 = ORIENTED_EDGE('',*,*,#150,.T.);
#150 = EDGE_CURVE('',#142,#151,#153,.T.);
#151 = VERTEX_POINT('',#152);
#152 = CARTESIAN_POINT('',(-0.8,0.4,0.77));
#153 = LINE('',#154,#155);
#154 = CARTESIAN_POINT('',(-0.8,0.4,0.));
#155 = VECTOR('',#156,1.);
#156 = DIRECTION('',(0.,0.,1.));
#157 = ORIENTED_EDGE('',*,*,#158,.T.);
#158 = EDGE_CURVE('',#151,#159,#161,.T.);
#159 = VERTEX_POINT('',#160);
#160 = CARTESIAN_POINT('',(-0.8,0.37,0.8));
#161 = CIRCLE('',#162,3.E-02);
#162 = AXIS2_PLACEMENT_3D('',#163,#164,#165);
#163 = CARTESIAN_POINT('',(-0.8,0.37,0.77));
#164 = DIRECTION('',(1.,0.,-0.));
#165 = DIRECTION('',(0.,0.,1.));
#166 = ORIENTED_EDGE('',*,*,#167,.F.);
#167 = EDGE_CURVE('',#168,#159,#170,.T.);
#168 = VERTEX_POINT('',#169);
#169 = CARTESIAN_POINT('',(-0.8,-0.37,0.8));
#170 = LINE('',#171,#172);
#171 = CARTESIAN_POINT('',(-0.8,-0.4,0.8));
#172 = VECTOR('',#173,1.);
#173 = DIRECTION('',(0.,1.,0.));
#174 = ORIENTED_EDGE('',*,*,#175,.F.);
#175 = EDGE_CURVE('',#117,#168,#176,.T.);
#176 = CIRCLE('',#177,3.E-02);
#177 = AXIS2_PLACEMENT_3D('',#178,#179,#180);
#178 = CARTESIAN_POINT('',(-0.8,-0.37,0.77));
#179 = DIRECTION('',(-1.,0.,0.));
#180 = DIRECTION('',(0.,0.,1.));
#181 = PLANE('',#182);
#182 = AXIS2_PLACEMENT_3D('',#183,#184,#185);
#183 = CARTESIAN_POINT('',(-0.8,-0.4,0.));
#184 = DIRECTION('',(1.,0.,0.));
#185 = DIRECTION('',(0.,0.,1.));
#186 = ADVANCED_FACE('',(#187),#212,.F.);
#187 = FACE_BOUND('',#188,.F.);
#188 = EDGE_LOOP('',(#189,#199,#205,#206));
#189 = ORIENTED_EDGE('',*,*,#190,.F.);
#190 = EDGE_CURVE('',#191,#193,#195,.T.);
#191 = VERTEX_POINT('',#192);
#192 = CARTESIAN_POINT('',(-0.5,-0.4,3.E-02));
#193 = VERTEX_POINT('',#194);
#194 = CARTESIAN_POINT('',(-0.5,-0.4,0.77));
#195 = LINE('',#196,#197);
#196 = CARTESIAN_POINT('',(-0.5,-0.4,0.));
#197 = VECTOR('',#198,1.);
#198 = DIRECTION('',(0.,0.,1.));
#199 = ORIENTED_EDGE('',*,*,#200,.F.);
#200 = EDGE_CURVE('',#115,#191,#201,.T.);
#201 = LINE('',#202,#203);
#202 = CARTESIAN_POINT('',(-0.8,-0.4,3.E-02));
#203 = VECTOR('',#204,1.);
#204 = DIRECTION('',(1.,0.,0.));
#205 = ORIENTED_EDGE('',*,*,#114,.T.);
#206 = ORIENTED_EDGE('',*,*,#207,.T.);
#207 = EDGE_CURVE('',#117,#193,#208,.T.);
#208 = LINE('',#209,#210);
#209 = CARTESIAN_POINT('',(-0.8,-0.4,0.77));
#210 = VECTOR('',#211,1.);
#211 = DIRECTION('',(1.,0.,0.));
#212 = PLANE('',#213);
#213 = AXIS2_PLACEMENT_3D('',#214,#215,#216);
#214 = CARTESIAN_POINT('',(-0.8,-0.4,0.));
#215 = DIRECTION('',(0.,1.,0.));
#216 = DIRECTION('',(0.,-0.,1.));
#217 = ADVANCED_FACE('',(#218),#237,.T.);
#218 = FACE_BOUND('',#219,.T.);
#219 = EDGE_LOOP('',(#220,#221,#229,#236));
#220 = ORIENTED_EDGE('',*,*,#124,.T.);
#221 = ORIENTED_EDGE('',*,*,#222,.T.);
#222 = EDGE_CURVE('',#125,#223,#225,.T.);
#223 = VERTEX_POINT('',#224);
#224 = CARTESIAN_POINT('',(-0.5,-0.37,0.));
#225 = LINE('',#226,#227);
#226 = CARTESIAN_POINT('',(-0.8,-0.37,0.));
#227 = VECTOR('',#228,1.);
#228 = DIRECTION('',(1.,0.,0.));
#229 = ORIENTED_EDGE('',*,*,#230,.F.);
#230 = EDGE_CURVE('',#191,#223,#231,.T.);
#231 = CIRCLE('',#232,3.E-02);
#232 = AXIS2_PLACEMENT_3D('',#233,#234,#235);
#233 = CARTESIAN_POINT('',(-0.5,-0.37,3.E-02));
#234 = DIRECTION('',(1.,0.,-0.));
#235 = DIRECTION('',(0.,0.,1.));
#236 = ORIENTED_EDGE('',*,*,#200,.F.);
#237 = CYLINDRICAL_SURFACE('',#238,3.E-02);
#238 = AXIS2_PLACEMENT_3D('',#239,#240,#241);
#239 = CARTESIAN_POINT('',(-0.8,-0.37,3.E-02));
#240 = DIRECTION('',(1.,0.,0.));
#241 = DIRECTION('',(0.,-1.,0.));
#242 = ADVANCED_FACE('',(#243),#262,.T.);
#243 = FACE_BOUND('',#244,.T.);
#244 = EDGE_LOOP('',(#245,#246,#255,#261));
#245 = ORIENTED_EDGE('',*,*,#207,.T.);
#246 = ORIENTED_EDGE('',*,*,#247,.T.);
#247 = EDGE_CURVE('',#193,#248,#250,.T.);
#248 = VERTEX_POINT('',#249);
#249 = CARTESIAN_POINT('',(-0.5,-0.37,0.8));
#250 = CIRCLE('',#251,3.E-02);
#251 = AXIS2_PLACEMENT_3D('',#252,#253,#254);
#252 = CARTESIAN_POINT('',(-0.5,-0.37,0.77));
#253 = DIRECTION('',(-1.,0.,0.));
#254 = DIRECTION('',(0.,0.,1.));
#255 = ORIENTED_EDGE('',*,*,#256,.F.);
#256 = EDGE_CURVE('',#168,#248,#257,.T.);
#257 = LINE('',#258,#259);
#258 = CARTESIAN_POINT('',(-0.8,-0.37,0.8));
#259 = VECTOR('',#260,1.);
#260 = DIRECTION('',(1.,0.,0.));
#261 = ORIENTED_EDGE('',*,*,#175,.F.);
#262 = CYLINDRICAL_SURFACE('',#263,3.E-02);
#263 = AXIS2_PLACEMENT_3D('',#264,#265,#266);
#264 = CARTESIAN_POINT('',(-0.8,-0.37,0.77));
#265 = DIRECTION('',(1.,0.,0.));
#266 = DIRECTION('',(0.,-1.,0.));
#267 = ADVANCED_FACE('',(#268),#286,.F.);
#268 = FACE_BOUND('',#269,.F.);
#269 = EDGE_LOOP('',(#270,#271,#272,#280));
#270 = ORIENTED_EDGE('',*,*,#133,.F.);
#271 = ORIENTED_EDGE('',*,*,#222,.T.);
#272 = ORIENTED_EDGE('',*,*,#273,.T.);
#273 = EDGE_CURVE('',#223,#274,#276,.T.);
#274 = VERTEX_POINT('',#275);
#275 = CARTESIAN_POINT('',(-0.5,0.37,0.));
#276 = LINE('',#277,#278);
#277 = CARTESIAN_POINT('',(-0.5,-0.4,0.));
#278 = VECTOR('',#279,1.);
#279 = DIRECTION('',(0.,1.,0.));
#280 = ORIENTED_EDGE('',*,*,#281,.F.);
#281 = EDGE_CURVE('',#134,#274,#282,.T.);
#282 = LINE('',#283,#284);
#283 = CARTESIAN_POINT('',(-0.8,0.37,0.));
#284 = VECTOR('',#285,1.);
#285 = DIRECTION('',(1.,0.,0.));
#286 = PLANE('',#287);
#287 = AXIS2_PLACEMENT_3D('',#288,#289,#290);
#288 = CARTESIAN_POINT('',(-0.8,-0.4,0.));
#289 = DIRECTION('',(0.,0.,1.));
#290 = DIRECTION('',(1.,0.,-0.));
#291 = ADVANCED_FACE('',(#292),#310,.T.);
#292 = FACE_BOUND('',#293,.T.);
#293 = EDGE_LOOP('',(#294,#295,#296,#304));
#294 = ORIENTED_EDGE('',*,*,#167,.F.);
#295 = ORIENTED_EDGE('',*,*,#256,.T.);
#296 = ORIENTED_EDGE('',*,*,#297,.T.);
#297 = EDGE_CURVE('',#248,#298,#300,.T.);
#298 = VERTEX_POINT('',#299);
#299 = CARTESIAN_POINT('',(-0.5,0.37,0.8));
#300 = LINE('',#301,#302);
#301 = CARTESIAN_POINT('',(-0.5,-0.4,0.8));
#302 = VECTOR('',#303,1.);
#303 = DIRECTION('',(0.,1.,0.));
#304 = ORIENTED_EDGE('',*,*,#305,.F.);
#305 = EDGE_CURVE('',#159,#298,#306,.T.);
#306 = LINE('',#307,#308);
#307 = CARTESIAN_POINT('',(-0.8,0.37,0.8));
#308 = VECTOR('',#309,1.);
#309 = DIRECTION('',(1.,0.,0.));
#310 = PLANE('',#311);
#311 = AXIS2_PLACEMENT_3D('',#312,#313,#314);
#312 = CARTESIAN_POINT('',(-0.8,-0.4,0.8));
#313 = DIRECTION('',(0.,0.,1.));
#314 = DIRECTION('',(1.,0.,-0.));
#315 = ADVANCED_FACE('',(#316),#335,.T.);
#316 = FACE_BOUND('',#317,.T.);
#317 = EDGE_LOOP('',(#318,#326,#333,#334));
#318 = ORIENTED_EDGE('',*,*,#319,.T.);
#319 = EDGE_CURVE('',#142,#320,#322,.T.);
#320 = VERTEX_POINT('',#321);
#321 = CARTESIAN_POINT('',(-0.5,0.4,3.E-02));
#322 = LINE('',#323,#324);
#323 = CARTESIAN_POINT('',(-0.8,0.4,3.E-02));
#324 = VECTOR('',#325,1.);
#325 = DIRECTION('',(1.,0.,0.));
#326 = ORIENTED_EDGE('',*,*,#327,.T.);
#327 = EDGE_CURVE('',#320,#274,#328,.T.);
#328 = CIRCLE('',#329,3.E-02);
#329 = AXIS2_PLACEMENT_3D('',#330,#331,#332);
#330 = CARTESIAN_POINT('',(-0.5,0.37,3.E-02));
#331 = DIRECTION('',(-1.,0.,0.));
#332 = DIRECTION('',(0.,0.,1.));
#333 = ORIENTED_EDGE('',*,*,#281,.F.);
#334 = ORIENTED_EDGE('',*,*,#141,.F.);
#335 = CYLINDRICAL_SURFACE('',#336,3.E-02);
#336 = AXIS2_PLACEMENT_3D('',#337,#338,#339);
#337 = CARTESIAN_POINT('',(-0.8,0.37,3.E-02));
#338 = DIRECTION('',(1.,0.,0.));
#339 = DIRECTION('',(-0.,1.,0.));
#340 = ADVANCED_FACE('',(#341),#360,.T.);
#341 = FACE_BOUND('',#342,.T.);
#342 = EDGE_LOOP('',(#343,#344,#345,#354));
#343 = ORIENTED_EDGE('',*,*,#158,.T.);
#344 = ORIENTED_EDGE('',*,*,#305,.T.);
#345 = ORIENTED_EDGE('',*,*,#346,.F.);
#346 = EDGE_CURVE('',#347,#298,#349,.T.);
#347 = VERTEX_POINT('',#348);
#348 = CARTESIAN_POINT('',(-0.5,0.4,0.77));
#349 = CIRCLE('',#350,3.E-02);
#350 = AXIS2_PLACEMENT_3D('',#351,#352,#353);
#351 = CARTESIAN_POINT('',(-0.5,0.37,0.77));
#352 = DIRECTION('',(1.,0.,-0.));
#353 = DIRECTION('',(0.,0.,1.));
#354 = ORIENTED_EDGE('',*,*,#355,.F.);
#355 = EDGE_CURVE('',#151,#347,#356,.T.);
#356 = LINE('',#357,#358);
#357 = CARTESIAN_POINT('',(-0.8,0.4,0.77));
#358 = VECTOR('',#359,1.);
#359 = DIRECTION('',(1.,0.,0.));
#360 = CYLINDRICAL_SURFACE('',#361,3.E-02);
#361 = AXIS2_PLACEMENT_3D('',#362,#363,#364);
#362 = CARTESIAN_POINT('',(-0.8,0.37,0.77));
#363 = DIRECTION('',(1.,0.,0.));
#364 = DIRECTION('',(-0.,1.,0.));
#365 = ADVANCED_FACE('',(#366),#377,.T.);
#366 = FACE_BOUND('',#367,.T.);
#367 = EDGE_LOOP('',(#368,#374,#375,#376));
#368 = ORIENTED_EDGE('',*,*,#369,.F.);
#369 = EDGE_CURVE('',#320,#347,#370,.T.);
#370 = LINE('',#371,#372);
#371 = CARTESIAN_POINT('',(-0.5,0.4,0.));
#372 = VECTOR('',#373,1.);
#373 = DIRECTION('',(0.,0.,1.));
#374 = ORIENTED_EDGE('',*,*,#319,.F.);
#375 = ORIENTED_EDGE('',*,*,#150,.T.);
#376 = ORIENTED_EDGE('',*,*,#355,.T.);
#377 = PLANE('',#378);
#378 = AXIS2_PLACEMENT_3D('',#379,#380,#381);
#379 = CARTESIAN_POINT('',(-0.8,0.4,0.));
#380 = DIRECTION('',(0.,1.,0.));
#381 = DIRECTION('',(0.,-0.,1.));
#382 = ADVANCED_FACE('',(#383,#393),#463,.T.);
#383 = FACE_BOUND('',#384,.T.);
#384 = EDGE_LOOP('',(#385,#386,#387,#388,#389,#390,#391,#392));
#385 = ORIENTED_EDGE('',*,*,#190,.F.);
#386 = ORIENTED_EDGE('',*,*,#230,.T.);
#387 = ORIENTED_EDGE('',*,*,#273,.T.);
#388 = ORIENTED_EDGE('',*,*,#327,.F.);
#389 = ORIENTED_EDGE('',*,*,#369,.T.);
#390 = ORIENTED_EDGE('',*,*,#346,.T.);
#391 = ORIENTED_EDGE('',*,*,#297,.F.);
#392 = ORIENTED_EDGE('',*,*,#247,.F.);
#393 = FACE_BOUND('',#394,.T.);
#394 = EDGE_LOOP('',(#395,#406,#414,#423,#431,#440,#448,#457));
#395 = ORIENTED_EDGE('',*,*,#396,.F.);
#396 = EDGE_CURVE('',#397,#399,#401,.T.);
#397 = VERTEX_POINT('',#398);
#398 = CARTESIAN_POINT('',(-0.5,-0.37,6.E-02));
#399 = VERTEX_POINT('',#400);
#400 = CARTESIAN_POINT('',(-0.5,-0.34,3.E-02));
#401 = CIRCLE('',#402,3.E-02);
#402 = AXIS2_PLACEMENT_3D('',#403,#404,#405);
#403 = CARTESIAN_POINT('',(-0.5,-0.34,6.E-02));
#404 = DIRECTION('',(1.,0.,-0.));
#405 = DIRECTION('',(0.,0.,1.));
#406 = ORIENTED_EDGE('',*,*,#407,.T.);
#407 = EDGE_CURVE('',#397,#408,#410,.T.);
#408 = VERTEX_POINT('',#409);
#409 = CARTESIAN_POINT('',(-0.5,-0.37,0.74));
#410 = LINE('',#411,#412);
#411 = CARTESIAN_POINT('',(-0.5,-0.37,3.E-02));
#412 = VECTOR('',#413,1.);
#413 = DIRECTION('',(0.,0.,1.));
#414 = ORIENTED_EDGE('',*,*,#415,.T.);
#415 = EDGE_CURVE('',#408,#416,#418,.T.);
#416 = VERTEX_POINT('',#417);
#417 = CARTESIAN_POINT('',(-0.5,-0.34,0.77));
#418 = CIRCLE('',#419,3.E-02);
#419 = AXIS2_PLACEMENT_3D('',#420,#421,#422);
#420 = CARTESIAN_POINT('',(-0.5,-0.34,0.74));
#421 = DIRECTION('',(-1.,0.,0.));
#422 = DIRECTION('',(0.,0.,1.));
#423 = ORIENTED_EDGE('',*,*,#424,.T.);
#424 = EDGE_CURVE('',#416,#425,#427,.T.);
#425 = VERTEX_POINT('',#426);
#426 = CARTESIAN_POINT('',(-0.5,0.34,0.77));
#427 = LINE('',#428,#429);
#428 = CARTESIAN_POINT('',(-0.5,-0.37,0.77));
#429 = VECTOR('',#430,1.);
#430 = DIRECTION('',(0.,1.,0.));
#431 = ORIENTED_EDGE('',*,*,#432,.F.);
#432 = EDGE_CURVE('',#433,#425,#435,.T.);
#433 = VERTEX_POINT('',#434);
#434 = CARTESIAN_POINT('',(-0.5,0.37,0.74));
#435 = CIRCLE('',#436,3.E-02);
#436 = AXIS2_PLACEMENT_3D('',#437,#438,#439);
#437 = CARTESIAN_POINT('',(-0.5,0.34,0.74));
#438 = DIRECTION('',(1.,0.,-0.));
#439 = DIRECTION('',(0.,0.,1.));
#440 = ORIENTED_EDGE('',*,*,#441,.F.);
#441 = EDGE_CURVE('',#442,#433,#444,.T.);
#442 = VERTEX_POINT('',#443);
#443 = CARTESIAN_POINT('',(-0.5,0.37,6.E-02));
#444 = LINE('',#445,#446);
#445 = CARTESIAN_POINT('',(-0.5,0.37,3.E-02));
#446 = VECTOR('',#447,1.);
#447 = DIRECTION('',(0.,0.,1.));
#448 = ORIENTED_EDGE('',*,*,#449,.T.);
#449 = EDGE_CURVE('',#442,#450,#452,.T.);
#450 = VERTEX_POINT('',#451);
#451 = CARTESIAN_POINT('',(-0.5,0.34,3.E-02));
#452 = CIRCLE('',#453,3.E-02);
#453 = AXIS2_PLACEMENT_3D('',#454,#455,#456);
#454 = CARTESIAN_POINT('',(-0.5,0.34,6.E-02));
#455 = DIRECTION('',(-1.,0.,0.));
#456 = DIRECTION('',(0.,0.,1.));
#457 = ORIENTED_EDGE('',*,*,#458,.F.);
#458 = EDGE_CURVE('',#399,#450,#459,.T.);
#459 = LINE('',#460,#461);
#460 = CARTESIAN_POINT('',(-0.5,-0.37,3.E-02));
#461 = VECTOR('',#462,1.);
#462 = DIRECTION('',(0.,1.,0.));
#463 = PLANE('',#464);
#464 = AXIS2_PLACEMENT_3D('',#465,#466,#467);
#465 = CARTESIAN_POINT('',(-0.5,-0.4,0.));
#466 = DIRECTION('',(1.,0.,0.));
#467 = DIRECTION('',(0.,0.,1.));
#468 = ADVANCED_FACE('',(#469),#495,.T.);
#469 = FACE_BOUND('',#470,.T.);
#470 = EDGE_LOOP('',(#471,#472,#480,#489));
#471 = ORIENTED_EDGE('',*,*,#396,.T.);
#472 = ORIENTED_EDGE('',*,*,#473,.T.);
#473 = EDGE_CURVE('',#399,#474,#476,.T.);
#474 = VERTEX_POINT('',#475);
#475 = CARTESIAN_POINT('',(0.5,-0.34,3.E-02));
#476 = LINE('',#477,#478);
#477 = CARTESIAN_POINT('',(-0.5,-0.34,3.E-02));
#478 = VECTOR('',#479,1.);
#479 = DIRECTION('',(1.,0.,0.));
#480 = ORIENTED_EDGE('',*,*,#481,.F.);
#481 = EDGE_CURVE('',#482,#474,#484,.T.);
#482 = VERTEX_POINT('',#483);
#483 = CARTESIAN_POINT('',(0.5,-0.37,6.E-02));
#484 = CIRCLE('',#485,3.E-02);
#485 = AXIS2_PLACEMENT_3D('',#486,#487,#488);
#486 = CARTESIAN_POINT('',(0.5,-0.34,6.E-02));
#487 = DIRECTION('',(1.,0.,-0.));
#488 = DIRECTION('',(0.,0.,1.));
#489 = ORIENTED_EDGE('',*,*,#490,.F.);
#490 = EDGE_CURVE('',#397,#482,#491,.T.);
#491 = LINE('',#492,#493);
#492 = CARTESIAN_POINT('',(-0.5,-0.37,6.E-02));
#493 = VECTOR('',#494,1.);
#494 = DIRECTION('',(1.,0.,0.));
#495 = CYLINDRICAL_SURFACE('',#496,3.E-02);
#496 = AXIS2_PLACEMENT_3D('',#497,#498,#499);
#497 = CARTESIAN_POINT('',(-0.5,-0.34,6.E-02));
#498 = DIRECTION('',(1.,0.,0.));
#499 = DIRECTION('',(0.,-1.,0.));
#500 = ADVANCED_FACE('',(#501),#519,.F.);
#501 = FACE_BOUND('',#502,.F.);
#502 = EDGE_LOOP('',(#503,#504,#505,#513));
#503 = ORIENTED_EDGE('',*,*,#458,.F.);
#504 = ORIENTED_EDGE('',*,*,#473,.T.);
#505 = ORIENTED_EDGE('',*,*,#506,.T.);
#506 = EDGE_CURVE('',#474,#507,#509,.T.);
#507 = VERTEX_POINT('',#508);
#508 = CARTESIAN_POINT('',(0.5,0.34,3.E-02));
#509 = LINE('',#510,#511);
#510 = CARTESIAN_POINT('',(0.5,-0.37,3.E-02));
#511 = VECTOR('',#512,1.);
#512 = DIRECTION('',(0.,1.,0.));
#513 = ORIENTED_EDGE('',*,*,#514,.F.);
#514 = EDGE_CURVE('',#450,#507,#515,.T.);
#515 = LINE('',#516,#517);
#516 = CARTESIAN_POINT('',(-0.5,0.34,3.E-02));
#517 = VECTOR('',#518,1.);
#518 = DIRECTION('',(1.,0.,0.));
#519 = PLANE('',#520);
#520 = AXIS2_PLACEMENT_3D('',#521,#522,#523);
#521 = CARTESIAN_POINT('',(-0.5,-0.37,3.E-02));
#522 = DIRECTION('',(0.,0.,1.));
#523 = DIRECTION('',(1.,0.,-0.));
#524 = ADVANCED_FACE('',(#525),#544,.T.);
#525 = FACE_BOUND('',#526,.T.);
#526 = EDGE_LOOP('',(#527,#535,#542,#543));
#527 = ORIENTED_EDGE('',*,*,#528,.T.);
#528 = EDGE_CURVE('',#442,#529,#531,.T.);
#529 = VERTEX_POINT('',#530);
#530 = CARTESIAN_POINT('',(0.5,0.37,6.E-02));
#531 = LINE('',#532,#533);
#532 = CARTESIAN_POINT('',(-0.5,0.37,6.E-02));
#533 = VECTOR('',#534,1.);
#534 = DIRECTION('',(1.,0.,0.));
#535 = ORIENTED_EDGE('',*,*,#536,.T.);
#536 = EDGE_CURVE('',#529,#507,#537,.T.);
#537 = CIRCLE('',#538,3.E-02);
#538 = AXIS2_PLACEMENT_3D('',#539,#540,#541);
#539 = CARTESIAN_POINT('',(0.5,0.34,6.E-02));
#540 = DIRECTION('',(-1.,0.,0.));
#541 = DIRECTION('',(0.,0.,1.));
#542 = ORIENTED_EDGE('',*,*,#514,.F.);
#543 = ORIENTED_EDGE('',*,*,#449,.F.);
#544 = CYLINDRICAL_SURFACE('',#545,3.E-02);
#545 = AXIS2_PLACEMENT_3D('',#546,#547,#548);
#546 = CARTESIAN_POINT('',(-0.5,0.34,6.E-02));
#547 = DIRECTION('',(1.,0.,0.));
#548 = DIRECTION('',(-0.,1.,0.));
#549 = ADVANCED_FACE('',(#550),#568,.T.);
#550 = FACE_BOUND('',#551,.T.);
#551 = EDGE_LOOP('',(#552,#560,#561,#562));
#552 = ORIENTED_EDGE('',*,*,#553,.F.);
#553 = EDGE_CURVE('',#529,#554,#556,.T.);
#554 = VERTEX_POINT('',#555);
#555 = CARTESIAN_POINT('',(0.5,0.37,0.74));
#556 = LINE('',#557,#558);
#557 = CARTESIAN_POINT('',(0.5,0.37,3.E-02));
#558 = VECTOR('',#559,1.);
#559 = DIRECTION('',(0.,0.,1.));
#560 = ORIENTED_EDGE('',*,*,#528,.F.);
#561 = ORIENTED_EDGE('',*,*,#441,.T.);
#562 = ORIENTED_EDGE('',*,*,#563,.T.);
#563 = EDGE_CURVE('',#433,#554,#564,.T.);
#564 = LINE('',#565,#566);
#565 = CARTESIAN_POINT('',(-0.5,0.37,0.74));
#566 = VECTOR('',#567,1.);
#567 = DIRECTION('',(1.,0.,0.));
#568 = PLANE('',#569);
#569 = AXIS2_PLACEMENT_3D('',#570,#571,#572);
#570 = CARTESIAN_POINT('',(-0.5,0.37,3.E-02));
#571 = DIRECTION('',(0.,1.,0.));
#572 = DIRECTION('',(0.,-0.,1.));
#573 = ADVANCED_FACE('',(#574),#593,.T.);
#574 = FACE_BOUND('',#575,.T.);
#575 = EDGE_LOOP('',(#576,#577,#585,#592));
#576 = ORIENTED_EDGE('',*,*,#432,.T.);
#577 = ORIENTED_EDGE('',*,*,#578,.T.);
#578 = EDGE_CURVE('',#425,#579,#581,.T.);
#579 = VERTEX_POINT('',#580);
#580 = CARTESIAN_POINT('',(0.5,0.34,0.77));
#581 = LINE('',#582,#583);
#582 = CARTESIAN_POINT('',(-0.5,0.34,0.77));
#583 = VECTOR('',#584,1.);
#584 = DIRECTION('',(1.,0.,0.));
#585 = ORIENTED_EDGE('',*,*,#586,.F.);
#586 = EDGE_CURVE('',#554,#579,#587,.T.);
#587 = CIRCLE('',#588,3.E-02);
#588 = AXIS2_PLACEMENT_3D('',#589,#590,#591);
#589 = CARTESIAN_POINT('',(0.5,0.34,0.74));
#590 = DIRECTION('',(1.,0.,-0.));
#591 = DIRECTION('',(0.,0.,1.));
#592 = ORIENTED_EDGE('',*,*,#563,.F.);
#593 = CYLINDRICAL_SURFACE('',#594,3.E-02);
#594 = AXIS2_PLACEMENT_3D('',#595,#596,#597);
#595 = CARTESIAN_POINT('',(-0.5,0.34,0.74));
#596 = DIRECTION('',(1.,0.,0.));
#597 = DIRECTION('',(-0.,1.,0.));
#598 = ADVANCED_FACE('',(#599),#617,.T.);
#599 = FACE_BOUND('',#600,.T.);
#600 = EDGE_LOOP('',(#601,#602,#610,#616));
#601 = ORIENTED_EDGE('',*,*,#424,.F.);
#602 = ORIENTED_EDGE('',*,*,#603,.T.);
#603 = EDGE_CURVE('',#416,#604,#606,.T.);
#604 = VERTEX_POINT('',#605);
#605 = CARTESIAN_POINT('',(0.5,-0.34,0.77));
#606 = LINE('',#607,#608);
#607 = CARTESIAN_POINT('',(-0.5,-0.34,0.77));
#608 = VECTOR('',#609,1.);
#609 = DIRECTION('',(1.,0.,0.));
#610 = ORIENTED_EDGE('',*,*,#611,.T.);
#611 = EDGE_CURVE('',#604,#579,#612,.T.);
#612 = LINE('',#613,#614);
#613 = CARTESIAN_POINT('',(0.5,-0.37,0.77));
#614 = VECTOR('',#615,1.);
#615 = DIRECTION('',(0.,1.,0.));
#616 = ORIENTED_EDGE('',*,*,#578,.F.);
#617 = PLANE('',#618);
#618 = AXIS2_PLACEMENT_3D('',#619,#620,#621);
#619 = CARTESIAN_POINT('',(-0.5,-0.37,0.77));
#620 = DIRECTION('',(0.,0.,1.));
#621 = DIRECTION('',(1.,0.,-0.));
#622 = ADVANCED_FACE('',(#623),#642,.T.);
#623 = FACE_BOUND('',#624,.T.);
#624 = EDGE_LOOP('',(#625,#633,#640,#641));
#625 = ORIENTED_EDGE('',*,*,#626,.T.);
#626 = EDGE_CURVE('',#408,#627,#629,.T.);
#627 = VERTEX_POINT('',#628);
#628 = CARTESIAN_POINT('',(0.5,-0.37,0.74));
#629 = LINE('',#630,#631);
#630 = CARTESIAN_POINT('',(-0.5,-0.37,0.74));
#631 = VECTOR('',#632,1.);
#632 = DIRECTION('',(1.,0.,0.));
#633 = ORIENTED_EDGE('',*,*,#634,.T.);
#634 = EDGE_CURVE('',#627,#604,#635,.T.);
#635 = CIRCLE('',#636,3.E-02);
#636 = AXIS2_PLACEMENT_3D('',#637,#638,#639);
#637 = CARTESIAN_POINT('',(0.5,-0.34,0.74));
#638 = DIRECTION('',(-1.,0.,0.));
#639 = DIRECTION('',(0.,0.,1.));
#640 = ORIENTED_EDGE('',*,*,#603,.F.);
#641 = ORIENTED_EDGE('',*,*,#415,.F.);
#642 = CYLINDRICAL_SURFACE('',#643,3.E-02);
#643 = AXIS2_PLACEMENT_3D('',#644,#645,#646);
#644 = CARTESIAN_POINT('',(-0.5,-0.34,0.74));
#645 = DIRECTION('',(1.,0.,0.));
#646 = DIRECTION('',(0.,-1.,0.));
#647 = ADVANCED_FACE('',(#648),#659,.F.);
#648 = FACE_BOUND('',#649,.F.);
#649 = EDGE_LOOP('',(#650,#656,#657,#658));
#650 = ORIENTED_EDGE('',*,*,#651,.F.);
#651 = EDGE_CURVE('',#482,#627,#652,.T.);
#652 = LINE('',#653,#654);
#653 = CARTESIAN_POINT('',(0.5,-0.37,3.E-02));
#654 = VECTOR('',#655,1.);
#655 = DIRECTION('',(0.,0.,1.));
#656 = ORIENTED_EDGE('',*,*,#490,.F.);
#657 = ORIENTED_EDGE('',*,*,#407,.T.);
#658 = ORIENTED_EDGE('',*,*,#626,.T.);
#659 = PLANE('',#660);
#660 = AXIS2_PLACEMENT_3D('',#661,#662,#663);
#661 = CARTESIAN_POINT('',(-0.5,-0.37,3.E-02));
#662 = DIRECTION('',(0.,1.,0.));
#663 = DIRECTION('',(0.,-0.,1.));
#664 = ADVANCED_FACE('',(#665,#735),#745,.F.);
#665 = FACE_BOUND('',#666,.F.);
#666 = EDGE_LOOP('',(#667,#677,#686,#694,#703,#711,#720,#728));
#667 = ORIENTED_EDGE('',*,*,#668,.F.);
#668 = EDGE_CURVE('',#669,#671,#673,.T.);
#669 = VERTEX_POINT('',#670);
#670 = CARTESIAN_POINT('',(0.5,-0.4,3.E-02));
#671 = VERTEX_POINT('',#672);
#672 = CARTESIAN_POINT('',(0.5,-0.4,0.77));
#673 = LINE('',#674,#675);
#674 = CARTESIAN_POINT('',(0.5,-0.4,0.));
#675 = VECTOR('',#676,1.);
#676 = DIRECTION('',(0.,0.,1.));
#677 = ORIENTED_EDGE('',*,*,#678,.T.);
#678 = EDGE_CURVE('',#669,#679,#681,.T.);
#679 = VERTEX_POINT('',#680);
#680 = CARTESIAN_POINT('',(0.5,-0.37,0.));
#681 = CIRCLE('',#682,3.E-02);
#682 = AXIS2_PLACEMENT_3D('',#683,#684,#685);
#683 = CARTESIAN_POINT('',(0.5,-0.37,3.E-02));
#684 = DIRECTION('',(1.,0.,-0.));
#685 = DIRECTION('',(0.,0.,1.));
#686 = ORIENTED_EDGE('',*,*,#687,.T.);
#687 = EDGE_CURVE('',#679,#688,#690,.T.);
#688 = VERTEX_POINT('',#689);
#689 = CARTESIAN_POINT('',(0.5,0.37,0.));
#690 = LINE('',#691,#692);
#691 = CARTESIAN_POINT('',(0.5,-0.4,0.));
#692 = VECTOR('',#693,1.);
#693 = DIRECTION('',(0.,1.,0.));
#694 = ORIENTED_EDGE('',*,*,#695,.F.);
#695 = EDGE_CURVE('',#696,#688,#698,.T.);
#696 = VERTEX_POINT('',#697);
#697 = CARTESIAN_POINT('',(0.5,0.4,3.E-02));
#698 = CIRCLE('',#699,3.E-02);
#699 = AXIS2_PLACEMENT_3D('',#700,#701,#702);
#700 = CARTESIAN_POINT('',(0.5,0.37,3.E-02));
#701 = DIRECTION('',(-1.,0.,0.));
#702 = DIRECTION('',(0.,0.,1.));
#703 = ORIENTED_EDGE('',*,*,#704,.T.);
#704 = EDGE_CURVE('',#696,#705,#707,.T.);
#705 = VERTEX_POINT('',#706);
#706 = CARTESIAN_POINT('',(0.5,0.4,0.77));
#707 = LINE('',#708,#709);
#708 = CARTESIAN_POINT('',(0.5,0.4,0.));
#709 = VECTOR('',#710,1.);
#710 = DIRECTION('',(0.,0.,1.));
#711 = ORIENTED_EDGE('',*,*,#712,.T.);
#712 = EDGE_CURVE('',#705,#713,#715,.T.);
#713 = VERTEX_POINT('',#714);
#714 = CARTESIAN_POINT('',(0.5,0.37,0.8));
#715 = CIRCLE('',#716,3.E-02);
#716 = AXIS2_PLACEMENT_3D('',#717,#718,#719);
#717 = CARTESIAN_POINT('',(0.5,0.37,0.77));
#718 = DIRECTION('',(1.,0.,-0.));
#719 = DIRECTION('',(0.,0.,1.));
#720 = ORIENTED_EDGE('',*,*,#721,.F.);
#721 = EDGE_CURVE('',#722,#713,#724,.T.);
#722 = VERTEX_POINT('',#723);
#723 = CARTESIAN_POINT('',(0.5,-0.37,0.8));
#724 = LINE('',#725,#726);
#725 = CARTESIAN_POINT('',(0.5,-0.4,0.8));
#726 = VECTOR('',#727,1.);
#727 = DIRECTION('',(0.,1.,0.));
#728 = ORIENTED_EDGE('',*,*,#729,.F.);
#729 = EDGE_CURVE('',#671,#722,#730,.T.);
#730 = CIRCLE('',#731,3.E-02);
#731 = AXIS2_PLACEMENT_3D('',#732,#733,#734);
#732 = CARTESIAN_POINT('',(0.5,-0.37,0.77));
#733 = DIRECTION('',(-1.,0.,0.));
#734 = DIRECTION('',(0.,0.,1.));
#735 = FACE_BOUND('',#736,.F.);
#736 = EDGE_LOOP('',(#737,#738,#739,#740,#741,#742,#743,#744));
#737 = ORIENTED_EDGE('',*,*,#481,.F.);
#738 = ORIENTED_EDGE('',*,*,#651,.T.);
#739 = ORIENTED_EDGE('',*,*,#634,.T.);
#740 = ORIENTED_EDGE('',*,*,#611,.T.);
#741 = ORIENTED_EDGE('',*,*,#586,.F.);
#742 = ORIENTED_EDGE('',*,*,#553,.F.);
#743 = ORIENTED_EDGE('',*,*,#536,.T.);
#744 = ORIENTED_EDGE('',*,*,#506,.F.);
#745 = PLANE('',#746);
#746 = AXIS2_PLACEMENT_3D('',#747,#748,#749);
#747 = CARTESIAN_POINT('',(0.5,-0.4,0.));
#748 = DIRECTION('',(1.,0.,0.));
#749 = DIRECTION('',(0.,0.,1.));
#750 = ADVANCED_FACE('',(#751),#776,.F.);
#751 = FACE_BOUND('',#752,.F.);
#752 = EDGE_LOOP('',(#753,#763,#769,#770));
#753 = ORIENTED_EDGE('',*,*,#754,.F.);
#754 = EDGE_CURVE('',#755,#757,#759,.T.);
#755 = VERTEX_POINT('',#756);
#756 = CARTESIAN_POINT('',(0.8,-0.4,3.E-02));
#757 = VERTEX_POINT('',#758);
#758 = CARTESIAN_POINT('',(0.8,-0.4,0.77));
#759 = LINE('',#760,#761);
#760 = CARTESIAN_POINT('',(0.8,-0.4,0.));
#761 = VECTOR('',#762,1.);
#762 = DIRECTION('',(0.,0.,1.));
#763 = ORIENTED_EDGE('',*,*,#764,.F.);
#764 = EDGE_CURVE('',#669,#755,#765,.T.);
#765 = LINE('',#766,#767);
#766 = CARTESIAN_POINT('',(0.5,-0.4,3.E-02));
#767 = VECTOR('',#768,1.);
#768 = DIRECTION('',(1.,0.,0.));
#769 = ORIENTED_EDGE('',*,*,#668,.T.);
#770 = ORIENTED_EDGE('',*,*,#771,.T.);
#771 = EDGE_CURVE('',#671,#757,#772,.T.);
#772 = LINE('',#773,#774);
#773 = CARTESIAN_POINT('',(0.5,-0.4,0.77));
#774 = VECTOR('',#775,1.);
#775 = DIRECTION('',(1.,0.,0.));
#776 = PLANE('',#777);
#777 = AXIS2_PLACEMENT_3D('',#778,#779,#780);
#778 = CARTESIAN_POINT('',(0.5,-0.4,0.));
#779 = DIRECTION('',(0.,1.,0.));
#780 = DIRECTION('',(0.,-0.,1.));
#781 = ADVANCED_FACE('',(#782),#801,.T.);
#782 = FACE_BOUND('',#783,.T.);
#783 = EDGE_LOOP('',(#784,#785,#793,#800));
#784 = ORIENTED_EDGE('',*,*,#678,.T.);
#785 = ORIENTED_EDGE('',*,*,#786,.T.);
#786 = EDGE_CURVE('',#679,#787,#789,.T.);
#787 = VERTEX_POINT('',#788);
#788 = CARTESIAN_POINT('',(0.8,-0.37,0.));
#789 = LINE('',#790,#791);
#790 = CARTESIAN_POINT('',(0.5,-0.37,0.));
#791 = VECTOR('',#792,1.);
#792 = DIRECTION('',(1.,0.,0.));
#793 = ORIENTED_EDGE('',*,*,#794,.F.);
#794 = EDGE_CURVE('',#755,#787,#795,.T.);
#795 = CIRCLE('',#796,3.E-02);
#796 = AXIS2_PLACEMENT_3D('',#797,#798,#799);
#797 = CARTESIAN_POINT('',(0.8,-0.37,3.E-02));
#798 = DIRECTION('',(1.,0.,-0.));
#799 = DIRECTION('',(0.,0.,1.));
#800 = ORIENTED_EDGE('',*,*,#764,.F.);
#801 = CYLINDRICAL_SURFACE('',#802,3.E-02);
#802 = AXIS2_PLACEMENT_3D('',#803,#804,#805);
#803 = CARTESIAN_POINT('',(0.5,-0.37,3.E-02));
#804 = DIRECTION('',(1.,0.,0.));
#805 = DIRECTION('',(0.,-1.,0.));
#806 = ADVANCED_FACE('',(#807),#826,.T.);
#807 = FACE_BOUND('',#808,.T.);
#808 = EDGE_LOOP('',(#809,#810,#819,#825));
#809 = ORIENTED_EDGE('',*,*,#771,.T.);
#810 = ORIENTED_EDGE('',*,*,#811,.T.);
#811 = EDGE_CURVE('',#757,#812,#814,.T.);
#812 = VERTEX_POINT('',#813);
#813 = CARTESIAN_POINT('',(0.8,-0.37,0.8));
#814 = CIRCLE('',#815,3.E-02);
#815 = AXIS2_PLACEMENT_3D('',#816,#817,#818);
#816 = CARTESIAN_POINT('',(0.8,-0.37,0.77));
#817 = DIRECTION('',(-1.,0.,0.));
#818 = DIRECTION('',(0.,0.,1.));
#819 = ORIENTED_EDGE('',*,*,#820,.F.);
#820 = EDGE_CURVE('',#722,#812,#821,.T.);
#821 = LINE('',#822,#823);
#822 = CARTESIAN_POINT('',(0.5,-0.37,0.8));
#823 = VECTOR('',#824,1.);
#824 = DIRECTION('',(1.,0.,0.));
#825 = ORIENTED_EDGE('',*,*,#729,.F.);
#826 = CYLINDRICAL_SURFACE('',#827,3.E-02);
#827 = AXIS2_PLACEMENT_3D('',#828,#829,#830);
#828 = CARTESIAN_POINT('',(0.5,-0.37,0.77));
#829 = DIRECTION('',(1.,0.,0.));
#830 = DIRECTION('',(0.,-1.,0.));
#831 = ADVANCED_FACE('',(#832),#850,.F.);
#832 = FACE_BOUND('',#833,.F.);
#833 = EDGE_LOOP('',(#834,#835,#836,#844));
#834 = ORIENTED_EDGE('',*,*,#687,.F.);
#835 = ORIENTED_EDGE('',*,*,#786,.T.);
#836 = ORIENTED_EDGE('',*,*,#837,.T.);
#837 = EDGE_CURVE('',#787,#838,#840,.T.);
#838 = VERTEX_POINT('',#839);
#839 = CARTESIAN_POINT('',(0.8,0.37,0.));
#840 = LINE('',#841,#842);
#841 = CARTESIAN_POINT('',(0.8,-0.4,0.));
#842 = VECTOR('',#843,1.);
#843 = DIRECTION('',(0.,1.,0.));
#844 = ORIENTED_EDGE('',*,*,#845,.F.);
#845 = EDGE_CURVE('',#688,#838,#846,.T.);
#846 = LINE('',#847,#848);
#847 = CARTESIAN_POINT('',(0.5,0.37,0.));
#848 = VECTOR('',#849,1.);
#849 = DIRECTION('',(1.,0.,0.));
#850 = PLANE('',#851);
#851 = AXIS2_PLACEMENT_3D('',#852,#853,#854);
#852 = CARTESIAN_POINT('',(0.5,-0.4,0.));
#853 = DIRECTION('',(0.,0.,1.));
#854 = DIRECTION('',(1.,0.,-0.));
#855 = ADVANCED_FACE('',(#856),#874,.T.);
#856 = FACE_BOUND('',#857,.T.);
#857 = EDGE_LOOP('',(#858,#859,#860,#868));
#858 = ORIENTED_EDGE('',*,*,#721,.F.);
#859 = ORIENTED_EDGE('',*,*,#820,.T.);
#860 = ORIENTED_EDGE('',*,*,#861,.T.);
#861 = EDGE_CURVE('',#812,#862,#864,.T.);
#862 = VERTEX_POINT('',#863);
#863 = CARTESIAN_POINT('',(0.8,0.37,0.8));
#864 = LINE('',#865,#866);
#865 = CARTESIAN_POINT('',(0.8,-0.4,0.8));
#866 = VECTOR('',#867,1.);
#867 = DIRECTION('',(0.,1.,0.));
#868 = ORIENTED_EDGE('',*,*,#869,.F.);
#869 = EDGE_CURVE('',#713,#862,#870,.T.);
#870 = LINE('',#871,#872);
#871 = CARTESIAN_POINT('',(0.5,0.37,0.8));
#872 = VECTOR('',#873,1.);
#873 = DIRECTION('',(1.,0.,0.));
#874 = PLANE('',#875);
#875 = AXIS2_PLACEMENT_3D('',#876,#877,#878);
#876 = CARTESIAN_POINT('',(0.5,-0.4,0.8));
#877 = DIRECTION('',(0.,0.,1.));
#878 = DIRECTION('',(1.,0.,-0.));
#879 = ADVANCED_FACE('',(#880),#899,.T.);
#880 = FACE_BOUND('',#881,.T.);
#881 = EDGE_LOOP('',(#882,#890,#897,#898));
#882 = ORIENTED_EDGE('',*,*,#883,.T.);
#883 = EDGE_CURVE('',#696,#884,#886,.T.);
#884 = VERTEX_POINT('',#885);
#885 = CARTESIAN_POINT('',(0.8,0.4,3.E-02));
#886 = LINE('',#887,#888);
#887 = CARTESIAN_POINT('',(0.5,0.4,3.E-02));
#888 = VECTOR('',#889,1.);
#889 = DIRECTION('',(1.,0.,0.));
#890 = ORIENTED_EDGE('',*,*,#891,.T.);
#891 = EDGE_CURVE('',#884,#838,#892,.T.);
#892 = CIRCLE('',#893,3.E-02);
#893 = AXIS2_PLACEMENT_3D('',#894,#895,#896);
#894 = CARTESIAN_POINT('',(0.8,0.37,3.E-02));
#895 = DIRECTION('',(-1.,0.,0.));
#896 = DIRECTION('',(0.,0.,1.));
#897 = ORIENTED_EDGE('',*,*,#845,.F.);
#898 = ORIENTED_EDGE('',*,*,#695,.F.);
#899 = CYLINDRICAL_SURFACE('',#900,3.E-02);
#900 = AXIS2_PLACEMENT_3D('',#901,#902,#903);
#901 = CARTESIAN_POINT('',(0.5,0.37,3.E-02));
#902 = DIRECTION('',(1.,0.,0.));
#903 = DIRECTION('',(-0.,1.,0.));
#904 = ADVANCED_FACE('',(#905),#924,.T.);
#905 = FACE_BOUND('',#906,.T.);
#906 = EDGE_LOOP('',(#907,#908,#909,#918));
#907 = ORIENTED_EDGE('',*,*,#712,.T.);
#908 = ORIENTED_EDGE('',*,*,#869,.T.);
#909 = ORIENTED_EDGE('',*,*,#910,.F.);
#910 = EDGE_CURVE('',#911,#862,#913,.T.);
#911 = VERTEX_POINT('',#912);
#912 = CARTESIAN_POINT('',(0.8,0.4,0.77));
#913 = CIRCLE('',#914,3.E-02);
#914 = AXIS2_PLACEMENT_3D('',#915,#916,#917);
#915 = CARTESIAN_POINT('',(0.8,0.37,0.77));
#916 = DIRECTION('',(1.,0.,-0.));
#917 = DIRECTION('',(0.,0.,1.));
#918 = ORIENTED_EDGE('',*,*,#919,.F.);
#919 = EDGE_CURVE('',#705,#911,#920,.T.);
#920 = LINE('',#921,#922);
#921 = CARTESIAN_POINT('',(0.5,0.4,0.77));
#922 = VECTOR('',#923,1.);
#923 = DIRECTION('',(1.,0.,0.));
#924 = CYLINDRICAL_SURFACE('',#925,3.E-02);
#925 = AXIS2_PLACEMENT_3D('',#926,#927,#928);
#926 = CARTESIAN_POINT('',(0.5,0.37,0.77));
#927 = DIRECTION('',(1.,0.,0.));
#928 = DIRECTION('',(-0.,1.,0.));
#929 = ADVANCED_FACE('',(#930),#941,.T.);
#930 = FACE_BOUND('',#931,.T.);
#931 = EDGE_LOOP('',(#932,#938,#939,#940));
#932 = ORIENTED_EDGE('',*,*,#933,.F.);
#933 = EDGE_CURVE('',#884,#911,#934,.T.);
#934 = LINE('',#935,#936);
#935 = CARTESIAN_POINT('',(0.8,0.4,0.));
#936 = VECTOR('',#937,1.);
#937 = DIRECTION('',(0.,0.,1.));
#938 = ORIENTED_EDGE('',*,*,#883,.F.);
#939 = ORIENTED_EDGE('',*,*,#704,.T.);
#940 = ORIENTED_EDGE('',*,*,#919,.T.);
#941 = PLANE('',#942);
#942 = AXIS2_PLACEMENT_3D('',#943,#944,#945);
#943 = CARTESIAN_POINT('',(0.5,0.4,0.));
#944 = DIRECTION('',(0.,1.,0.));
#945 = DIRECTION('',(0.,-0.,1.));
#946 = ADVANCED_FACE('',(#947),#957,.T.);
#947 = FACE_BOUND('',#948,.T.);
#948 = EDGE_LOOP('',(#949,#950,#951,#952,#953,#954,#955,#956));
#949 = ORIENTED_EDGE('',*,*,#754,.F.);
#950 = ORIENTED_EDGE('',*,*,#794,.T.);
#951 = ORIENTED_EDGE('',*,*,#837,.T.);
#952 = ORIENTED_EDGE('',*,*,#891,.F.);
#953 = ORIENTED_EDGE('',*,*,#933,.T.);
#954 = ORIENTED_EDGE('',*,*,#910,.T.);
#955 = ORIENTED_EDGE('',*,*,#861,.F.);
#956 = ORIENTED_EDGE('',*,*,#811,.F.);
#957 = PLANE('',#958);
#958 = AXIS2_PLACEMENT_3D('',#959,#960,#961);
#959 = CARTESIAN_POINT('',(0.8,-0.4,0.));
#960 = DIRECTION('',(1.,0.,0.));
#961 = DIRECTION('',(0.,0.,1.));
#962 = ( GEOMETRIC_REPRESENTATION_CONTEXT(3) 
GLOBAL_UNCERTAINTY_ASSIGNED_CONTEXT((#966)) GLOBAL_UNIT_ASSIGNED_CONTEXT
((#963,#964,#965)) REPRESENTATION_CONTEXT('Context #1',
  '3D Context with UNIT and UNCERTAINTY') );
#963 = ( LENGTH_UNIT() NAMED_UNIT(*) SI_UNIT(.MILLI.,.METRE.) );
#964 = ( NAMED_UNIT(*) PLANE_ANGLE_UNIT() SI_UNIT($,.RADIAN.) );
#965 = ( NAMED_UNIT(*) SI_UNIT($,.STERADIAN.) SOLID_ANGLE_UNIT() );
#966 = UNCERTAINTY_MEASURE_WITH_UNIT(LENGTH_MEASURE(1.E-07),#963,
  'distance_accuracy_value','confusion accuracy');
#967 = CONTEXT_DEPENDENT_SHAPE_REPRESENTATION(#968,#970);
#968 = ( REPRESENTATION_RELATIONSHIP('','',#107,#84) 
REPRESENTATION_RELATIONSHIP_WITH_TRANSFORMATION(#969) 
SHAPE_REPRESENTATION_RELATIONSHIP() );
#969 = ITEM_DEFINED_TRANSFORMATION('','',#11,#85);
#970 = PRODUCT_DEFINITION_SHAPE('Placement','Placement of an item',#971
  );
#971 = NEXT_ASSEMBLY_USAGE_OCCURRENCE('1','=>[0:1:1:3]','',#79,#102,$);
#972 = PRODUCT_RELATED_PRODUCT_CATEGORY('part',$,(#104));
#973 = SHAPE_DEFINITION_REPRESENTATION(#974,#980);
#974 = PRODUCT_DEFINITION_SHAPE('','',#975);
#975 = PRODUCT_DEFINITION('design','',#976,#979);
#976 = PRODUCT_DEFINITION_FORMATION('','',#977);
#977 = PRODUCT('SOIC-8_3.9x4.9mm_P1.27mm','SOIC-8_3.9x4.9mm_P1.27mm','',
  (#978));
#978 = PRODUCT_CONTEXT('',#2,'mechanical');
#979 = PRODUCT_DEFINITION_CONTEXT('part definition',#2,'design');
#980 = SHAPE_REPRESENTATION('',(#11,#981),#985);
#981 = AXIS2_PLACEMENT_3D('',#982,#983,#984);
#982 = CARTESIAN_POINT('',(0.,0.,0.));
#983 = DIRECTION('',(0.,0.,1.));
#984 = DIRECTION('',(1.,0.,-0.));
#985 = ( GEOMETRIC_REPRESENTATION_CONTEXT(3) 
GLOBAL_UNCERTAINTY_ASSIGNED_CONTEXT((#989)) GLOBAL_UNIT_ASSIGNED_CONTEXT
((#986,#987,#988)) REPRESENTATION_CONTEXT('Context #1',
  '3D Context with UNIT and UNCERTAINTY') );
#986 = ( LENGTH_UNIT() NAMED_UNIT(*) SI_UNIT(.MILLI.,.METRE.) );
#987 = ( NAMED_UNIT(*) PLANE_ANGLE_UNIT() SI_UNIT($,.RADIAN.) );
#988 = ( NAMED_UNIT(*) SI_UNIT($,.STERADIAN.) SOLID_ANGLE_UNIT() );
#989 = UNCERTAINTY_MEASURE_WITH_UNIT(LENGTH_MEASURE(2.E-06),#986,
  'distance_accuracy_value','confusion accuracy');
#990 = CONTEXT_DEPENDENT_SHAPE_REPRESENTATION(#991,#993);
#991 = ( REPRESENTATION_RELATIONSHIP('','',#980,#10) 
REPRESENTATION_RELATIONSHIP_WITH_TRANSFORMATION(#992) 
SHAPE_REPRESENTATION_RELATIONSHIP() );
#992 = ITEM_DEFINED_TRANSFORMATION('','',#11,#19);
#993 = PRODUCT_DEFINITION_SHAPE('Placement','Placement of an item',#994
  );
#994 = NEXT_ASSEMBLY_USAGE_OCCURRENCE('4','U6','',#5,#975,$);
#995 = PRODUCT_RELATED_PRODUCT_CATEGORY('part',$,(#977));
#996 = SHAPE_DEFINITION_REPRESENTATION(#997,#1003);
#997 = PRODUCT_DEFINITION_SHAPE('','',#998);
#998 = PRODUCT_DEFINITION('design','',#999,#1002);
#999 = PRODUCT_DEFINITION_FORMATION('','',#1000);
#1000 = PRODUCT('SOIC_8_39x49mm_P127mm','SOIC_8_39x49mm_P127mm','',(
    #1001));
#1001 = PRODUCT_CONTEXT('',#2,'mechanical');
#1002 = PRODUCT_DEFINITION_CONTEXT('part definition',#2,'design');
#1003 = ADVANCED_BREP_SHAPE_REPRESENTATION('',(#11,#1004),#5611);
#1004 = MANIFOLD_SOLID_BREP('',#1005);
#1005 = CLOSED_SHELL('',(#1006,#1048,#1079,#1110,#1194,#1278,#1371,#1388
    ,#1411,#1449,#1466,#1483,#1500,#1517,#1534,#1546,#1570,#1633,#1656,
    #1679,#1709,#1740,#1771,#1802,#1833,#1864,#1887,#1910,#1996,#2013,
    #2105,#2128,#2151,#2174,#2261,#2278,#2301,#2393,#2414,#2506,#2523,
    #2615,#2637,#2662,#2746,#2838,#2855,#2877,#2900,#2923,#2946,#3013,
    #3036,#3055,#3074,#3093,#3110,#3127,#3144,#3161,#3178,#3195,#3212,
    #3224,#3247,#3270,#3294,#3324,#3355,#3386,#3417,#3448,#3479,#3510,
    #3541,#3558,#3574,#3591,#3608,#3625,#3642,#3659,#3676,#3693,#3705,
    #3722,#3739,#3756,#3773,#3790,#3807,#3824,#3836,#3859,#3875,#3898,
    #3985,#4008,#4025,#4050,#4066,#4082,#4099,#4191,#4283,#4304,#4329,
    #4413,#4505,#4522,#4544,#4636,#4728,#4750,#4775,#4859,#4951,#4968,
    #4990,#5002,#5021,#5040,#5059,#5078,#5087,#5104,#5121,#5138,#5155,
    #5172,#5189,#5206,#5218,#5235,#5252,#5269,#5286,#5303,#5320,#5337,
    #5349,#5366,#5383,#5400,#5417,#5434,#5451,#5468,#5480,#5497,#5514,
    #5531,#5548,#5565,#5582,#5599));
#1006 = ADVANCED_FACE('',(#1007),#1043,.F.);
#1007 = FACE_BOUND('',#1008,.F.);
#1008 = EDGE_LOOP('',(#1009,#1019,#1028,#1036));
#1009 = ORIENTED_EDGE('',*,*,#1010,.T.);
#1010 = EDGE_CURVE('',#1011,#1013,#1015,.T.);
#1011 = VERTEX_POINT('',#1012);
#1012 = CARTESIAN_POINT('',(2.25,2.11,0.825));
#1013 = VERTEX_POINT('',#1014);
#1014 = CARTESIAN_POINT('',(2.25,1.7,0.825));
#1015 = LINE('',#1016,#1017);
#1016 = CARTESIAN_POINT('',(2.25,2.11,0.825));
#1017 = VECTOR('',#1018,1.);
#1018 = DIRECTION('',(2.22044604925E-16,-1.,0.));
#1019 = ORIENTED_EDGE('',*,*,#1020,.T.);
#1020 = EDGE_CURVE('',#1013,#1021,#1023,.T.);
#1021 = VERTEX_POINT('',#1022);
#1022 = CARTESIAN_POINT('',(2.35,1.7,0.725));
#1023 = CIRCLE('',#1024,0.1);
#1024 = AXIS2_PLACEMENT_3D('',#1025,#1026,#1027);
#1025 = CARTESIAN_POINT('',(2.25,1.7,0.725));
#1026 = DIRECTION('',(-2.22044604925E-16,1.,4.379057699844E-47));
#1027 = DIRECTION('',(4.440892098501E-15,9.860761315262E-31,1.));
#1028 = ORIENTED_EDGE('',*,*,#1029,.F.);
#1029 = EDGE_CURVE('',#1030,#1021,#1032,.T.);
#1030 = VERTEX_POINT('',#1031);
#1031 = CARTESIAN_POINT('',(2.35,2.11,0.725));
#1032 = LINE('',#1033,#1034);
#1033 = CARTESIAN_POINT('',(2.35,2.11,0.725));
#1034 = VECTOR('',#1035,1.);
#1035 = DIRECTION('',(2.22044604925E-16,-1.,0.));
#1036 = ORIENTED_EDGE('',*,*,#1037,.F.);
#1037 = EDGE_CURVE('',#1011,#1030,#1038,.T.);
#1038 = CIRCLE('',#1039,0.1);
#1039 = AXIS2_PLACEMENT_3D('',#1040,#1041,#1042);
#1040 = CARTESIAN_POINT('',(2.25,2.11,0.725));
#1041 = DIRECTION('',(-2.22044604925E-16,1.,4.379057699844E-47));
#1042 = DIRECTION('',(4.440892098501E-15,9.860761315262E-31,1.));
#1043 = CYLINDRICAL_SURFACE('',#1044,0.1);
#1044 = AXIS2_PLACEMENT_3D('',#1045,#1046,#1047);
#1045 = CARTESIAN_POINT('',(2.25,2.11,0.725));
#1046 = DIRECTION('',(-2.22044604925E-16,1.,0.));
#1047 = DIRECTION('',(4.440892098501E-15,9.860761315262E-31,1.));
#1048 = ADVANCED_FACE('',(#1049),#1074,.F.);
#1049 = FACE_BOUND('',#1050,.F.);
#1050 = EDGE_LOOP('',(#1051,#1059,#1067,#1073));
#1051 = ORIENTED_EDGE('',*,*,#1052,.F.);
#1052 = EDGE_CURVE('',#1053,#1011,#1055,.T.);
#1053 = VERTEX_POINT('',#1054);
#1054 = CARTESIAN_POINT('',(1.95,2.11,0.825));
#1055 = LINE('',#1056,#1057);
#1056 = CARTESIAN_POINT('',(1.8,2.11,0.825));
#1057 = VECTOR('',#1058,1.);
#1058 = DIRECTION('',(1.,2.22044604925E-16,0.));
#1059 = ORIENTED_EDGE('',*,*,#1060,.T.);
#1060 = EDGE_CURVE('',#1053,#1061,#1063,.T.);
#1061 = VERTEX_POINT('',#1062);
#1062 = CARTESIAN_POINT('',(1.95,1.7,0.825));
#1063 = LINE('',#1064,#1065);
#1064 = CARTESIAN_POINT('',(1.95,2.275,0.825));
#1065 = VECTOR('',#1066,1.);
#1066 = DIRECTION('',(2.22044604925E-16,-1.,0.));
#1067 = ORIENTED_EDGE('',*,*,#1068,.T.);
#1068 = EDGE_CURVE('',#1061,#1013,#1069,.T.);
#1069 = LINE('',#1070,#1071);
#1070 = CARTESIAN_POINT('',(1.8,1.7,0.825));
#1071 = VECTOR('',#1072,1.);
#1072 = DIRECTION('',(1.,2.22044604925E-16,0.));
#1073 = ORIENTED_EDGE('',*,*,#1010,.F.);
#1074 = PLANE('',#1075);
#1075 = AXIS2_PLACEMENT_3D('',#1076,#1077,#1078);
#1076 = CARTESIAN_POINT('',(1.8,2.11,0.825));
#1077 = DIRECTION('',(0.,0.,1.));
#1078 = DIRECTION('',(1.,2.22044604925E-16,-0.));
#1079 = ADVANCED_FACE('',(#1080),#1105,.F.);
#1080 = FACE_BOUND('',#1081,.F.);
#1081 = EDGE_LOOP('',(#1082,#1083,#1091,#1099));
#1082 = ORIENTED_EDGE('',*,*,#1029,.T.);
#1083 = ORIENTED_EDGE('',*,*,#1084,.T.);
#1084 = EDGE_CURVE('',#1021,#1085,#1087,.T.);
#1085 = VERTEX_POINT('',#1086);
#1086 = CARTESIAN_POINT('',(2.35,1.7,0.3));
#1087 = LINE('',#1088,#1089);
#1088 = CARTESIAN_POINT('',(2.35,1.7,0.725));
#1089 = VECTOR('',#1090,1.);
#1090 = DIRECTION('',(1.044915787883E-15,2.320179133003E-31,-1.));
#1091 = ORIENTED_EDGE('',*,*,#1092,.F.);
#1092 = EDGE_CURVE('',#1093,#1085,#1095,.T.);
#1093 = VERTEX_POINT('',#1094);
#1094 = CARTESIAN_POINT('',(2.35,2.11,0.3));
#1095 = LINE('',#1096,#1097);
#1096 = CARTESIAN_POINT('',(2.35,2.11,0.3));
#1097 = VECTOR('',#1098,1.);
#1098 = DIRECTION('',(2.22044604925E-16,-1.,0.));
#1099 = ORIENTED_EDGE('',*,*,#1100,.F.);
#1100 = EDGE_CURVE('',#1030,#1093,#1101,.T.);
#1101 = LINE('',#1102,#1103);
#1102 = CARTESIAN_POINT('',(2.35,2.11,0.725));
#1103 = VECTOR('',#1104,1.);
#1104 = DIRECTION('',(1.044915787883E-15,2.320179133003E-31,-1.));
#1105 = PLANE('',#1106);
#1106 = AXIS2_PLACEMENT_3D('',#1107,#1108,#1109);
#1107 = CARTESIAN_POINT('',(2.35,2.11,0.725));
#1108 = DIRECTION('',(1.,2.22044604925E-16,1.044915787883E-15));
#1109 = DIRECTION('',(1.044915787883E-15,2.320179133003E-31,-1.));
#1110 = ADVANCED_FACE('',(#1111),#1189,.F.);
#1111 = FACE_BOUND('',#1112,.F.);
#1112 = EDGE_LOOP('',(#1113,#1121,#1122,#1123,#1124,#1133,#1141,#1149,
    #1157,#1166,#1174,#1183));
#1113 = ORIENTED_EDGE('',*,*,#1114,.F.);
#1114 = EDGE_CURVE('',#1053,#1115,#1117,.T.);
#1115 = VERTEX_POINT('',#1116);
#1116 = CARTESIAN_POINT('',(1.95,2.11,1.025));
#1117 = LINE('',#1118,#1119);
#1118 = CARTESIAN_POINT('',(1.95,2.11,0.778829828783));
#1119 = VECTOR('',#1120,1.);
#1120 = DIRECTION('',(0.,0.,1.));
#1121 = ORIENTED_EDGE('',*,*,#1052,.T.);
#1122 = ORIENTED_EDGE('',*,*,#1037,.T.);
#1123 = ORIENTED_EDGE('',*,*,#1100,.T.);
#1124 = ORIENTED_EDGE('',*,*,#1125,.T.);
#1125 = EDGE_CURVE('',#1093,#1126,#1128,.T.);
#1126 = VERTEX_POINT('',#1127);
#1127 = CARTESIAN_POINT('',(2.65,2.11,5.551115123126E-17));
#1128 = CIRCLE('',#1129,0.3);
#1129 = AXIS2_PLACEMENT_3D('',#1130,#1131,#1132);
#1130 = CARTESIAN_POINT('',(2.65,2.11,0.3));
#1131 = DIRECTION('',(2.22044604925E-16,-1.,0.));
#1132 = DIRECTION('',(-1.,-2.22044604925E-16,3.515706244646E-15));
#1133 = ORIENTED_EDGE('',*,*,#1134,.T.);
#1134 = EDGE_CURVE('',#1126,#1135,#1137,.T.);
#1135 = VERTEX_POINT('',#1136);
#1136 = CARTESIAN_POINT('',(3.,2.11,5.551115123126E-17));
#1137 = LINE('',#1138,#1139);
#1138 = CARTESIAN_POINT('',(2.65,2.11,5.551115123126E-17));
#1139 = VECTOR('',#1140,1.);
#1140 = DIRECTION('',(1.,2.22044604925E-16,0.));
#1141 = ORIENTED_EDGE('',*,*,#1142,.T.);
#1142 = EDGE_CURVE('',#1135,#1143,#1145,.T.);
#1143 = VERTEX_POINT('',#1144);
#1144 = CARTESIAN_POINT('',(3.,2.11,0.2));
#1145 = LINE('',#1146,#1147);
#1146 = CARTESIAN_POINT('',(3.,2.11,5.551115123126E-17));
#1147 = VECTOR('',#1148,1.);
#1148 = DIRECTION('',(0.,0.,1.));
#1149 = ORIENTED_EDGE('',*,*,#1150,.T.);
#1150 = EDGE_CURVE('',#1143,#1151,#1153,.T.);
#1151 = VERTEX_POINT('',#1152);
#1152 = CARTESIAN_POINT('',(2.65,2.11,0.2));
#1153 = LINE('',#1154,#1155);
#1154 = CARTESIAN_POINT('',(3.,2.11,0.2));
#1155 = VECTOR('',#1156,1.);
#1156 = DIRECTION('',(-1.,-2.22044604925E-16,0.));
#1157 = ORIENTED_EDGE('',*,*,#1158,.T.);
#1158 = EDGE_CURVE('',#1151,#1159,#1161,.T.);
#1159 = VERTEX_POINT('',#1160);
#1160 = CARTESIAN_POINT('',(2.55,2.11,0.3));
#1161 = CIRCLE('',#1162,0.1);
#1162 = AXIS2_PLACEMENT_3D('',#1163,#1164,#1165);
#1163 = CARTESIAN_POINT('',(2.65,2.11,0.3));
#1164 = DIRECTION('',(-2.22044604925E-16,1.,0.));
#1165 = DIRECTION('',(0.,0.,-1.));
#1166 = ORIENTED_EDGE('',*,*,#1167,.T.);
#1167 = EDGE_CURVE('',#1159,#1168,#1170,.T.);
#1168 = VERTEX_POINT('',#1169);
#1169 = CARTESIAN_POINT('',(2.55,2.11,0.725));
#1170 = LINE('',#1171,#1172);
#1171 = CARTESIAN_POINT('',(2.55,2.11,0.3));
#1172 = VECTOR('',#1173,1.);
#1173 = DIRECTION('',(0.,0.,1.));
#1174 = ORIENTED_EDGE('',*,*,#1175,.T.);
#1175 = EDGE_CURVE('',#1168,#1176,#1178,.T.);
#1176 = VERTEX_POINT('',#1177);
#1177 = CARTESIAN_POINT('',(2.25,2.11,1.025));
#1178 = CIRCLE('',#1179,0.3);
#1179 = AXIS2_PLACEMENT_3D('',#1180,#1181,#1182);
#1180 = CARTESIAN_POINT('',(2.25,2.11,0.725));
#1181 = DIRECTION('',(2.22044604925E-16,-1.,0.));
#1182 = DIRECTION('',(1.,2.22044604925E-16,3.700743415417E-16));
#1183 = ORIENTED_EDGE('',*,*,#1184,.T.);
#1184 = EDGE_CURVE('',#1176,#1115,#1185,.T.);
#1185 = LINE('',#1186,#1187);
#1186 = CARTESIAN_POINT('',(2.25,2.11,1.025));
#1187 = VECTOR('',#1188,1.);
#1188 = DIRECTION('',(-1.,-2.22044604925E-16,0.));
#1189 = PLANE('',#1190);
#1190 = AXIS2_PLACEMENT_3D('',#1191,#1192,#1193);
#1191 = CARTESIAN_POINT('',(2.41578967201,2.11,0.532659657565));
#1192 = DIRECTION('',(2.22044604925E-16,-1.,0.));
#1193 = DIRECTION('',(0.,0.,1.));
#1194 = ADVANCED_FACE('',(#1195),#1273,.T.);
#1195 = FACE_BOUND('',#1196,.T.);
#1196 = EDGE_LOOP('',(#1197,#1205,#1206,#1207,#1208,#1217,#1225,#1233,
    #1241,#1250,#1258,#1267));
#1197 = ORIENTED_EDGE('',*,*,#1198,.F.);
#1198 = EDGE_CURVE('',#1061,#1199,#1201,.T.);
#1199 = VERTEX_POINT('',#1200);
#1200 = CARTESIAN_POINT('',(1.95,1.7,1.025));
#1201 = LINE('',#1202,#1203);
#1202 = CARTESIAN_POINT('',(1.95,1.7,0.778829828783));
#1203 = VECTOR('',#1204,1.);
#1204 = DIRECTION('',(0.,0.,1.));
#1205 = ORIENTED_EDGE('',*,*,#1068,.T.);
#1206 = ORIENTED_EDGE('',*,*,#1020,.T.);
#1207 = ORIENTED_EDGE('',*,*,#1084,.T.);
#1208 = ORIENTED_EDGE('',*,*,#1209,.T.);
#1209 = EDGE_CURVE('',#1085,#1210,#1212,.T.);
#1210 = VERTEX_POINT('',#1211);
#1211 = CARTESIAN_POINT('',(2.65,1.7,5.551115123126E-17));
#1212 = CIRCLE('',#1213,0.3);
#1213 = AXIS2_PLACEMENT_3D('',#1214,#1215,#1216);
#1214 = CARTESIAN_POINT('',(2.65,1.7,0.3));
#1215 = DIRECTION('',(2.22044604925E-16,-1.,0.));
#1216 = DIRECTION('',(-1.,-2.22044604925E-16,3.515706244646E-15));
#1217 = ORIENTED_EDGE('',*,*,#1218,.T.);
#1218 = EDGE_CURVE('',#1210,#1219,#1221,.T.);
#1219 = VERTEX_POINT('',#1220);
#1220 = CARTESIAN_POINT('',(3.,1.7,5.551115123126E-17));
#1221 = LINE('',#1222,#1223);
#1222 = CARTESIAN_POINT('',(2.65,1.7,5.551115123126E-17));
#1223 = VECTOR('',#1224,1.);
#1224 = DIRECTION('',(1.,2.22044604925E-16,0.));
#1225 = ORIENTED_EDGE('',*,*,#1226,.T.);
#1226 = EDGE_CURVE('',#1219,#1227,#1229,.T.);
#1227 = VERTEX_POINT('',#1228);
#1228 = CARTESIAN_POINT('',(3.,1.7,0.2));
#1229 = LINE('',#1230,#1231);
#1230 = CARTESIAN_POINT('',(3.,1.7,5.551115123126E-17));
#1231 = VECTOR('',#1232,1.);
#1232 = DIRECTION('',(0.,0.,1.));
#1233 = ORIENTED_EDGE('',*,*,#1234,.T.);
#1234 = EDGE_CURVE('',#1227,#1235,#1237,.T.);
#1235 = VERTEX_POINT('',#1236);
#1236 = CARTESIAN_POINT('',(2.65,1.7,0.2));
#1237 = LINE('',#1238,#1239);
#1238 = CARTESIAN_POINT('',(3.,1.7,0.2));
#1239 = VECTOR('',#1240,1.);
#1240 = DIRECTION('',(-1.,-2.22044604925E-16,0.));
#1241 = ORIENTED_EDGE('',*,*,#1242,.T.);
#1242 = EDGE_CURVE('',#1235,#1243,#1245,.T.);
#1243 = VERTEX_POINT('',#1244);
#1244 = CARTESIAN_POINT('',(2.55,1.7,0.3));
#1245 = CIRCLE('',#1246,0.1);
#1246 = AXIS2_PLACEMENT_3D('',#1247,#1248,#1249);
#1247 = CARTESIAN_POINT('',(2.65,1.7,0.3));
#1248 = DIRECTION('',(-2.22044604925E-16,1.,0.));
#1249 = DIRECTION('',(0.,0.,-1.));
#1250 = ORIENTED_EDGE('',*,*,#1251,.T.);
#1251 = EDGE_CURVE('',#1243,#1252,#1254,.T.);
#1252 = VERTEX_POINT('',#1253);
#1253 = CARTESIAN_POINT('',(2.55,1.7,0.725));
#1254 = LINE('',#1255,#1256);
#1255 = CARTESIAN_POINT('',(2.55,1.7,0.3));
#1256 = VECTOR('',#1257,1.);
#1257 = DIRECTION('',(0.,0.,1.));
#1258 = ORIENTED_EDGE('',*,*,#1259,.T.);
#1259 = EDGE_CURVE('',#1252,#1260,#1262,.T.);
#1260 = VERTEX_POINT('',#1261);
#1261 = CARTESIAN_POINT('',(2.25,1.7,1.025));
#1262 = CIRCLE('',#1263,0.3);
#1263 = AXIS2_PLACEMENT_3D('',#1264,#1265,#1266);
#1264 = CARTESIAN_POINT('',(2.25,1.7,0.725));
#1265 = DIRECTION('',(2.22044604925E-16,-1.,0.));
#1266 = DIRECTION('',(1.,2.22044604925E-16,3.700743415417E-16));
#1267 = ORIENTED_EDGE('',*,*,#1268,.T.);
#1268 = EDGE_CURVE('',#1260,#1199,#1269,.T.);
#1269 = LINE('',#1270,#1271);
#1270 = CARTESIAN_POINT('',(2.25,1.7,1.025));
#1271 = VECTOR('',#1272,1.);
#1272 = DIRECTION('',(-1.,-2.22044604925E-16,0.));
#1273 = PLANE('',#1274);
#1274 = AXIS2_PLACEMENT_3D('',#1275,#1276,#1277);
#1275 = CARTESIAN_POINT('',(2.41578967201,1.7,0.532659657565));
#1276 = DIRECTION('',(2.22044604925E-16,-1.,0.));
#1277 = DIRECTION('',(0.,0.,1.));
#1278 = ADVANCED_FACE('',(#1279),#1366,.F.);
#1279 = FACE_BOUND('',#1280,.F.);
#1280 = EDGE_LOOP('',(#1281,#1291,#1298,#1306,#1314,#1322,#1330,#1338,
    #1346,#1352,#1353,#1361));
#1281 = ORIENTED_EDGE('',*,*,#1282,.T.);
#1282 = EDGE_CURVE('',#1283,#1285,#1287,.T.);
#1283 = VERTEX_POINT('',#1284);
#1284 = CARTESIAN_POINT('',(1.835171280765,2.217585640382,0.1));
#1285 = VERTEX_POINT('',#1286);
#1286 = CARTESIAN_POINT('',(1.835171280765,-2.217585640382,0.1));
#1287 = LINE('',#1288,#1289);
#1288 = CARTESIAN_POINT('',(1.835171280765,2.217585640382,0.1));
#1289 = VECTOR('',#1290,1.);
#1290 = DIRECTION('',(2.22044604925E-16,-1.,0.));
#1291 = ORIENTED_EDGE('',*,*,#1292,.T.);
#1292 = EDGE_CURVE('',#1285,#1293,#1295,.T.);
#1293 = VERTEX_POINT('',#1294);
#1294 = CARTESIAN_POINT('',(1.95,-2.275,0.825));
#1295 = B_SPLINE_CURVE_WITH_KNOTS('',1,(#1296,#1297),.UNSPECIFIED.,.F.,
  .F.,(2,2),(0.,1.),.PIECEWISE_BEZIER_KNOTS.);
#1296 = CARTESIAN_POINT('',(1.835171280765,-2.217585640382,0.1));
#1297 = CARTESIAN_POINT('',(1.95,-2.275,0.825));
#1298 = ORIENTED_EDGE('',*,*,#1299,.F.);
#1299 = EDGE_CURVE('',#1300,#1293,#1302,.T.);
#1300 = VERTEX_POINT('',#1301);
#1301 = CARTESIAN_POINT('',(1.95,-2.11,0.825));
#1302 = LINE('',#1303,#1304);
#1303 = CARTESIAN_POINT('',(1.95,2.275,0.825));
#1304 = VECTOR('',#1305,1.);
#1305 = DIRECTION('',(2.22044604925E-16,-1.,0.));
#1306 = ORIENTED_EDGE('',*,*,#1307,.F.);
#1307 = EDGE_CURVE('',#1308,#1300,#1310,.T.);
#1308 = VERTEX_POINT('',#1309);
#1309 = CARTESIAN_POINT('',(1.95,-1.7,0.825));
#1310 = LINE('',#1311,#1312);
#1311 = CARTESIAN_POINT('',(1.95,2.275,0.825));
#1312 = VECTOR('',#1313,1.);
#1313 = DIRECTION('',(2.22044604925E-16,-1.,0.));
#1314 = ORIENTED_EDGE('',*,*,#1315,.F.);
#1315 = EDGE_CURVE('',#1316,#1308,#1318,.T.);
#1316 = VERTEX_POINT('',#1317);
#1317 = CARTESIAN_POINT('',(1.95,-0.84,0.825));
#1318 = LINE('',#1319,#1320);
#1319 = CARTESIAN_POINT('',(1.95,2.275,0.825));
#1320 = VECTOR('',#1321,1.);
#1321 = DIRECTION('',(2.22044604925E-16,-1.,0.));
#1322 = ORIENTED_EDGE('',*,*,#1323,.F.);
#1323 = EDGE_CURVE('',#1324,#1316,#1326,.T.);
#1324 = VERTEX_POINT('',#1325);
#1325 = CARTESIAN_POINT('',(1.95,-0.43,0.825));
#1326 = LINE('',#1327,#1328);
#1327 = CARTESIAN_POINT('',(1.95,2.275,0.825));
#1328 = VECTOR('',#1329,1.);
#1329 = DIRECTION('',(2.22044604925E-16,-1.,0.));
#1330 = ORIENTED_EDGE('',*,*,#1331,.F.);
#1331 = EDGE_CURVE('',#1332,#1324,#1334,.T.);
#1332 = VERTEX_POINT('',#1333);
#1333 = CARTESIAN_POINT('',(1.95,0.43,0.825));
#1334 = LINE('',#1335,#1336);
#1335 = CARTESIAN_POINT('',(1.95,2.275,0.825));
#1336 = VECTOR('',#1337,1.);
#1337 = DIRECTION('',(2.22044604925E-16,-1.,0.));
#1338 = ORIENTED_EDGE('',*,*,#1339,.F.);
#1339 = EDGE_CURVE('',#1340,#1332,#1342,.T.);
#1340 = VERTEX_POINT('',#1341);
#1341 = CARTESIAN_POINT('',(1.95,0.84,0.825));
#1342 = LINE('',#1343,#1344);
#1343 = CARTESIAN_POINT('',(1.95,2.275,0.825));
#1344 = VECTOR('',#1345,1.);
#1345 = DIRECTION('',(2.22044604925E-16,-1.,0.));
#1346 = ORIENTED_EDGE('',*,*,#1347,.F.);
#1347 = EDGE_CURVE('',#1061,#1340,#1348,.T.);
#1348 = LINE('',#1349,#1350);
#1349 = CARTESIAN_POINT('',(1.95,2.275,0.825));
#1350 = VECTOR('',#1351,1.);
#1351 = DIRECTION('',(2.22044604925E-16,-1.,0.));
#1352 = ORIENTED_EDGE('',*,*,#1060,.F.);
#1353 = ORIENTED_EDGE('',*,*,#1354,.F.);
#1354 = EDGE_CURVE('',#1355,#1053,#1357,.T.);
#1355 = VERTEX_POINT('',#1356);
#1356 = CARTESIAN_POINT('',(1.95,2.275,0.825));
#1357 = LINE('',#1358,#1359);
#1358 = CARTESIAN_POINT('',(1.95,2.275,0.825));
#1359 = VECTOR('',#1360,1.);
#1360 = DIRECTION('',(2.22044604925E-16,-1.,0.));
#1361 = ORIENTED_EDGE('',*,*,#1362,.F.);
#1362 = EDGE_CURVE('',#1283,#1355,#1363,.T.);
#1363 = B_SPLINE_CURVE_WITH_KNOTS('',1,(#1364,#1365),.UNSPECIFIED.,.F.,
  .F.,(2,2),(0.,1.),.PIECEWISE_BEZIER_KNOTS.);
#1364 = CARTESIAN_POINT('',(1.835171280765,2.217585640382,0.1));
#1365 = CARTESIAN_POINT('',(1.95,2.275,0.825));
#1366 = B_SPLINE_SURFACE_WITH_KNOTS('',1,1,(
    (#1367,#1368)
    ,(#1369,#1370
    )),.UNSPECIFIED.,.F.,.F.,.F.,(2,2),(2,2),(0.,4.55),(0.,1.),
  .PIECEWISE_BEZIER_KNOTS.);
#1367 = CARTESIAN_POINT('',(1.835171280765,2.217585640382,0.1));
#1368 = CARTESIAN_POINT('',(1.95,2.275,0.825));
#1369 = CARTESIAN_POINT('',(1.835171280765,-2.217585640382,0.1));
#1370 = CARTESIAN_POINT('',(1.95,-2.275,0.825));
#1371 = ADVANCED_FACE('',(#1372),#1383,.T.);
#1372 = FACE_BOUND('',#1373,.T.);
#1373 = EDGE_LOOP('',(#1374,#1375,#1381,#1382));
#1374 = ORIENTED_EDGE('',*,*,#1125,.T.);
#1375 = ORIENTED_EDGE('',*,*,#1376,.T.);
#1376 = EDGE_CURVE('',#1126,#1210,#1377,.T.);
#1377 = LINE('',#1378,#1379);
#1378 = CARTESIAN_POINT('',(2.65,2.11,5.551115123126E-17));
#1379 = VECTOR('',#1380,1.);
#1380 = DIRECTION('',(2.22044604925E-16,-1.,0.));
#1381 = ORIENTED_EDGE('',*,*,#1209,.F.);
#1382 = ORIENTED_EDGE('',*,*,#1092,.F.);
#1383 = CYLINDRICAL_SURFACE('',#1384,0.3);
#1384 = AXIS2_PLACEMENT_3D('',#1385,#1386,#1387);
#1385 = CARTESIAN_POINT('',(2.65,2.11,0.3));
#1386 = DIRECTION('',(-2.22044604925E-16,1.,-0.));
#1387 = DIRECTION('',(-1.,-2.22044604925E-16,3.515706244646E-15));
#1388 = ADVANCED_FACE('',(#1389),#1406,.F.);
#1389 = FACE_BOUND('',#1390,.F.);
#1390 = EDGE_LOOP('',(#1391,#1398,#1399,#1400));
#1391 = ORIENTED_EDGE('',*,*,#1392,.F.);
#1392 = EDGE_CURVE('',#1355,#1393,#1395,.T.);
#1393 = VERTEX_POINT('',#1394);
#1394 = CARTESIAN_POINT('',(1.95,2.275,1.025));
#1395 = B_SPLINE_CURVE_WITH_KNOTS('',1,(#1396,#1397),.UNSPECIFIED.,.F.,
  .F.,(2,2),(0.,1.),.PIECEWISE_BEZIER_KNOTS.);
#1396 = CARTESIAN_POINT('',(1.95,2.275,0.825));
#1397 = CARTESIAN_POINT('',(1.95,2.275,1.025));
#1398 = ORIENTED_EDGE('',*,*,#1354,.T.);
#1399 = ORIENTED_EDGE('',*,*,#1114,.T.);
#1400 = ORIENTED_EDGE('',*,*,#1401,.F.);
#1401 = EDGE_CURVE('',#1393,#1115,#1402,.T.);
#1402 = LINE('',#1403,#1404);
#1403 = CARTESIAN_POINT('',(1.95,2.275,1.025));
#1404 = VECTOR('',#1405,1.);
#1405 = DIRECTION('',(2.22044604925E-16,-1.,0.));
#1406 = PLANE('',#1407);
#1407 = AXIS2_PLACEMENT_3D('',#1408,#1409,#1410);
#1408 = CARTESIAN_POINT('',(1.95,2.275,1.025));
#1409 = DIRECTION('',(-1.,-2.22044604925E-16,0.));
#1410 = DIRECTION('',(2.22044604925E-16,-1.,0.));
#1411 = ADVANCED_FACE('',(#1412),#1444,.F.);
#1412 = FACE_BOUND('',#1413,.F.);
#1413 = EDGE_LOOP('',(#1414,#1415,#1421,#1422,#1430,#1438));
#1414 = ORIENTED_EDGE('',*,*,#1184,.F.);
#1415 = ORIENTED_EDGE('',*,*,#1416,.T.);
#1416 = EDGE_CURVE('',#1176,#1260,#1417,.T.);
#1417 = LINE('',#1418,#1419);
#1418 = CARTESIAN_POINT('',(2.25,2.11,1.025));
#1419 = VECTOR('',#1420,1.);
#1420 = DIRECTION('',(2.22044604925E-16,-1.,0.));
#1421 = ORIENTED_EDGE('',*,*,#1268,.T.);
#1422 = ORIENTED_EDGE('',*,*,#1423,.T.);
#1423 = EDGE_CURVE('',#1199,#1424,#1426,.T.);
#1424 = VERTEX_POINT('',#1425);
#1425 = CARTESIAN_POINT('',(1.875,1.7,1.025));
#1426 = LINE('',#1427,#1428);
#1427 = CARTESIAN_POINT('',(2.25,1.7,1.025));
#1428 = VECTOR('',#1429,1.);
#1429 = DIRECTION('',(-1.,-2.22044604925E-16,0.));
#1430 = ORIENTED_EDGE('',*,*,#1431,.F.);
#1431 = EDGE_CURVE('',#1432,#1424,#1434,.T.);
#1432 = VERTEX_POINT('',#1433);
#1433 = CARTESIAN_POINT('',(1.875,2.11,1.025));
#1434 = LINE('',#1435,#1436);
#1435 = CARTESIAN_POINT('',(1.875,2.2375,1.025));
#1436 = VECTOR('',#1437,1.);
#1437 = DIRECTION('',(2.22044604925E-16,-1.,0.));
#1438 = ORIENTED_EDGE('',*,*,#1439,.F.);
#1439 = EDGE_CURVE('',#1115,#1432,#1440,.T.);
#1440 = LINE('',#1441,#1442);
#1441 = CARTESIAN_POINT('',(2.25,2.11,1.025));
#1442 = VECTOR('',#1443,1.);
#1443 = DIRECTION('',(-1.,-2.22044604925E-16,0.));
#1444 = PLANE('',#1445);
#1445 = AXIS2_PLACEMENT_3D('',#1446,#1447,#1448);
#1446 = CARTESIAN_POINT('',(2.25,2.11,1.025));
#1447 = DIRECTION('',(0.,0.,-1.));
#1448 = DIRECTION('',(-1.,-2.22044604925E-16,-0.));
#1449 = ADVANCED_FACE('',(#1450),#1461,.T.);
#1450 = FACE_BOUND('',#1451,.T.);
#1451 = EDGE_LOOP('',(#1452,#1453,#1454,#1455));
#1452 = ORIENTED_EDGE('',*,*,#1175,.T.);
#1453 = ORIENTED_EDGE('',*,*,#1416,.T.);
#1454 = ORIENTED_EDGE('',*,*,#1259,.F.);
#1455 = ORIENTED_EDGE('',*,*,#1456,.F.);
#1456 = EDGE_CURVE('',#1168,#1252,#1457,.T.);
#1457 = LINE('',#1458,#1459);
#1458 = CARTESIAN_POINT('',(2.55,2.11,0.725));
#1459 = VECTOR('',#1460,1.);
#1460 = DIRECTION('',(2.22044604925E-16,-1.,0.));
#1461 = CYLINDRICAL_SURFACE('',#1462,0.3);
#1462 = AXIS2_PLACEMENT_3D('',#1463,#1464,#1465);
#1463 = CARTESIAN_POINT('',(2.25,2.11,0.725));
#1464 = DIRECTION('',(-2.22044604925E-16,1.,-0.));
#1465 = DIRECTION('',(1.,2.22044604925E-16,3.700743415417E-16));
#1466 = ADVANCED_FACE('',(#1467),#1478,.F.);
#1467 = FACE_BOUND('',#1468,.F.);
#1468 = EDGE_LOOP('',(#1469,#1475,#1476,#1477));
#1469 = ORIENTED_EDGE('',*,*,#1470,.T.);
#1470 = EDGE_CURVE('',#1159,#1243,#1471,.T.);
#1471 = LINE('',#1472,#1473);
#1472 = CARTESIAN_POINT('',(2.55,2.11,0.3));
#1473 = VECTOR('',#1474,1.);
#1474 = DIRECTION('',(2.22044604925E-16,-1.,0.));
#1475 = ORIENTED_EDGE('',*,*,#1251,.T.);
#1476 = ORIENTED_EDGE('',*,*,#1456,.F.);
#1477 = ORIENTED_EDGE('',*,*,#1167,.F.);
#1478 = PLANE('',#1479);
#1479 = AXIS2_PLACEMENT_3D('',#1480,#1481,#1482);
#1480 = CARTESIAN_POINT('',(2.55,2.11,0.3));
#1481 = DIRECTION('',(-1.,-2.22044604925E-16,0.));
#1482 = DIRECTION('',(0.,0.,1.));
#1483 = ADVANCED_FACE('',(#1484),#1495,.F.);
#1484 = FACE_BOUND('',#1485,.F.);
#1485 = EDGE_LOOP('',(#1486,#1492,#1493,#1494));
#1486 = ORIENTED_EDGE('',*,*,#1487,.T.);
#1487 = EDGE_CURVE('',#1151,#1235,#1488,.T.);
#1488 = LINE('',#1489,#1490);
#1489 = CARTESIAN_POINT('',(2.65,2.11,0.2));
#1490 = VECTOR('',#1491,1.);
#1491 = DIRECTION('',(2.22044604925E-16,-1.,0.));
#1492 = ORIENTED_EDGE('',*,*,#1242,.T.);
#1493 = ORIENTED_EDGE('',*,*,#1470,.F.);
#1494 = ORIENTED_EDGE('',*,*,#1158,.F.);
#1495 = CYLINDRICAL_SURFACE('',#1496,0.1);
#1496 = AXIS2_PLACEMENT_3D('',#1497,#1498,#1499);
#1497 = CARTESIAN_POINT('',(2.65,2.11,0.3));
#1498 = DIRECTION('',(-2.22044604925E-16,1.,0.));
#1499 = DIRECTION('',(0.,0.,-1.));
#1500 = ADVANCED_FACE('',(#1501),#1512,.F.);
#1501 = FACE_BOUND('',#1502,.F.);
#1502 = EDGE_LOOP('',(#1503,#1509,#1510,#1511));
#1503 = ORIENTED_EDGE('',*,*,#1504,.T.);
#1504 = EDGE_CURVE('',#1143,#1227,#1505,.T.);
#1505 = LINE('',#1506,#1507);
#1506 = CARTESIAN_POINT('',(3.,2.11,0.2));
#1507 = VECTOR('',#1508,1.);
#1508 = DIRECTION('',(2.22044604925E-16,-1.,0.));
#1509 = ORIENTED_EDGE('',*,*,#1234,.T.);
#1510 = ORIENTED_EDGE('',*,*,#1487,.F.);
#1511 = ORIENTED_EDGE('',*,*,#1150,.F.);
#1512 = PLANE('',#1513);
#1513 = AXIS2_PLACEMENT_3D('',#1514,#1515,#1516);
#1514 = CARTESIAN_POINT('',(3.,2.11,0.2));
#1515 = DIRECTION('',(0.,0.,-1.));
#1516 = DIRECTION('',(-1.,-2.22044604925E-16,-0.));
#1517 = ADVANCED_FACE('',(#1518),#1529,.F.);
#1518 = FACE_BOUND('',#1519,.F.);
#1519 = EDGE_LOOP('',(#1520,#1526,#1527,#1528));
#1520 = ORIENTED_EDGE('',*,*,#1521,.T.);
#1521 = EDGE_CURVE('',#1135,#1219,#1522,.T.);
#1522 = LINE('',#1523,#1524);
#1523 = CARTESIAN_POINT('',(3.,2.11,5.551115123126E-17));
#1524 = VECTOR('',#1525,1.);
#1525 = DIRECTION('',(2.22044604925E-16,-1.,0.));
#1526 = ORIENTED_EDGE('',*,*,#1226,.T.);
#1527 = ORIENTED_EDGE('',*,*,#1504,.F.);
#1528 = ORIENTED_EDGE('',*,*,#1142,.F.);
#1529 = PLANE('',#1530);
#1530 = AXIS2_PLACEMENT_3D('',#1531,#1532,#1533);
#1531 = CARTESIAN_POINT('',(3.,2.11,5.551115123126E-17));
#1532 = DIRECTION('',(-1.,-2.22044604925E-16,0.));
#1533 = DIRECTION('',(0.,0.,1.));
#1534 = ADVANCED_FACE('',(#1535),#1541,.F.);
#1535 = FACE_BOUND('',#1536,.F.);
#1536 = EDGE_LOOP('',(#1537,#1538,#1539,#1540));
#1537 = ORIENTED_EDGE('',*,*,#1376,.T.);
#1538 = ORIENTED_EDGE('',*,*,#1218,.T.);
#1539 = ORIENTED_EDGE('',*,*,#1521,.F.);
#1540 = ORIENTED_EDGE('',*,*,#1134,.F.);
#1541 = PLANE('',#1542);
#1542 = AXIS2_PLACEMENT_3D('',#1543,#1544,#1545);
#1543 = CARTESIAN_POINT('',(2.65,2.11,5.551115123126E-17));
#1544 = DIRECTION('',(0.,0.,1.));
#1545 = DIRECTION('',(1.,2.22044604925E-16,-0.));
#1546 = ADVANCED_FACE('',(#1547),#1565,.F.);
#1547 = FACE_BOUND('',#1548,.F.);
#1548 = EDGE_LOOP('',(#1549,#1550,#1551,#1559));
#1549 = ORIENTED_EDGE('',*,*,#1198,.F.);
#1550 = ORIENTED_EDGE('',*,*,#1347,.T.);
#1551 = ORIENTED_EDGE('',*,*,#1552,.T.);
#1552 = EDGE_CURVE('',#1340,#1553,#1555,.T.);
#1553 = VERTEX_POINT('',#1554);
#1554 = CARTESIAN_POINT('',(1.95,0.84,1.025));
#1555 = LINE('',#1556,#1557);
#1556 = CARTESIAN_POINT('',(1.95,0.84,0.778829828783));
#1557 = VECTOR('',#1558,1.);
#1558 = DIRECTION('',(0.,0.,1.));
#1559 = ORIENTED_EDGE('',*,*,#1560,.F.);
#1560 = EDGE_CURVE('',#1199,#1553,#1561,.T.);
#1561 = LINE('',#1562,#1563);
#1562 = CARTESIAN_POINT('',(1.95,2.275,1.025));
#1563 = VECTOR('',#1564,1.);
#1564 = DIRECTION('',(2.22044604925E-16,-1.,0.));
#1565 = PLANE('',#1566);
#1566 = AXIS2_PLACEMENT_3D('',#1567,#1568,#1569);
#1567 = CARTESIAN_POINT('',(1.95,2.275,1.025));
#1568 = DIRECTION('',(-1.,-2.22044604925E-16,0.));
#1569 = DIRECTION('',(2.22044604925E-16,-1.,0.));
#1570 = ADVANCED_FACE('',(#1571),#1628,.F.);
#1571 = FACE_BOUND('',#1572,.T.);
#1572 = EDGE_LOOP('',(#1573,#1583,#1589,#1590,#1598,#1606,#1614,#1622));
#1573 = ORIENTED_EDGE('',*,*,#1574,.T.);
#1574 = EDGE_CURVE('',#1575,#1577,#1579,.T.);
#1575 = VERTEX_POINT('',#1576);
#1576 = CARTESIAN_POINT('',(-1.717585640382,2.335171280765,0.1));
#1577 = VERTEX_POINT('',#1578);
#1578 = CARTESIAN_POINT('',(1.717585640382,2.335171280765,0.1));
#1579 = LINE('',#1580,#1581);
#1580 = CARTESIAN_POINT('',(-1.717585640382,2.335171280765,0.1));
#1581 = VECTOR('',#1582,1.);
#1582 = DIRECTION('',(1.,2.22044604925E-16,0.));
#1583 = ORIENTED_EDGE('',*,*,#1584,.T.);
#1584 = EDGE_CURVE('',#1577,#1283,#1585,.T.);
#1585 = LINE('',#1586,#1587);
#1586 = CARTESIAN_POINT('',(1.717585640382,2.335171280765,0.1));
#1587 = VECTOR('',#1588,1.);
#1588 = DIRECTION('',(0.707106781187,-0.707106781187,0.));
#1589 = ORIENTED_EDGE('',*,*,#1282,.T.);
#1590 = ORIENTED_EDGE('',*,*,#1591,.T.);
#1591 = EDGE_CURVE('',#1285,#1592,#1594,.T.);
#1592 = VERTEX_POINT('',#1593);
#1593 = CARTESIAN_POINT('',(1.717585640382,-2.335171280765,0.1));
#1594 = LINE('',#1595,#1596);
#1595 = CARTESIAN_POINT('',(1.835171280765,-2.217585640382,0.1));
#1596 = VECTOR('',#1597,1.);
#1597 = DIRECTION('',(-0.707106781187,-0.707106781187,0.));
#1598 = ORIENTED_EDGE('',*,*,#1599,.T.);
#1599 = EDGE_CURVE('',#1592,#1600,#1602,.T.);
#1600 = VERTEX_POINT('',#1601);
#1601 = CARTESIAN_POINT('',(-1.717585640382,-2.335171280765,0.1));
#1602 = LINE('',#1603,#1604);
#1603 = CARTESIAN_POINT('',(1.717585640382,-2.335171280765,0.1));
#1604 = VECTOR('',#1605,1.);
#1605 = DIRECTION('',(-1.,-2.22044604925E-16,0.));
#1606 = ORIENTED_EDGE('',*,*,#1607,.T.);
#1607 = EDGE_CURVE('',#1600,#1608,#1610,.T.);
#1608 = VERTEX_POINT('',#1609);
#1609 = CARTESIAN_POINT('',(-1.835171280765,-2.217585640382,0.1));
#1610 = LINE('',#1611,#1612);
#1611 = CARTESIAN_POINT('',(-1.717585640382,-2.335171280765,0.1));
#1612 = VECTOR('',#1613,1.);
#1613 = DIRECTION('',(-0.707106781187,0.707106781187,0.));
#1614 = ORIENTED_EDGE('',*,*,#1615,.T.);
#1615 = EDGE_CURVE('',#1608,#1616,#1618,.T.);
#1616 = VERTEX_POINT('',#1617);
#1617 = CARTESIAN_POINT('',(-1.835171280765,2.217585640382,0.1));
#1618 = LINE('',#1619,#1620);
#1619 = CARTESIAN_POINT('',(-1.835171280765,-2.217585640382,0.1));
#1620 = VECTOR('',#1621,1.);
#1621 = DIRECTION('',(-2.22044604925E-16,1.,0.));
#1622 = ORIENTED_EDGE('',*,*,#1623,.T.);
#1623 = EDGE_CURVE('',#1616,#1575,#1624,.T.);
#1624 = LINE('',#1625,#1626);
#1625 = CARTESIAN_POINT('',(-1.835171280765,2.217585640382,0.1));
#1626 = VECTOR('',#1627,1.);
#1627 = DIRECTION('',(0.707106781187,0.707106781187,0.));
#1628 = PLANE('',#1629);
#1629 = AXIS2_PLACEMENT_3D('',#1630,#1631,#1632);
#1630 = CARTESIAN_POINT('',(-1.717585640382,2.335171280765,0.1));
#1631 = DIRECTION('',(0.,0.,1.));
#1632 = DIRECTION('',(0.592513131498,-0.805560791625,0.));
#1633 = ADVANCED_FACE('',(#1634),#1651,.F.);
#1634 = FACE_BOUND('',#1635,.F.);
#1635 = EDGE_LOOP('',(#1636,#1637,#1638,#1646));
#1636 = ORIENTED_EDGE('',*,*,#1584,.T.);
#1637 = ORIENTED_EDGE('',*,*,#1362,.T.);
#1638 = ORIENTED_EDGE('',*,*,#1639,.F.);
#1639 = EDGE_CURVE('',#1640,#1355,#1642,.T.);
#1640 = VERTEX_POINT('',#1641);
#1641 = CARTESIAN_POINT('',(1.775,2.45,0.825));
#1642 = LINE('',#1643,#1644);
#1643 = CARTESIAN_POINT('',(1.775,2.45,0.825));
#1644 = VECTOR('',#1645,1.);
#1645 = DIRECTION('',(0.707106781187,-0.707106781187,0.));
#1646 = ORIENTED_EDGE('',*,*,#1647,.F.);
#1647 = EDGE_CURVE('',#1577,#1640,#1648,.T.);
#1648 = B_SPLINE_CURVE_WITH_KNOTS('',1,(#1649,#1650),.UNSPECIFIED.,.F.,
  .F.,(2,2),(0.,1.),.PIECEWISE_BEZIER_KNOTS.);
#1649 = CARTESIAN_POINT('',(1.717585640382,2.335171280765,0.1));
#1650 = CARTESIAN_POINT('',(1.775,2.45,0.825));
#1651 = B_SPLINE_SURFACE_WITH_KNOTS('',1,1,(
    (#1652,#1653)
    ,(#1654,#1655
    )),.UNSPECIFIED.,.F.,.F.,.F.,(2,2),(2,2),(0.,0.247487373415),(0.,1.)
  ,.PIECEWISE_BEZIER_KNOTS.);
#1652 = CARTESIAN_POINT('',(1.717585640382,2.335171280765,0.1));
#1653 = CARTESIAN_POINT('',(1.775,2.45,0.825));
#1654 = CARTESIAN_POINT('',(1.835171280765,2.217585640382,0.1));
#1655 = CARTESIAN_POINT('',(1.95,2.275,0.825));
#1656 = ADVANCED_FACE('',(#1657),#1674,.F.);
#1657 = FACE_BOUND('',#1658,.F.);
#1658 = EDGE_LOOP('',(#1659,#1660,#1667,#1673));
#1659 = ORIENTED_EDGE('',*,*,#1591,.T.);
#1660 = ORIENTED_EDGE('',*,*,#1661,.T.);
#1661 = EDGE_CURVE('',#1592,#1662,#1664,.T.);
#1662 = VERTEX_POINT('',#1663);
#1663 = CARTESIAN_POINT('',(1.775,-2.45,0.825));
#1664 = B_SPLINE_CURVE_WITH_KNOTS('',1,(#1665,#1666),.UNSPECIFIED.,.F.,
  .F.,(2,2),(0.,1.),.PIECEWISE_BEZIER_KNOTS.);
#1665 = CARTESIAN_POINT('',(1.717585640382,-2.335171280765,0.1));
#1666 = CARTESIAN_POINT('',(1.775,-2.45,0.825));
#1667 = ORIENTED_EDGE('',*,*,#1668,.F.);
#1668 = EDGE_CURVE('',#1293,#1662,#1669,.T.);
#1669 = LINE('',#1670,#1671);
#1670 = CARTESIAN_POINT('',(1.95,-2.275,0.825));
#1671 = VECTOR('',#1672,1.);
#1672 = DIRECTION('',(-0.707106781187,-0.707106781187,0.));
#1673 = ORIENTED_EDGE('',*,*,#1292,.F.);
#1674 = B_SPLINE_SURFACE_WITH_KNOTS('',1,1,(
    (#1675,#1676)
    ,(#1677,#1678
    )),.UNSPECIFIED.,.F.,.F.,.F.,(2,2),(2,2),(0.,0.247487373415),(0.,1.)
  ,.PIECEWISE_BEZIER_KNOTS.);
#1675 = CARTESIAN_POINT('',(1.835171280765,-2.217585640382,0.1));
#1676 = CARTESIAN_POINT('',(1.95,-2.275,0.825));
#1677 = CARTESIAN_POINT('',(1.717585640382,-2.335171280765,0.1));
#1678 = CARTESIAN_POINT('',(1.775,-2.45,0.825));
#1679 = ADVANCED_FACE('',(#1680),#1704,.F.);
#1680 = FACE_BOUND('',#1681,.F.);
#1681 = EDGE_LOOP('',(#1682,#1690,#1691,#1698));
#1682 = ORIENTED_EDGE('',*,*,#1683,.F.);
#1683 = EDGE_CURVE('',#1300,#1684,#1686,.T.);
#1684 = VERTEX_POINT('',#1685);
#1685 = CARTESIAN_POINT('',(1.95,-2.11,1.025));
#1686 = LINE('',#1687,#1688);
#1687 = CARTESIAN_POINT('',(1.95,-2.11,0.778829828783));
#1688 = VECTOR('',#1689,1.);
#1689 = DIRECTION('',(0.,0.,1.));
#1690 = ORIENTED_EDGE('',*,*,#1299,.T.);
#1691 = ORIENTED_EDGE('',*,*,#1692,.T.);
#1692 = EDGE_CURVE('',#1293,#1693,#1695,.T.);
#1693 = VERTEX_POINT('',#1694);
#1694 = CARTESIAN_POINT('',(1.95,-2.275,1.025));
#1695 = B_SPLINE_CURVE_WITH_KNOTS('',1,(#1696,#1697),.UNSPECIFIED.,.F.,
  .F.,(2,2),(0.,1.),.PIECEWISE_BEZIER_KNOTS.);
#1696 = CARTESIAN_POINT('',(1.95,-2.275,0.825));
#1697 = CARTESIAN_POINT('',(1.95,-2.275,1.025));
#1698 = ORIENTED_EDGE('',*,*,#1699,.F.);
#1699 = EDGE_CURVE('',#1684,#1693,#1700,.T.);
#1700 = LINE('',#1701,#1702);
#1701 = CARTESIAN_POINT('',(1.95,2.275,1.025));
#1702 = VECTOR('',#1703,1.);
#1703 = DIRECTION('',(2.22044604925E-16,-1.,0.));
#1704 = PLANE('',#1705);
#1705 = AXIS2_PLACEMENT_3D('',#1706,#1707,#1708);
#1706 = CARTESIAN_POINT('',(1.95,2.275,1.025));
#1707 = DIRECTION('',(-1.,-2.22044604925E-16,0.));
#1708 = DIRECTION('',(2.22044604925E-16,-1.,0.));
#1709 = ADVANCED_FACE('',(#1710),#1735,.F.);
#1710 = FACE_BOUND('',#1711,.F.);
#1711 = EDGE_LOOP('',(#1712,#1720,#1721,#1729));
#1712 = ORIENTED_EDGE('',*,*,#1713,.F.);
#1713 = EDGE_CURVE('',#1308,#1714,#1716,.T.);
#1714 = VERTEX_POINT('',#1715);
#1715 = CARTESIAN_POINT('',(2.25,-1.7,0.825));
#1716 = LINE('',#1717,#1718);
#1717 = CARTESIAN_POINT('',(1.8,-1.7,0.825));
#1718 = VECTOR('',#1719,1.);
#1719 = DIRECTION('',(1.,2.22044604925E-16,0.));
#1720 = ORIENTED_EDGE('',*,*,#1307,.T.);
#1721 = ORIENTED_EDGE('',*,*,#1722,.T.);
#1722 = EDGE_CURVE('',#1300,#1723,#1725,.T.);
#1723 = VERTEX_POINT('',#1724);
#1724 = CARTESIAN_POINT('',(2.25,-2.11,0.825));
#1725 = LINE('',#1726,#1727);
#1726 = CARTESIAN_POINT('',(1.8,-2.11,0.825));
#1727 = VECTOR('',#1728,1.);
#1728 = DIRECTION('',(1.,2.22044604925E-16,0.));
#1729 = ORIENTED_EDGE('',*,*,#1730,.F.);
#1730 = EDGE_CURVE('',#1714,#1723,#1731,.T.);
#1731 = LINE('',#1732,#1733);
#1732 = CARTESIAN_POINT('',(2.25,-1.7,0.825));
#1733 = VECTOR('',#1734,1.);
#1734 = DIRECTION('',(2.22044604925E-16,-1.,0.));
#1735 = PLANE('',#1736);
#1736 = AXIS2_PLACEMENT_3D('',#1737,#1738,#1739);
#1737 = CARTESIAN_POINT('',(1.8,-1.7,0.825));
#1738 = DIRECTION('',(0.,0.,1.));
#1739 = DIRECTION('',(1.,2.22044604925E-16,-0.));
#1740 = ADVANCED_FACE('',(#1741),#1766,.F.);
#1741 = FACE_BOUND('',#1742,.F.);
#1742 = EDGE_LOOP('',(#1743,#1751,#1752,#1760));
#1743 = ORIENTED_EDGE('',*,*,#1744,.F.);
#1744 = EDGE_CURVE('',#1316,#1745,#1747,.T.);
#1745 = VERTEX_POINT('',#1746);
#1746 = CARTESIAN_POINT('',(1.95,-0.84,1.025));
#1747 = LINE('',#1748,#1749);
#1748 = CARTESIAN_POINT('',(1.95,-0.84,0.778829828783));
#1749 = VECTOR('',#1750,1.);
#1750 = DIRECTION('',(0.,0.,1.));
#1751 = ORIENTED_EDGE('',*,*,#1315,.T.);
#1752 = ORIENTED_EDGE('',*,*,#1753,.T.);
#1753 = EDGE_CURVE('',#1308,#1754,#1756,.T.);
#1754 = VERTEX_POINT('',#1755);
#1755 = CARTESIAN_POINT('',(1.95,-1.7,1.025));
#1756 = LINE('',#1757,#1758);
#1757 = CARTESIAN_POINT('',(1.95,-1.7,0.778829828783));
#1758 = VECTOR('',#1759,1.);
#1759 = DIRECTION('',(0.,0.,1.));
#1760 = ORIENTED_EDGE('',*,*,#1761,.F.);
#1761 = EDGE_CURVE('',#1745,#1754,#1762,.T.);
#1762 = LINE('',#1763,#1764);
#1763 = CARTESIAN_POINT('',(1.95,2.275,1.025));
#1764 = VECTOR('',#1765,1.);
#1765 = DIRECTION('',(2.22044604925E-16,-1.,0.));
#1766 = PLANE('',#1767);
#1767 = AXIS2_PLACEMENT_3D('',#1768,#1769,#1770);
#1768 = CARTESIAN_POINT('',(1.95,2.275,1.025));
#1769 = DIRECTION('',(-1.,-2.22044604925E-16,0.));
#1770 = DIRECTION('',(2.22044604925E-16,-1.,0.));
#1771 = ADVANCED_FACE('',(#1772),#1797,.F.);
#1772 = FACE_BOUND('',#1773,.F.);
#1773 = EDGE_LOOP('',(#1774,#1782,#1783,#1791));
#1774 = ORIENTED_EDGE('',*,*,#1775,.F.);
#1775 = EDGE_CURVE('',#1340,#1776,#1778,.T.);
#1776 = VERTEX_POINT('',#1777);
#1777 = CARTESIAN_POINT('',(2.25,0.84,0.825));
#1778 = LINE('',#1779,#1780);
#1779 = CARTESIAN_POINT('',(1.8,0.84,0.825));
#1780 = VECTOR('',#1781,1.);
#1781 = DIRECTION('',(1.,2.22044604925E-16,0.));
#1782 = ORIENTED_EDGE('',*,*,#1339,.T.);
#1783 = ORIENTED_EDGE('',*,*,#1784,.T.);
#1784 = EDGE_CURVE('',#1332,#1785,#1787,.T.);
#1785 = VERTEX_POINT('',#1786);
#1786 = CARTESIAN_POINT('',(2.25,0.43,0.825));
#1787 = LINE('',#1788,#1789);
#1788 = CARTESIAN_POINT('',(1.8,0.43,0.825));
#1789 = VECTOR('',#1790,1.);
#1790 = DIRECTION('',(1.,2.22044604925E-16,0.));
#1791 = ORIENTED_EDGE('',*,*,#1792,.F.);
#1792 = EDGE_CURVE('',#1776,#1785,#1793,.T.);
#1793 = LINE('',#1794,#1795);
#1794 = CARTESIAN_POINT('',(2.25,0.84,0.825));
#1795 = VECTOR('',#1796,1.);
#1796 = DIRECTION('',(2.22044604925E-16,-1.,0.));
#1797 = PLANE('',#1798);
#1798 = AXIS2_PLACEMENT_3D('',#1799,#1800,#1801);
#1799 = CARTESIAN_POINT('',(1.8,0.84,0.825));
#1800 = DIRECTION('',(0.,0.,1.));
#1801 = DIRECTION('',(1.,2.22044604925E-16,-0.));
#1802 = ADVANCED_FACE('',(#1803),#1828,.F.);
#1803 = FACE_BOUND('',#1804,.F.);
#1804 = EDGE_LOOP('',(#1805,#1813,#1814,#1822));
#1805 = ORIENTED_EDGE('',*,*,#1806,.F.);
#1806 = EDGE_CURVE('',#1324,#1807,#1809,.T.);
#1807 = VERTEX_POINT('',#1808);
#1808 = CARTESIAN_POINT('',(2.25,-0.43,0.825));
#1809 = LINE('',#1810,#1811);
#1810 = CARTESIAN_POINT('',(1.8,-0.43,0.825));
#1811 = VECTOR('',#1812,1.);
#1812 = DIRECTION('',(1.,2.22044604925E-16,0.));
#1813 = ORIENTED_EDGE('',*,*,#1323,.T.);
#1814 = ORIENTED_EDGE('',*,*,#1815,.T.);
#1815 = EDGE_CURVE('',#1316,#1816,#1818,.T.);
#1816 = VERTEX_POINT('',#1817);
#1817 = CARTESIAN_POINT('',(2.25,-0.84,0.825));
#1818 = LINE('',#1819,#1820);
#1819 = CARTESIAN_POINT('',(1.8,-0.84,0.825));
#1820 = VECTOR('',#1821,1.);
#1821 = DIRECTION('',(1.,2.22044604925E-16,0.));
#1822 = ORIENTED_EDGE('',*,*,#1823,.F.);
#1823 = EDGE_CURVE('',#1807,#1816,#1824,.T.);
#1824 = LINE('',#1825,#1826);
#1825 = CARTESIAN_POINT('',(2.25,-0.43,0.825));
#1826 = VECTOR('',#1827,1.);
#1827 = DIRECTION('',(2.22044604925E-16,-1.,0.));
#1828 = PLANE('',#1829);
#1829 = AXIS2_PLACEMENT_3D('',#1830,#1831,#1832);
#1830 = CARTESIAN_POINT('',(1.8,-0.43,0.825));
#1831 = DIRECTION('',(0.,0.,1.));
#1832 = DIRECTION('',(1.,2.22044604925E-16,-0.));
#1833 = ADVANCED_FACE('',(#1834),#1859,.F.);
#1834 = FACE_BOUND('',#1835,.F.);
#1835 = EDGE_LOOP('',(#1836,#1844,#1845,#1853));
#1836 = ORIENTED_EDGE('',*,*,#1837,.F.);
#1837 = EDGE_CURVE('',#1332,#1838,#1840,.T.);
#1838 = VERTEX_POINT('',#1839);
#1839 = CARTESIAN_POINT('',(1.95,0.43,1.025));
#1840 = LINE('',#1841,#1842);
#1841 = CARTESIAN_POINT('',(1.95,0.43,0.778829828783));
#1842 = VECTOR('',#1843,1.);
#1843 = DIRECTION('',(0.,0.,1.));
#1844 = ORIENTED_EDGE('',*,*,#1331,.T.);
#1845 = ORIENTED_EDGE('',*,*,#1846,.T.);
#1846 = EDGE_CURVE('',#1324,#1847,#1849,.T.);
#1847 = VERTEX_POINT('',#1848);
#1848 = CARTESIAN_POINT('',(1.95,-0.43,1.025));
#1849 = LINE('',#1850,#1851);
#1850 = CARTESIAN_POINT('',(1.95,-0.43,0.778829828783));
#1851 = VECTOR('',#1852,1.);
#1852 = DIRECTION('',(0.,0.,1.));
#1853 = ORIENTED_EDGE('',*,*,#1854,.F.);
#1854 = EDGE_CURVE('',#1838,#1847,#1855,.T.);
#1855 = LINE('',#1856,#1857);
#1856 = CARTESIAN_POINT('',(1.95,2.275,1.025));
#1857 = VECTOR('',#1858,1.);
#1858 = DIRECTION('',(2.22044604925E-16,-1.,0.));
#1859 = PLANE('',#1860);
#1860 = AXIS2_PLACEMENT_3D('',#1861,#1862,#1863);
#1861 = CARTESIAN_POINT('',(1.95,2.275,1.025));
#1862 = DIRECTION('',(-1.,-2.22044604925E-16,0.));
#1863 = DIRECTION('',(2.22044604925E-16,-1.,0.));
#1864 = ADVANCED_FACE('',(#1865),#1882,.F.);
#1865 = FACE_BOUND('',#1866,.F.);
#1866 = EDGE_LOOP('',(#1867,#1868,#1869,#1877));
#1867 = ORIENTED_EDGE('',*,*,#1639,.T.);
#1868 = ORIENTED_EDGE('',*,*,#1392,.T.);
#1869 = ORIENTED_EDGE('',*,*,#1870,.F.);
#1870 = EDGE_CURVE('',#1871,#1393,#1873,.T.);
#1871 = VERTEX_POINT('',#1872);
#1872 = CARTESIAN_POINT('',(1.775,2.45,1.025));
#1873 = LINE('',#1874,#1875);
#1874 = CARTESIAN_POINT('',(1.775,2.45,1.025));
#1875 = VECTOR('',#1876,1.);
#1876 = DIRECTION('',(0.707106781187,-0.707106781187,0.));
#1877 = ORIENTED_EDGE('',*,*,#1878,.F.);
#1878 = EDGE_CURVE('',#1640,#1871,#1879,.T.);
#1879 = B_SPLINE_CURVE_WITH_KNOTS('',1,(#1880,#1881),.UNSPECIFIED.,.F.,
  .F.,(2,2),(0.,1.),.PIECEWISE_BEZIER_KNOTS.);
#1880 = CARTESIAN_POINT('',(1.775,2.45,0.825));
#1881 = CARTESIAN_POINT('',(1.775,2.45,1.025));
#1882 = PLANE('',#1883);
#1883 = AXIS2_PLACEMENT_3D('',#1884,#1885,#1886);
#1884 = CARTESIAN_POINT('',(1.775,2.45,1.025));
#1885 = DIRECTION('',(-0.707106781187,-0.707106781187,0.));
#1886 = DIRECTION('',(0.707106781187,-0.707106781187,0.));
#1887 = ADVANCED_FACE('',(#1888),#1905,.F.);
#1888 = FACE_BOUND('',#1889,.F.);
#1889 = EDGE_LOOP('',(#1890,#1897,#1898,#1899));
#1890 = ORIENTED_EDGE('',*,*,#1891,.F.);
#1891 = EDGE_CURVE('',#1393,#1892,#1894,.T.);
#1892 = VERTEX_POINT('',#1893);
#1893 = CARTESIAN_POINT('',(1.875,2.2375,1.025));
#1894 = B_SPLINE_CURVE_WITH_KNOTS('',1,(#1895,#1896),.UNSPECIFIED.,.F.,
  .F.,(2,2),(0.,1.),.PIECEWISE_BEZIER_KNOTS.);
#1895 = CARTESIAN_POINT('',(1.95,2.275,1.025));
#1896 = CARTESIAN_POINT('',(1.875,2.2375,1.025));
#1897 = ORIENTED_EDGE('',*,*,#1401,.T.);
#1898 = ORIENTED_EDGE('',*,*,#1439,.T.);
#1899 = ORIENTED_EDGE('',*,*,#1900,.F.);
#1900 = EDGE_CURVE('',#1892,#1432,#1901,.T.);
#1901 = LINE('',#1902,#1903);
#1902 = CARTESIAN_POINT('',(1.875,2.2375,1.025));
#1903 = VECTOR('',#1904,1.);
#1904 = DIRECTION('',(2.22044604925E-16,-1.,0.));
#1905 = B_SPLINE_SURFACE_WITH_KNOTS('',1,1,(
    (#1906,#1907)
    ,(#1908,#1909
    )),.UNSPECIFIED.,.F.,.F.,.F.,(2,2),(2,2),(0.,4.55),(0.,1.),
  .PIECEWISE_BEZIER_KNOTS.);
#1906 = CARTESIAN_POINT('',(1.95,2.275,1.025));
#1907 = CARTESIAN_POINT('',(1.875,2.2375,1.025));
#1908 = CARTESIAN_POINT('',(1.95,-2.275,1.025));
#1909 = CARTESIAN_POINT('',(1.875,-2.2375,1.025));
#1910 = ADVANCED_FACE('',(#1911),#1991,.F.);
#1911 = FACE_BOUND('',#1912,.F.);
#1912 = EDGE_LOOP('',(#1913,#1914,#1915,#1923,#1931,#1939,#1947,#1955,
    #1963,#1971,#1978,#1986));
#1913 = ORIENTED_EDGE('',*,*,#1900,.T.);
#1914 = ORIENTED_EDGE('',*,*,#1431,.T.);
#1915 = ORIENTED_EDGE('',*,*,#1916,.T.);
#1916 = EDGE_CURVE('',#1424,#1917,#1919,.T.);
#1917 = VERTEX_POINT('',#1918);
#1918 = CARTESIAN_POINT('',(1.875,0.84,1.025));
#1919 = LINE('',#1920,#1921);
#1920 = CARTESIAN_POINT('',(1.875,2.2375,1.025));
#1921 = VECTOR('',#1922,1.);
#1922 = DIRECTION('',(2.22044604925E-16,-1.,0.));
#1923 = ORIENTED_EDGE('',*,*,#1924,.T.);
#1924 = EDGE_CURVE('',#1917,#1925,#1927,.T.);
#1925 = VERTEX_POINT('',#1926);
#1926 = CARTESIAN_POINT('',(1.875,0.43,1.025));
#1927 = LINE('',#1928,#1929);
#1928 = CARTESIAN_POINT('',(1.875,2.2375,1.025));
#1929 = VECTOR('',#1930,1.);
#1930 = DIRECTION('',(2.22044604925E-16,-1.,0.));
#1931 = ORIENTED_EDGE('',*,*,#1932,.T.);
#1932 = EDGE_CURVE('',#1925,#1933,#1935,.T.);
#1933 = VERTEX_POINT('',#1934);
#1934 = CARTESIAN_POINT('',(1.875,-0.43,1.025));
#1935 = LINE('',#1936,#1937);
#1936 = CARTESIAN_POINT('',(1.875,2.2375,1.025));
#1937 = VECTOR('',#1938,1.);
#1938 = DIRECTION('',(2.22044604925E-16,-1.,0.));
#1939 = ORIENTED_EDGE('',*,*,#1940,.T.);
#1940 = EDGE_CURVE('',#1933,#1941,#1943,.T.);
#1941 = VERTEX_POINT('',#1942);
#1942 = CARTESIAN_POINT('',(1.875,-0.84,1.025));
#1943 = LINE('',#1944,#1945);
#1944 = CARTESIAN_POINT('',(1.875,2.2375,1.025));
#1945 = VECTOR('',#1946,1.);
#1946 = DIRECTION('',(2.22044604925E-16,-1.,0.));
#1947 = ORIENTED_EDGE('',*,*,#1948,.T.);
#1948 = EDGE_CURVE('',#1941,#1949,#1951,.T.);
#1949 = VERTEX_POINT('',#1950);
#1950 = CARTESIAN_POINT('',(1.875,-1.7,1.025));
#1951 = LINE('',#1952,#1953);
#1952 = CARTESIAN_POINT('',(1.875,2.2375,1.025));
#1953 = VECTOR('',#1954,1.);
#1954 = DIRECTION('',(2.22044604925E-16,-1.,0.));
#1955 = ORIENTED_EDGE('',*,*,#1956,.T.);
#1956 = EDGE_CURVE('',#1949,#1957,#1959,.T.);
#1957 = VERTEX_POINT('',#1958);
#1958 = CARTESIAN_POINT('',(1.875,-2.11,1.025));
#1959 = LINE('',#1960,#1961);
#1960 = CARTESIAN_POINT('',(1.875,2.2375,1.025));
#1961 = VECTOR('',#1962,1.);
#1962 = DIRECTION('',(2.22044604925E-16,-1.,0.));
#1963 = ORIENTED_EDGE('',*,*,#1964,.T.);
#1964 = EDGE_CURVE('',#1957,#1965,#1967,.T.);
#1965 = VERTEX_POINT('',#1966);
#1966 = CARTESIAN_POINT('',(1.875,-2.2375,1.025));
#1967 = LINE('',#1968,#1969);
#1968 = CARTESIAN_POINT('',(1.875,2.2375,1.025));
#1969 = VECTOR('',#1970,1.);
#1970 = DIRECTION('',(2.22044604925E-16,-1.,0.));
#1971 = ORIENTED_EDGE('',*,*,#1972,.T.);
#1972 = EDGE_CURVE('',#1965,#1973,#1975,.T.);
#1973 = VERTEX_POINT('',#1974);
#1974 = CARTESIAN_POINT('',(1.760171280765,-2.180085640382,1.75));
#1975 = B_SPLINE_CURVE_WITH_KNOTS('',1,(#1976,#1977),.UNSPECIFIED.,.F.,
  .F.,(2,2),(0.,1.),.PIECEWISE_BEZIER_KNOTS.);
#1976 = CARTESIAN_POINT('',(1.875,-2.2375,1.025));
#1977 = CARTESIAN_POINT('',(1.760171280765,-2.180085640382,1.75));
#1978 = ORIENTED_EDGE('',*,*,#1979,.F.);
#1979 = EDGE_CURVE('',#1980,#1973,#1982,.T.);
#1980 = VERTEX_POINT('',#1981);
#1981 = CARTESIAN_POINT('',(1.760171280765,2.180085640382,1.75));
#1982 = LINE('',#1983,#1984);
#1983 = CARTESIAN_POINT('',(1.760171280765,2.180085640382,1.75));
#1984 = VECTOR('',#1985,1.);
#1985 = DIRECTION('',(2.22044604925E-16,-1.,0.));
#1986 = ORIENTED_EDGE('',*,*,#1987,.F.);
#1987 = EDGE_CURVE('',#1892,#1980,#1988,.T.);
#1988 = B_SPLINE_CURVE_WITH_KNOTS('',1,(#1989,#1990),.UNSPECIFIED.,.F.,
  .F.,(2,2),(0.,1.),.PIECEWISE_BEZIER_KNOTS.);
#1989 = CARTESIAN_POINT('',(1.875,2.2375,1.025));
#1990 = CARTESIAN_POINT('',(1.760171280765,2.180085640382,1.75));
#1991 = B_SPLINE_SURFACE_WITH_KNOTS('',1,1,(
    (#1992,#1993)
    ,(#1994,#1995
    )),.UNSPECIFIED.,.F.,.F.,.F.,(2,2),(2,2),(0.,4.475),(0.,1.),
  .PIECEWISE_BEZIER_KNOTS.);
#1992 = CARTESIAN_POINT('',(1.875,2.2375,1.025));
#1993 = CARTESIAN_POINT('',(1.760171280765,2.180085640382,1.75));
#1994 = CARTESIAN_POINT('',(1.875,-2.2375,1.025));
#1995 = CARTESIAN_POINT('',(1.760171280765,-2.180085640382,1.75));
#1996 = ADVANCED_FACE('',(#1997),#2008,.F.);
#1997 = FACE_BOUND('',#1998,.F.);
#1998 = EDGE_LOOP('',(#1999,#2000,#2001,#2007));
#1999 = ORIENTED_EDGE('',*,*,#1423,.F.);
#2000 = ORIENTED_EDGE('',*,*,#1560,.T.);
#2001 = ORIENTED_EDGE('',*,*,#2002,.T.);
#2002 = EDGE_CURVE('',#1553,#1917,#2003,.T.);
#2003 = LINE('',#2004,#2005);
#2004 = CARTESIAN_POINT('',(2.25,0.84,1.025));
#2005 = VECTOR('',#2006,1.);
#2006 = DIRECTION('',(-1.,-2.22044604925E-16,0.));
#2007 = ORIENTED_EDGE('',*,*,#1916,.F.);
#2008 = B_SPLINE_SURFACE_WITH_KNOTS('',1,1,(
    (#2009,#2010)
    ,(#2011,#2012
    )),.UNSPECIFIED.,.F.,.F.,.F.,(2,2),(2,2),(0.,4.55),(0.,1.),
  .PIECEWISE_BEZIER_KNOTS.);
#2009 = CARTESIAN_POINT('',(1.95,2.275,1.025));
#2010 = CARTESIAN_POINT('',(1.875,2.2375,1.025));
#2011 = CARTESIAN_POINT('',(1.95,-2.275,1.025));
#2012 = CARTESIAN_POINT('',(1.875,-2.2375,1.025));
#2013 = ADVANCED_FACE('',(#2014),#2100,.F.);
#2014 = FACE_BOUND('',#2015,.F.);
#2015 = EDGE_LOOP('',(#2016,#2017,#2018,#2027,#2035,#2044,#2052,#2060,
    #2068,#2077,#2085,#2094));
#2016 = ORIENTED_EDGE('',*,*,#1552,.F.);
#2017 = ORIENTED_EDGE('',*,*,#1775,.T.);
#2018 = ORIENTED_EDGE('',*,*,#2019,.T.);
#2019 = EDGE_CURVE('',#1776,#2020,#2022,.T.);
#2020 = VERTEX_POINT('',#2021);
#2021 = CARTESIAN_POINT('',(2.35,0.84,0.725));
#2022 = CIRCLE('',#2023,0.1);
#2023 = AXIS2_PLACEMENT_3D('',#2024,#2025,#2026);
#2024 = CARTESIAN_POINT('',(2.25,0.84,0.725));
#2025 = DIRECTION('',(-2.22044604925E-16,1.,4.379057699844E-47));
#2026 = DIRECTION('',(4.440892098501E-15,9.860761315262E-31,1.));
#2027 = ORIENTED_EDGE('',*,*,#2028,.T.);
#2028 = EDGE_CURVE('',#2020,#2029,#2031,.T.);
#2029 = VERTEX_POINT('',#2030);
#2030 = CARTESIAN_POINT('',(2.35,0.84,0.3));
#2031 = LINE('',#2032,#2033);
#2032 = CARTESIAN_POINT('',(2.35,0.84,0.725));
#2033 = VECTOR('',#2034,1.);
#2034 = DIRECTION('',(1.044915787883E-15,2.320179133003E-31,-1.));
#2035 = ORIENTED_EDGE('',*,*,#2036,.T.);
#2036 = EDGE_CURVE('',#2029,#2037,#2039,.T.);
#2037 = VERTEX_POINT('',#2038);
#2038 = CARTESIAN_POINT('',(2.65,0.84,5.551115123126E-17));
#2039 = CIRCLE('',#2040,0.3);
#2040 = AXIS2_PLACEMENT_3D('',#2041,#2042,#2043);
#2041 = CARTESIAN_POINT('',(2.65,0.84,0.3));
#2042 = DIRECTION('',(2.22044604925E-16,-1.,0.));
#2043 = DIRECTION('',(-1.,-2.22044604925E-16,3.515706244646E-15));
#2044 = ORIENTED_EDGE('',*,*,#2045,.T.);
#2045 = EDGE_CURVE('',#2037,#2046,#2048,.T.);
#2046 = VERTEX_POINT('',#2047);
#2047 = CARTESIAN_POINT('',(3.,0.84,5.551115123126E-17));
#2048 = LINE('',#2049,#2050);
#2049 = CARTESIAN_POINT('',(2.65,0.84,5.551115123126E-17));
#2050 = VECTOR('',#2051,1.);
#2051 = DIRECTION('',(1.,2.22044604925E-16,0.));
#2052 = ORIENTED_EDGE('',*,*,#2053,.T.);
#2053 = EDGE_CURVE('',#2046,#2054,#2056,.T.);
#2054 = VERTEX_POINT('',#2055);
#2055 = CARTESIAN_POINT('',(3.,0.84,0.2));
#2056 = LINE('',#2057,#2058);
#2057 = CARTESIAN_POINT('',(3.,0.84,5.551115123126E-17));
#2058 = VECTOR('',#2059,1.);
#2059 = DIRECTION('',(0.,0.,1.));
#2060 = ORIENTED_EDGE('',*,*,#2061,.T.);
#2061 = EDGE_CURVE('',#2054,#2062,#2064,.T.);
#2062 = VERTEX_POINT('',#2063);
#2063 = CARTESIAN_POINT('',(2.65,0.84,0.2));
#2064 = LINE('',#2065,#2066);
#2065 = CARTESIAN_POINT('',(3.,0.84,0.2));
#2066 = VECTOR('',#2067,1.);
#2067 = DIRECTION('',(-1.,-2.22044604925E-16,0.));
#2068 = ORIENTED_EDGE('',*,*,#2069,.T.);
#2069 = EDGE_CURVE('',#2062,#2070,#2072,.T.);
#2070 = VERTEX_POINT('',#2071);
#2071 = CARTESIAN_POINT('',(2.55,0.84,0.3));
#2072 = CIRCLE('',#2073,0.1);
#2073 = AXIS2_PLACEMENT_3D('',#2074,#2075,#2076);
#2074 = CARTESIAN_POINT('',(2.65,0.84,0.3));
#2075 = DIRECTION('',(-2.22044604925E-16,1.,0.));
#2076 = DIRECTION('',(0.,0.,-1.));
#2077 = ORIENTED_EDGE('',*,*,#2078,.T.);
#2078 = EDGE_CURVE('',#2070,#2079,#2081,.T.);
#2079 = VERTEX_POINT('',#2080);
#2080 = CARTESIAN_POINT('',(2.55,0.84,0.725));
#2081 = LINE('',#2082,#2083);
#2082 = CARTESIAN_POINT('',(2.55,0.84,0.3));
#2083 = VECTOR('',#2084,1.);
#2084 = DIRECTION('',(0.,0.,1.));
#2085 = ORIENTED_EDGE('',*,*,#2086,.T.);
#2086 = EDGE_CURVE('',#2079,#2087,#2089,.T.);
#2087 = VERTEX_POINT('',#2088);
#2088 = CARTESIAN_POINT('',(2.25,0.84,1.025));
#2089 = CIRCLE('',#2090,0.3);
#2090 = AXIS2_PLACEMENT_3D('',#2091,#2092,#2093);
#2091 = CARTESIAN_POINT('',(2.25,0.84,0.725));
#2092 = DIRECTION('',(2.22044604925E-16,-1.,0.));
#2093 = DIRECTION('',(1.,2.22044604925E-16,3.700743415417E-16));
#2094 = ORIENTED_EDGE('',*,*,#2095,.T.);
#2095 = EDGE_CURVE('',#2087,#1553,#2096,.T.);
#2096 = LINE('',#2097,#2098);
#2097 = CARTESIAN_POINT('',(2.25,0.84,1.025));
#2098 = VECTOR('',#2099,1.);
#2099 = DIRECTION('',(-1.,-2.22044604925E-16,0.));
#2100 = PLANE('',#2101);
#2101 = AXIS2_PLACEMENT_3D('',#2102,#2103,#2104);
#2102 = CARTESIAN_POINT('',(2.41578967201,0.84,0.532659657565));
#2103 = DIRECTION('',(2.22044604925E-16,-1.,0.));
#2104 = DIRECTION('',(0.,0.,1.));
#2105 = ADVANCED_FACE('',(#2106),#2123,.F.);
#2106 = FACE_BOUND('',#2107,.F.);
#2107 = EDGE_LOOP('',(#2108,#2109,#2110,#2118));
#2108 = ORIENTED_EDGE('',*,*,#1574,.T.);
#2109 = ORIENTED_EDGE('',*,*,#1647,.T.);
#2110 = ORIENTED_EDGE('',*,*,#2111,.F.);
#2111 = EDGE_CURVE('',#2112,#1640,#2114,.T.);
#2112 = VERTEX_POINT('',#2113);
#2113 = CARTESIAN_POINT('',(-1.775,2.45,0.825));
#2114 = LINE('',#2115,#2116);
#2115 = CARTESIAN_POINT('',(-1.775,2.45,0.825));
#2116 = VECTOR('',#2117,1.);
#2117 = DIRECTION('',(1.,2.22044604925E-16,0.));
#2118 = ORIENTED_EDGE('',*,*,#2119,.F.);
#2119 = EDGE_CURVE('',#1575,#2112,#2120,.T.);
#2120 = B_SPLINE_CURVE_WITH_KNOTS('',1,(#2121,#2122),.UNSPECIFIED.,.F.,
  .F.,(2,2),(0.,1.),.PIECEWISE_BEZIER_KNOTS.);
#2121 = CARTESIAN_POINT('',(-1.717585640382,2.335171280765,0.1));
#2122 = CARTESIAN_POINT('',(-1.775,2.45,0.825));
#2123 = B_SPLINE_SURFACE_WITH_KNOTS('',1,1,(
    (#2124,#2125)
    ,(#2126,#2127
    )),.UNSPECIFIED.,.F.,.F.,.F.,(2,2),(2,2),(0.,3.55),(0.,1.),
  .PIECEWISE_BEZIER_KNOTS.);
#2124 = CARTESIAN_POINT('',(-1.717585640382,2.335171280765,0.1));
#2125 = CARTESIAN_POINT('',(-1.775,2.45,0.825));
#2126 = CARTESIAN_POINT('',(1.717585640382,2.335171280765,0.1));
#2127 = CARTESIAN_POINT('',(1.775,2.45,0.825));
#2128 = ADVANCED_FACE('',(#2129),#2146,.F.);
#2129 = FACE_BOUND('',#2130,.F.);
#2130 = EDGE_LOOP('',(#2131,#2132,#2139,#2145));
#2131 = ORIENTED_EDGE('',*,*,#1599,.T.);
#2132 = ORIENTED_EDGE('',*,*,#2133,.T.);
#2133 = EDGE_CURVE('',#1600,#2134,#2136,.T.);
#2134 = VERTEX_POINT('',#2135);
#2135 = CARTESIAN_POINT('',(-1.775,-2.45,0.825));
#2136 = B_SPLINE_CURVE_WITH_KNOTS('',1,(#2137,#2138),.UNSPECIFIED.,.F.,
  .F.,(2,2),(0.,1.),.PIECEWISE_BEZIER_KNOTS.);
#2137 = CARTESIAN_POINT('',(-1.717585640382,-2.335171280765,0.1));
#2138 = CARTESIAN_POINT('',(-1.775,-2.45,0.825));
#2139 = ORIENTED_EDGE('',*,*,#2140,.F.);
#2140 = EDGE_CURVE('',#1662,#2134,#2141,.T.);
#2141 = LINE('',#2142,#2143);
#2142 = CARTESIAN_POINT('',(1.775,-2.45,0.825));
#2143 = VECTOR('',#2144,1.);
#2144 = DIRECTION('',(-1.,-2.22044604925E-16,0.));
#2145 = ORIENTED_EDGE('',*,*,#1661,.F.);
#2146 = B_SPLINE_SURFACE_WITH_KNOTS('',1,1,(
    (#2147,#2148)
    ,(#2149,#2150
    )),.UNSPECIFIED.,.F.,.F.,.F.,(2,2),(2,2),(0.,3.55),(0.,1.),
  .PIECEWISE_BEZIER_KNOTS.);
#2147 = CARTESIAN_POINT('',(1.717585640382,-2.335171280765,0.1));
#2148 = CARTESIAN_POINT('',(1.775,-2.45,0.825));
#2149 = CARTESIAN_POINT('',(-1.717585640382,-2.335171280765,0.1));
#2150 = CARTESIAN_POINT('',(-1.775,-2.45,0.825));
#2151 = ADVANCED_FACE('',(#2152),#2169,.F.);
#2152 = FACE_BOUND('',#2153,.F.);
#2153 = EDGE_LOOP('',(#2154,#2155,#2162,#2168));
#2154 = ORIENTED_EDGE('',*,*,#1607,.T.);
#2155 = ORIENTED_EDGE('',*,*,#2156,.T.);
#2156 = EDGE_CURVE('',#1608,#2157,#2159,.T.);
#2157 = VERTEX_POINT('',#2158);
#2158 = CARTESIAN_POINT('',(-1.95,-2.275,0.825));
#2159 = B_SPLINE_CURVE_WITH_KNOTS('',1,(#2160,#2161),.UNSPECIFIED.,.F.,
  .F.,(2,2),(0.,1.),.PIECEWISE_BEZIER_KNOTS.);
#2160 = CARTESIAN_POINT('',(-1.835171280765,-2.217585640382,0.1));
#2161 = CARTESIAN_POINT('',(-1.95,-2.275,0.825));
#2162 = ORIENTED_EDGE('',*,*,#2163,.F.);
#2163 = EDGE_CURVE('',#2134,#2157,#2164,.T.);
#2164 = LINE('',#2165,#2166);
#2165 = CARTESIAN_POINT('',(-1.775,-2.45,0.825));
#2166 = VECTOR('',#2167,1.);
#2167 = DIRECTION('',(-0.707106781187,0.707106781187,0.));
#2168 = ORIENTED_EDGE('',*,*,#2133,.F.);
#2169 = B_SPLINE_SURFACE_WITH_KNOTS('',1,1,(
    (#2170,#2171)
    ,(#2172,#2173
    )),.UNSPECIFIED.,.F.,.F.,.F.,(2,2),(2,2),(0.,0.247487373415),(0.,1.)
  ,.PIECEWISE_BEZIER_KNOTS.);
#2170 = CARTESIAN_POINT('',(-1.717585640382,-2.335171280765,0.1));
#2171 = CARTESIAN_POINT('',(-1.775,-2.45,0.825));
#2172 = CARTESIAN_POINT('',(-1.835171280765,-2.217585640382,0.1));
#2173 = CARTESIAN_POINT('',(-1.95,-2.275,0.825));
#2174 = ADVANCED_FACE('',(#2175),#2256,.F.);
#2175 = FACE_BOUND('',#2176,.F.);
#2176 = EDGE_LOOP('',(#2177,#2178,#2185,#2193,#2201,#2209,#2217,#2225,
    #2233,#2241,#2249,#2255));
#2177 = ORIENTED_EDGE('',*,*,#1615,.T.);
#2178 = ORIENTED_EDGE('',*,*,#2179,.T.);
#2179 = EDGE_CURVE('',#1616,#2180,#2182,.T.);
#2180 = VERTEX_POINT('',#2181);
#2181 = CARTESIAN_POINT('',(-1.95,2.275,0.825));
#2182 = B_SPLINE_CURVE_WITH_KNOTS('',1,(#2183,#2184),.UNSPECIFIED.,.F.,
  .F.,(2,2),(0.,1.),.PIECEWISE_BEZIER_KNOTS.);
#2183 = CARTESIAN_POINT('',(-1.835171280765,2.217585640382,0.1));
#2184 = CARTESIAN_POINT('',(-1.95,2.275,0.825));
#2185 = ORIENTED_EDGE('',*,*,#2186,.F.);
#2186 = EDGE_CURVE('',#2187,#2180,#2189,.T.);
#2187 = VERTEX_POINT('',#2188);
#2188 = CARTESIAN_POINT('',(-1.95,2.11,0.825));
#2189 = LINE('',#2190,#2191);
#2190 = CARTESIAN_POINT('',(-1.95,-2.275,0.825));
#2191 = VECTOR('',#2192,1.);
#2192 = DIRECTION('',(-2.22044604925E-16,1.,0.));
#2193 = ORIENTED_EDGE('',*,*,#2194,.F.);
#2194 = EDGE_CURVE('',#2195,#2187,#2197,.T.);
#2195 = VERTEX_POINT('',#2196);
#2196 = CARTESIAN_POINT('',(-1.95,1.7,0.825));
#2197 = LINE('',#2198,#2199);
#2198 = CARTESIAN_POINT('',(-1.95,-2.275,0.825));
#2199 = VECTOR('',#2200,1.);
#2200 = DIRECTION('',(-2.22044604925E-16,1.,0.));
#2201 = ORIENTED_EDGE('',*,*,#2202,.F.);
#2202 = EDGE_CURVE('',#2203,#2195,#2205,.T.);
#2203 = VERTEX_POINT('',#2204);
#2204 = CARTESIAN_POINT('',(-1.95,0.84,0.825));
#2205 = LINE('',#2206,#2207);
#2206 = CARTESIAN_POINT('',(-1.95,-2.275,0.825));
#2207 = VECTOR('',#2208,1.);
#2208 = DIRECTION('',(-2.22044604925E-16,1.,0.));
#2209 = ORIENTED_EDGE('',*,*,#2210,.F.);
#2210 = EDGE_CURVE('',#2211,#2203,#2213,.T.);
#2211 = VERTEX_POINT('',#2212);
#2212 = CARTESIAN_POINT('',(-1.95,0.43,0.825));
#2213 = LINE('',#2214,#2215);
#2214 = CARTESIAN_POINT('',(-1.95,-2.275,0.825));
#2215 = VECTOR('',#2216,1.);
#2216 = DIRECTION('',(-2.22044604925E-16,1.,0.));
#2217 = ORIENTED_EDGE('',*,*,#2218,.F.);
#2218 = EDGE_CURVE('',#2219,#2211,#2221,.T.);
#2219 = VERTEX_POINT('',#2220);
#2220 = CARTESIAN_POINT('',(-1.95,-0.43,0.825));
#2221 = LINE('',#2222,#2223);
#2222 = CARTESIAN_POINT('',(-1.95,-2.275,0.825));
#2223 = VECTOR('',#2224,1.);
#2224 = DIRECTION('',(-2.22044604925E-16,1.,0.));
#2225 = ORIENTED_EDGE('',*,*,#2226,.F.);
#2226 = EDGE_CURVE('',#2227,#2219,#2229,.T.);
#2227 = VERTEX_POINT('',#2228);
#2228 = CARTESIAN_POINT('',(-1.95,-0.84,0.825));
#2229 = LINE('',#2230,#2231);
#2230 = CARTESIAN_POINT('',(-1.95,-2.275,0.825));
#2231 = VECTOR('',#2232,1.);
#2232 = DIRECTION('',(-2.22044604925E-16,1.,0.));
#2233 = ORIENTED_EDGE('',*,*,#2234,.F.);
#2234 = EDGE_CURVE('',#2235,#2227,#2237,.T.);
#2235 = VERTEX_POINT('',#2236);
#2236 = CARTESIAN_POINT('',(-1.95,-1.7,0.825));
#2237 = LINE('',#2238,#2239);
#2238 = CARTESIAN_POINT('',(-1.95,-2.275,0.825));
#2239 = VECTOR('',#2240,1.);
#2240 = DIRECTION('',(-2.22044604925E-16,1.,0.));
#2241 = ORIENTED_EDGE('',*,*,#2242,.F.);
#2242 = EDGE_CURVE('',#2243,#2235,#2245,.T.);
#2243 = VERTEX_POINT('',#2244);
#2244 = CARTESIAN_POINT('',(-1.95,-2.11,0.825));
#2245 = LINE('',#2246,#2247);
#2246 = CARTESIAN_POINT('',(-1.95,-2.275,0.825));
#2247 = VECTOR('',#2248,1.);
#2248 = DIRECTION('',(-2.22044604925E-16,1.,0.));
#2249 = ORIENTED_EDGE('',*,*,#2250,.F.);
#2250 = EDGE_CURVE('',#2157,#2243,#2251,.T.);
#2251 = LINE('',#2252,#2253);
#2252 = CARTESIAN_POINT('',(-1.95,-2.275,0.825));
#2253 = VECTOR('',#2254,1.);
#2254 = DIRECTION('',(-2.22044604925E-16,1.,0.));
#2255 = ORIENTED_EDGE('',*,*,#2156,.F.);
#2256 = B_SPLINE_SURFACE_WITH_KNOTS('',1,1,(
    (#2257,#2258)
    ,(#2259,#2260
    )),.UNSPECIFIED.,.F.,.F.,.F.,(2,2),(2,2),(0.,4.55),(0.,1.),
  .PIECEWISE_BEZIER_KNOTS.);
#2257 = CARTESIAN_POINT('',(-1.835171280765,-2.217585640382,0.1));
#2258 = CARTESIAN_POINT('',(-1.95,-2.275,0.825));
#2259 = CARTESIAN_POINT('',(-1.835171280765,2.217585640382,0.1));
#2260 = CARTESIAN_POINT('',(-1.95,2.275,0.825));
#2261 = ADVANCED_FACE('',(#2262),#2273,.F.);
#2262 = FACE_BOUND('',#2263,.F.);
#2263 = EDGE_LOOP('',(#2264,#2265,#2266,#2272));
#2264 = ORIENTED_EDGE('',*,*,#1623,.T.);
#2265 = ORIENTED_EDGE('',*,*,#2119,.T.);
#2266 = ORIENTED_EDGE('',*,*,#2267,.F.);
#2267 = EDGE_CURVE('',#2180,#2112,#2268,.T.);
#2268 = LINE('',#2269,#2270);
#2269 = CARTESIAN_POINT('',(-1.95,2.275,0.825));
#2270 = VECTOR('',#2271,1.);
#2271 = DIRECTION('',(0.707106781187,0.707106781187,0.));
#2272 = ORIENTED_EDGE('',*,*,#2179,.F.);
#2273 = B_SPLINE_SURFACE_WITH_KNOTS('',1,1,(
    (#2274,#2275)
    ,(#2276,#2277
    )),.UNSPECIFIED.,.F.,.F.,.F.,(2,2),(2,2),(0.,0.247487373415),(0.,1.)
  ,.PIECEWISE_BEZIER_KNOTS.);
#2274 = CARTESIAN_POINT('',(-1.835171280765,2.217585640382,0.1));
#2275 = CARTESIAN_POINT('',(-1.95,2.275,0.825));
#2276 = CARTESIAN_POINT('',(-1.717585640382,2.335171280765,0.1));
#2277 = CARTESIAN_POINT('',(-1.775,2.45,0.825));
#2278 = ADVANCED_FACE('',(#2279),#2296,.F.);
#2279 = FACE_BOUND('',#2280,.F.);
#2280 = EDGE_LOOP('',(#2281,#2282,#2289,#2295));
#2281 = ORIENTED_EDGE('',*,*,#1668,.T.);
#2282 = ORIENTED_EDGE('',*,*,#2283,.T.);
#2283 = EDGE_CURVE('',#1662,#2284,#2286,.T.);
#2284 = VERTEX_POINT('',#2285);
#2285 = CARTESIAN_POINT('',(1.775,-2.45,1.025));
#2286 = B_SPLINE_CURVE_WITH_KNOTS('',1,(#2287,#2288),.UNSPECIFIED.,.F.,
  .F.,(2,2),(0.,1.),.PIECEWISE_BEZIER_KNOTS.);
#2287 = CARTESIAN_POINT('',(1.775,-2.45,0.825));
#2288 = CARTESIAN_POINT('',(1.775,-2.45,1.025));
#2289 = ORIENTED_EDGE('',*,*,#2290,.F.);
#2290 = EDGE_CURVE('',#1693,#2284,#2291,.T.);
#2291 = LINE('',#2292,#2293);
#2292 = CARTESIAN_POINT('',(1.95,-2.275,1.025));
#2293 = VECTOR('',#2294,1.);
#2294 = DIRECTION('',(-0.707106781187,-0.707106781187,0.));
#2295 = ORIENTED_EDGE('',*,*,#1692,.F.);
#2296 = PLANE('',#2297);
#2297 = AXIS2_PLACEMENT_3D('',#2298,#2299,#2300);
#2298 = CARTESIAN_POINT('',(1.95,-2.275,1.025));
#2299 = DIRECTION('',(-0.707106781187,0.707106781187,0.));
#2300 = DIRECTION('',(-0.707106781187,-0.707106781187,0.));
#2301 = ADVANCED_FACE('',(#2302),#2388,.T.);
#2302 = FACE_BOUND('',#2303,.T.);
#2303 = EDGE_LOOP('',(#2304,#2305,#2306,#2315,#2323,#2332,#2340,#2348,
    #2356,#2365,#2373,#2382));
#2304 = ORIENTED_EDGE('',*,*,#1683,.F.);
#2305 = ORIENTED_EDGE('',*,*,#1722,.T.);
#2306 = ORIENTED_EDGE('',*,*,#2307,.T.);
#2307 = EDGE_CURVE('',#1723,#2308,#2310,.T.);
#2308 = VERTEX_POINT('',#2309);
#2309 = CARTESIAN_POINT('',(2.35,-2.11,0.725));
#2310 = CIRCLE('',#2311,0.1);
#2311 = AXIS2_PLACEMENT_3D('',#2312,#2313,#2314);
#2312 = CARTESIAN_POINT('',(2.25,-2.11,0.725));
#2313 = DIRECTION('',(-2.22044604925E-16,1.,4.379057699844E-47));
#2314 = DIRECTION('',(4.440892098501E-15,9.860761315262E-31,1.));
#2315 = ORIENTED_EDGE('',*,*,#2316,.T.);
#2316 = EDGE_CURVE('',#2308,#2317,#2319,.T.);
#2317 = VERTEX_POINT('',#2318);
#2318 = CARTESIAN_POINT('',(2.35,-2.11,0.3));
#2319 = LINE('',#2320,#2321);
#2320 = CARTESIAN_POINT('',(2.35,-2.11,0.725));
#2321 = VECTOR('',#2322,1.);
#2322 = DIRECTION('',(1.044915787883E-15,2.320179133003E-31,-1.));
#2323 = ORIENTED_EDGE('',*,*,#2324,.T.);
#2324 = EDGE_CURVE('',#2317,#2325,#2327,.T.);
#2325 = VERTEX_POINT('',#2326);
#2326 = CARTESIAN_POINT('',(2.65,-2.11,5.551115123126E-17));
#2327 = CIRCLE('',#2328,0.3);
#2328 = AXIS2_PLACEMENT_3D('',#2329,#2330,#2331);
#2329 = CARTESIAN_POINT('',(2.65,-2.11,0.3));
#2330 = DIRECTION('',(2.22044604925E-16,-1.,0.));
#2331 = DIRECTION('',(-1.,-2.22044604925E-16,3.515706244646E-15));
#2332 = ORIENTED_EDGE('',*,*,#2333,.T.);
#2333 = EDGE_CURVE('',#2325,#2334,#2336,.T.);
#2334 = VERTEX_POINT('',#2335);
#2335 = CARTESIAN_POINT('',(3.,-2.11,5.551115123126E-17));
#2336 = LINE('',#2337,#2338);
#2337 = CARTESIAN_POINT('',(2.65,-2.11,5.551115123126E-17));
#2338 = VECTOR('',#2339,1.);
#2339 = DIRECTION('',(1.,2.22044604925E-16,0.));
#2340 = ORIENTED_EDGE('',*,*,#2341,.T.);
#2341 = EDGE_CURVE('',#2334,#2342,#2344,.T.);
#2342 = VERTEX_POINT('',#2343);
#2343 = CARTESIAN_POINT('',(3.,-2.11,0.2));
#2344 = LINE('',#2345,#2346);
#2345 = CARTESIAN_POINT('',(3.,-2.11,5.551115123126E-17));
#2346 = VECTOR('',#2347,1.);
#2347 = DIRECTION('',(0.,0.,1.));
#2348 = ORIENTED_EDGE('',*,*,#2349,.T.);
#2349 = EDGE_CURVE('',#2342,#2350,#2352,.T.);
#2350 = VERTEX_POINT('',#2351);
#2351 = CARTESIAN_POINT('',(2.65,-2.11,0.2));
#2352 = LINE('',#2353,#2354);
#2353 = CARTESIAN_POINT('',(3.,-2.11,0.2));
#2354 = VECTOR('',#2355,1.);
#2355 = DIRECTION('',(-1.,-2.22044604925E-16,0.));
#2356 = ORIENTED_EDGE('',*,*,#2357,.T.);
#2357 = EDGE_CURVE('',#2350,#2358,#2360,.T.);
#2358 = VERTEX_POINT('',#2359);
#2359 = CARTESIAN_POINT('',(2.55,-2.11,0.3));
#2360 = CIRCLE('',#2361,0.1);
#2361 = AXIS2_PLACEMENT_3D('',#2362,#2363,#2364);
#2362 = CARTESIAN_POINT('',(2.65,-2.11,0.3));
#2363 = DIRECTION('',(-2.22044604925E-16,1.,0.));
#2364 = DIRECTION('',(0.,0.,-1.));
#2365 = ORIENTED_EDGE('',*,*,#2366,.T.);
#2366 = EDGE_CURVE('',#2358,#2367,#2369,.T.);
#2367 = VERTEX_POINT('',#2368);
#2368 = CARTESIAN_POINT('',(2.55,-2.11,0.725));
#2369 = LINE('',#2370,#2371);
#2370 = CARTESIAN_POINT('',(2.55,-2.11,0.3));
#2371 = VECTOR('',#2372,1.);
#2372 = DIRECTION('',(0.,0.,1.));
#2373 = ORIENTED_EDGE('',*,*,#2374,.T.);
#2374 = EDGE_CURVE('',#2367,#2375,#2377,.T.);
#2375 = VERTEX_POINT('',#2376);
#2376 = CARTESIAN_POINT('',(2.25,-2.11,1.025));
#2377 = CIRCLE('',#2378,0.3);
#2378 = AXIS2_PLACEMENT_3D('',#2379,#2380,#2381);
#2379 = CARTESIAN_POINT('',(2.25,-2.11,0.725));
#2380 = DIRECTION('',(2.22044604925E-16,-1.,0.));
#2381 = DIRECTION('',(1.,2.22044604925E-16,3.700743415417E-16));
#2382 = ORIENTED_EDGE('',*,*,#2383,.T.);
#2383 = EDGE_CURVE('',#2375,#1684,#2384,.T.);
#2384 = LINE('',#2385,#2386);
#2385 = CARTESIAN_POINT('',(2.25,-2.11,1.025));
#2386 = VECTOR('',#2387,1.);
#2387 = DIRECTION('',(-1.,-2.22044604925E-16,0.));
#2388 = PLANE('',#2389);
#2389 = AXIS2_PLACEMENT_3D('',#2390,#2391,#2392);
#2390 = CARTESIAN_POINT('',(2.41578967201,-2.11,0.532659657565));
#2391 = DIRECTION('',(2.22044604925E-16,-1.,0.));
#2392 = DIRECTION('',(0.,0.,1.));
#2393 = ADVANCED_FACE('',(#2394),#2409,.F.);
#2394 = FACE_BOUND('',#2395,.F.);
#2395 = EDGE_LOOP('',(#2396,#2402,#2403,#2408));
#2396 = ORIENTED_EDGE('',*,*,#2397,.F.);
#2397 = EDGE_CURVE('',#1684,#1957,#2398,.T.);
#2398 = LINE('',#2399,#2400);
#2399 = CARTESIAN_POINT('',(2.25,-2.11,1.025));
#2400 = VECTOR('',#2401,1.);
#2401 = DIRECTION('',(-1.,-2.22044604925E-16,0.));
#2402 = ORIENTED_EDGE('',*,*,#1699,.T.);
#2403 = ORIENTED_EDGE('',*,*,#2404,.T.);
#2404 = EDGE_CURVE('',#1693,#1965,#2405,.T.);
#2405 = B_SPLINE_CURVE_WITH_KNOTS('',1,(#2406,#2407),.UNSPECIFIED.,.F.,
  .F.,(2,2),(0.,1.),.PIECEWISE_BEZIER_KNOTS.);
#2406 = CARTESIAN_POINT('',(1.95,-2.275,1.025));
#2407 = CARTESIAN_POINT('',(1.875,-2.2375,1.025));
#2408 = ORIENTED_EDGE('',*,*,#1964,.F.);
#2409 = B_SPLINE_SURFACE_WITH_KNOTS('',1,1,(
    (#2410,#2411)
    ,(#2412,#2413
    )),.UNSPECIFIED.,.F.,.F.,.F.,(2,2),(2,2),(0.,4.55),(0.,1.),
  .PIECEWISE_BEZIER_KNOTS.);
#2410 = CARTESIAN_POINT('',(1.95,2.275,1.025));
#2411 = CARTESIAN_POINT('',(1.875,2.2375,1.025));
#2412 = CARTESIAN_POINT('',(1.95,-2.275,1.025));
#2413 = CARTESIAN_POINT('',(1.875,-2.2375,1.025));
#2414 = ADVANCED_FACE('',(#2415),#2501,.F.);
#2415 = FACE_BOUND('',#2416,.F.);
#2416 = EDGE_LOOP('',(#2417,#2418,#2419,#2428,#2436,#2445,#2453,#2461,
    #2469,#2478,#2486,#2495));
#2417 = ORIENTED_EDGE('',*,*,#1753,.F.);
#2418 = ORIENTED_EDGE('',*,*,#1713,.T.);
#2419 = ORIENTED_EDGE('',*,*,#2420,.T.);
#2420 = EDGE_CURVE('',#1714,#2421,#2423,.T.);
#2421 = VERTEX_POINT('',#2422);
#2422 = CARTESIAN_POINT('',(2.35,-1.7,0.725));
#2423 = CIRCLE('',#2424,0.1);
#2424 = AXIS2_PLACEMENT_3D('',#2425,#2426,#2427);
#2425 = CARTESIAN_POINT('',(2.25,-1.7,0.725));
#2426 = DIRECTION('',(-2.22044604925E-16,1.,4.379057699844E-47));
#2427 = DIRECTION('',(4.440892098501E-15,9.860761315262E-31,1.));
#2428 = ORIENTED_EDGE('',*,*,#2429,.T.);
#2429 = EDGE_CURVE('',#2421,#2430,#2432,.T.);
#2430 = VERTEX_POINT('',#2431);
#2431 = CARTESIAN_POINT('',(2.35,-1.7,0.3));
#2432 = LINE('',#2433,#2434);
#2433 = CARTESIAN_POINT('',(2.35,-1.7,0.725));
#2434 = VECTOR('',#2435,1.);
#2435 = DIRECTION('',(1.044915787883E-15,2.320179133003E-31,-1.));
#2436 = ORIENTED_EDGE('',*,*,#2437,.T.);
#2437 = EDGE_CURVE('',#2430,#2438,#2440,.T.);
#2438 = VERTEX_POINT('',#2439);
#2439 = CARTESIAN_POINT('',(2.65,-1.7,5.551115123126E-17));
#2440 = CIRCLE('',#2441,0.3);
#2441 = AXIS2_PLACEMENT_3D('',#2442,#2443,#2444);
#2442 = CARTESIAN_POINT('',(2.65,-1.7,0.3));
#2443 = DIRECTION('',(2.22044604925E-16,-1.,0.));
#2444 = DIRECTION('',(-1.,-2.22044604925E-16,3.515706244646E-15));
#2445 = ORIENTED_EDGE('',*,*,#2446,.T.);
#2446 = EDGE_CURVE('',#2438,#2447,#2449,.T.);
#2447 = VERTEX_POINT('',#2448);
#2448 = CARTESIAN_POINT('',(3.,-1.7,5.551115123126E-17));
#2449 = LINE('',#2450,#2451);
#2450 = CARTESIAN_POINT('',(2.65,-1.7,5.551115123126E-17));
#2451 = VECTOR('',#2452,1.);
#2452 = DIRECTION('',(1.,2.22044604925E-16,0.));
#2453 = ORIENTED_EDGE('',*,*,#2454,.T.);
#2454 = EDGE_CURVE('',#2447,#2455,#2457,.T.);
#2455 = VERTEX_POINT('',#2456);
#2456 = CARTESIAN_POINT('',(3.,-1.7,0.2));
#2457 = LINE('',#2458,#2459);
#2458 = CARTESIAN_POINT('',(3.,-1.7,5.551115123126E-17));
#2459 = VECTOR('',#2460,1.);
#2460 = DIRECTION('',(0.,0.,1.));
#2461 = ORIENTED_EDGE('',*,*,#2462,.T.);
#2462 = EDGE_CURVE('',#2455,#2463,#2465,.T.);
#2463 = VERTEX_POINT('',#2464);
#2464 = CARTESIAN_POINT('',(2.65,-1.7,0.2));
#2465 = LINE('',#2466,#2467);
#2466 = CARTESIAN_POINT('',(3.,-1.7,0.2));
#2467 = VECTOR('',#2468,1.);
#2468 = DIRECTION('',(-1.,-2.22044604925E-16,0.));
#2469 = ORIENTED_EDGE('',*,*,#2470,.T.);
#2470 = EDGE_CURVE('',#2463,#2471,#2473,.T.);
#2471 = VERTEX_POINT('',#2472);
#2472 = CARTESIAN_POINT('',(2.55,-1.7,0.3));
#2473 = CIRCLE('',#2474,0.1);
#2474 = AXIS2_PLACEMENT_3D('',#2475,#2476,#2477);
#2475 = CARTESIAN_POINT('',(2.65,-1.7,0.3));
#2476 = DIRECTION('',(-2.22044604925E-16,1.,0.));
#2477 = DIRECTION('',(0.,0.,-1.));
#2478 = ORIENTED_EDGE('',*,*,#2479,.T.);
#2479 = EDGE_CURVE('',#2471,#2480,#2482,.T.);
#2480 = VERTEX_POINT('',#2481);
#2481 = CARTESIAN_POINT('',(2.55,-1.7,0.725));
#2482 = LINE('',#2483,#2484);
#2483 = CARTESIAN_POINT('',(2.55,-1.7,0.3));
#2484 = VECTOR('',#2485,1.);
#2485 = DIRECTION('',(0.,0.,1.));
#2486 = ORIENTED_EDGE('',*,*,#2487,.T.);
#2487 = EDGE_CURVE('',#2480,#2488,#2490,.T.);
#2488 = VERTEX_POINT('',#2489);
#2489 = CARTESIAN_POINT('',(2.25,-1.7,1.025));
#2490 = CIRCLE('',#2491,0.3);
#2491 = AXIS2_PLACEMENT_3D('',#2492,#2493,#2494);
#2492 = CARTESIAN_POINT('',(2.25,-1.7,0.725));
#2493 = DIRECTION('',(2.22044604925E-16,-1.,0.));
#2494 = DIRECTION('',(1.,2.22044604925E-16,3.700743415417E-16));
#2495 = ORIENTED_EDGE('',*,*,#2496,.T.);
#2496 = EDGE_CURVE('',#2488,#1754,#2497,.T.);
#2497 = LINE('',#2498,#2499);
#2498 = CARTESIAN_POINT('',(2.25,-1.7,1.025));
#2499 = VECTOR('',#2500,1.);
#2500 = DIRECTION('',(-1.,-2.22044604925E-16,0.));
#2501 = PLANE('',#2502);
#2502 = AXIS2_PLACEMENT_3D('',#2503,#2504,#2505);
#2503 = CARTESIAN_POINT('',(2.41578967201,-1.7,0.532659657565));
#2504 = DIRECTION('',(2.22044604925E-16,-1.,0.));
#2505 = DIRECTION('',(0.,0.,1.));
#2506 = ADVANCED_FACE('',(#2507),#2518,.F.);
#2507 = FACE_BOUND('',#2508,.F.);
#2508 = EDGE_LOOP('',(#2509,#2510,#2511,#2517));
#2509 = ORIENTED_EDGE('',*,*,#1730,.T.);
#2510 = ORIENTED_EDGE('',*,*,#2307,.T.);
#2511 = ORIENTED_EDGE('',*,*,#2512,.F.);
#2512 = EDGE_CURVE('',#2421,#2308,#2513,.T.);
#2513 = LINE('',#2514,#2515);
#2514 = CARTESIAN_POINT('',(2.35,-1.7,0.725));
#2515 = VECTOR('',#2516,1.);
#2516 = DIRECTION('',(2.22044604925E-16,-1.,0.));
#2517 = ORIENTED_EDGE('',*,*,#2420,.F.);
#2518 = CYLINDRICAL_SURFACE('',#2519,0.1);
#2519 = AXIS2_PLACEMENT_3D('',#2520,#2521,#2522);
#2520 = CARTESIAN_POINT('',(2.25,-1.7,0.725));
#2521 = DIRECTION('',(-2.22044604925E-16,1.,0.));
#2522 = DIRECTION('',(4.440892098501E-15,9.860761315262E-31,1.));
#2523 = ADVANCED_FACE('',(#2524),#2610,.T.);
#2524 = FACE_BOUND('',#2525,.T.);
#2525 = EDGE_LOOP('',(#2526,#2527,#2528,#2537,#2545,#2554,#2562,#2570,
    #2578,#2587,#2595,#2604));
#2526 = ORIENTED_EDGE('',*,*,#1744,.F.);
#2527 = ORIENTED_EDGE('',*,*,#1815,.T.);
#2528 = ORIENTED_EDGE('',*,*,#2529,.T.);
#2529 = EDGE_CURVE('',#1816,#2530,#2532,.T.);
#2530 = VERTEX_POINT('',#2531);
#2531 = CARTESIAN_POINT('',(2.35,-0.84,0.725));
#2532 = CIRCLE('',#2533,0.1);
#2533 = AXIS2_PLACEMENT_3D('',#2534,#2535,#2536);
#2534 = CARTESIAN_POINT('',(2.25,-0.84,0.725));
#2535 = DIRECTION('',(-2.22044604925E-16,1.,4.379057699844E-47));
#2536 = DIRECTION('',(4.440892098501E-15,9.860761315262E-31,1.));
#2537 = ORIENTED_EDGE('',*,*,#2538,.T.);
#2538 = EDGE_CURVE('',#2530,#2539,#2541,.T.);
#2539 = VERTEX_POINT('',#2540);
#2540 = CARTESIAN_POINT('',(2.35,-0.84,0.3));
#2541 = LINE('',#2542,#2543);
#2542 = CARTESIAN_POINT('',(2.35,-0.84,0.725));
#2543 = VECTOR('',#2544,1.);
#2544 = DIRECTION('',(1.044915787883E-15,2.320179133003E-31,-1.));
#2545 = ORIENTED_EDGE('',*,*,#2546,.T.);
#2546 = EDGE_CURVE('',#2539,#2547,#2549,.T.);
#2547 = VERTEX_POINT('',#2548);
#2548 = CARTESIAN_POINT('',(2.65,-0.84,5.551115123126E-17));
#2549 = CIRCLE('',#2550,0.3);
#2550 = AXIS2_PLACEMENT_3D('',#2551,#2552,#2553);
#2551 = CARTESIAN_POINT('',(2.65,-0.84,0.3));
#2552 = DIRECTION('',(2.22044604925E-16,-1.,0.));
#2553 = DIRECTION('',(-1.,-2.22044604925E-16,3.515706244646E-15));
#2554 = ORIENTED_EDGE('',*,*,#2555,.T.);
#2555 = EDGE_CURVE('',#2547,#2556,#2558,.T.);
#2556 = VERTEX_POINT('',#2557);
#2557 = CARTESIAN_POINT('',(3.,-0.84,5.551115123126E-17));
#2558 = LINE('',#2559,#2560);
#2559 = CARTESIAN_POINT('',(2.65,-0.84,5.551115123126E-17));
#2560 = VECTOR('',#2561,1.);
#2561 = DIRECTION('',(1.,2.22044604925E-16,0.));
#2562 = ORIENTED_EDGE('',*,*,#2563,.T.);
#2563 = EDGE_CURVE('',#2556,#2564,#2566,.T.);
#2564 = VERTEX_POINT('',#2565);
#2565 = CARTESIAN_POINT('',(3.,-0.84,0.2));
#2566 = LINE('',#2567,#2568);
#2567 = CARTESIAN_POINT('',(3.,-0.84,5.551115123126E-17));
#2568 = VECTOR('',#2569,1.);
#2569 = DIRECTION('',(0.,0.,1.));
#2570 = ORIENTED_EDGE('',*,*,#2571,.T.);
#2571 = EDGE_CURVE('',#2564,#2572,#2574,.T.);
#2572 = VERTEX_POINT('',#2573);
#2573 = CARTESIAN_POINT('',(2.65,-0.84,0.2));
#2574 = LINE('',#2575,#2576);
#2575 = CARTESIAN_POINT('',(3.,-0.84,0.2));
#2576 = VECTOR('',#2577,1.);
#2577 = DIRECTION('',(-1.,-2.22044604925E-16,0.));
#2578 = ORIENTED_EDGE('',*,*,#2579,.T.);
#2579 = EDGE_CURVE('',#2572,#2580,#2582,.T.);
#2580 = VERTEX_POINT('',#2581);
#2581 = CARTESIAN_POINT('',(2.55,-0.84,0.3));
#2582 = CIRCLE('',#2583,0.1);
#2583 = AXIS2_PLACEMENT_3D('',#2584,#2585,#2586);
#2584 = CARTESIAN_POINT('',(2.65,-0.84,0.3));
#2585 = DIRECTION('',(-2.22044604925E-16,1.,0.));
#2586 = DIRECTION('',(0.,0.,-1.));
#2587 = ORIENTED_EDGE('',*,*,#2588,.T.);
#2588 = EDGE_CURVE('',#2580,#2589,#2591,.T.);
#2589 = VERTEX_POINT('',#2590);
#2590 = CARTESIAN_POINT('',(2.55,-0.84,0.725));
#2591 = LINE('',#2592,#2593);
#2592 = CARTESIAN_POINT('',(2.55,-0.84,0.3));
#2593 = VECTOR('',#2594,1.);
#2594 = DIRECTION('',(0.,0.,1.));
#2595 = ORIENTED_EDGE('',*,*,#2596,.T.);
#2596 = EDGE_CURVE('',#2589,#2597,#2599,.T.);
#2597 = VERTEX_POINT('',#2598);
#2598 = CARTESIAN_POINT('',(2.25,-0.84,1.025));
#2599 = CIRCLE('',#2600,0.3);
#2600 = AXIS2_PLACEMENT_3D('',#2601,#2602,#2603);
#2601 = CARTESIAN_POINT('',(2.25,-0.84,0.725));
#2602 = DIRECTION('',(2.22044604925E-16,-1.,0.));
#2603 = DIRECTION('',(1.,2.22044604925E-16,3.700743415417E-16));
#2604 = ORIENTED_EDGE('',*,*,#2605,.T.);
#2605 = EDGE_CURVE('',#2597,#1745,#2606,.T.);
#2606 = LINE('',#2607,#2608);
#2607 = CARTESIAN_POINT('',(2.25,-0.84,1.025));
#2608 = VECTOR('',#2609,1.);
#2609 = DIRECTION('',(-1.,-2.22044604925E-16,0.));
#2610 = PLANE('',#2611);
#2611 = AXIS2_PLACEMENT_3D('',#2612,#2613,#2614);
#2612 = CARTESIAN_POINT('',(2.41578967201,-0.84,0.532659657565));
#2613 = DIRECTION('',(2.22044604925E-16,-1.,0.));
#2614 = DIRECTION('',(0.,0.,1.));
#2615 = ADVANCED_FACE('',(#2616),#2632,.F.);
#2616 = FACE_BOUND('',#2617,.F.);
#2617 = EDGE_LOOP('',(#2618,#2624,#2625,#2631));
#2618 = ORIENTED_EDGE('',*,*,#2619,.F.);
#2619 = EDGE_CURVE('',#1745,#1941,#2620,.T.);
#2620 = LINE('',#2621,#2622);
#2621 = CARTESIAN_POINT('',(2.25,-0.84,1.025));
#2622 = VECTOR('',#2623,1.);
#2623 = DIRECTION('',(-1.,-2.22044604925E-16,0.));
#2624 = ORIENTED_EDGE('',*,*,#1761,.T.);
#2625 = ORIENTED_EDGE('',*,*,#2626,.T.);
#2626 = EDGE_CURVE('',#1754,#1949,#2627,.T.);
#2627 = LINE('',#2628,#2629);
#2628 = CARTESIAN_POINT('',(2.25,-1.7,1.025));
#2629 = VECTOR('',#2630,1.);
#2630 = DIRECTION('',(-1.,-2.22044604925E-16,0.));
#2631 = ORIENTED_EDGE('',*,*,#1948,.F.);
#2632 = B_SPLINE_SURFACE_WITH_KNOTS('',1,1,(
    (#2633,#2634)
    ,(#2635,#2636
    )),.UNSPECIFIED.,.F.,.F.,.F.,(2,2),(2,2),(0.,4.55),(0.,1.),
  .PIECEWISE_BEZIER_KNOTS.);
#2633 = CARTESIAN_POINT('',(1.95,2.275,1.025));
#2634 = CARTESIAN_POINT('',(1.875,2.2375,1.025));
#2635 = CARTESIAN_POINT('',(1.95,-2.275,1.025));
#2636 = CARTESIAN_POINT('',(1.875,-2.2375,1.025));
#2637 = ADVANCED_FACE('',(#2638),#2657,.F.);
#2638 = FACE_BOUND('',#2639,.F.);
#2639 = EDGE_LOOP('',(#2640,#2641,#2650,#2656));
#2640 = ORIENTED_EDGE('',*,*,#1792,.T.);
#2641 = ORIENTED_EDGE('',*,*,#2642,.T.);
#2642 = EDGE_CURVE('',#1785,#2643,#2645,.T.);
#2643 = VERTEX_POINT('',#2644);
#2644 = CARTESIAN_POINT('',(2.35,0.43,0.725));
#2645 = CIRCLE('',#2646,0.1);
#2646 = AXIS2_PLACEMENT_3D('',#2647,#2648,#2649);
#2647 = CARTESIAN_POINT('',(2.25,0.43,0.725));
#2648 = DIRECTION('',(-2.22044604925E-16,1.,4.379057699844E-47));
#2649 = DIRECTION('',(4.440892098501E-15,9.860761315262E-31,1.));
#2650 = ORIENTED_EDGE('',*,*,#2651,.F.);
#2651 = EDGE_CURVE('',#2020,#2643,#2652,.T.);
#2652 = LINE('',#2653,#2654);
#2653 = CARTESIAN_POINT('',(2.35,0.84,0.725));
#2654 = VECTOR('',#2655,1.);
#2655 = DIRECTION('',(2.22044604925E-16,-1.,0.));
#2656 = ORIENTED_EDGE('',*,*,#2019,.F.);
#2657 = CYLINDRICAL_SURFACE('',#2658,0.1);
#2658 = AXIS2_PLACEMENT_3D('',#2659,#2660,#2661);
#2659 = CARTESIAN_POINT('',(2.25,0.84,0.725));
#2660 = DIRECTION('',(-2.22044604925E-16,1.,0.));
#2661 = DIRECTION('',(4.440892098501E-15,9.860761315262E-31,1.));
#2662 = ADVANCED_FACE('',(#2663),#2741,.T.);
#2663 = FACE_BOUND('',#2664,.T.);
#2664 = EDGE_LOOP('',(#2665,#2666,#2667,#2668,#2676,#2685,#2693,#2701,
    #2709,#2718,#2726,#2735));
#2665 = ORIENTED_EDGE('',*,*,#1837,.F.);
#2666 = ORIENTED_EDGE('',*,*,#1784,.T.);
#2667 = ORIENTED_EDGE('',*,*,#2642,.T.);
#2668 = ORIENTED_EDGE('',*,*,#2669,.T.);
#2669 = EDGE_CURVE('',#2643,#2670,#2672,.T.);
#2670 = VERTEX_POINT('',#2671);
#2671 = CARTESIAN_POINT('',(2.35,0.43,0.3));
#2672 = LINE('',#2673,#2674);
#2673 = CARTESIAN_POINT('',(2.35,0.43,0.725));
#2674 = VECTOR('',#2675,1.);
#2675 = DIRECTION('',(1.044915787883E-15,2.320179133003E-31,-1.));
#2676 = ORIENTED_EDGE('',*,*,#2677,.T.);
#2677 = EDGE_CURVE('',#2670,#2678,#2680,.T.);
#2678 = VERTEX_POINT('',#2679);
#2679 = CARTESIAN_POINT('',(2.65,0.43,5.551115123126E-17));
#2680 = CIRCLE('',#2681,0.3);
#2681 = AXIS2_PLACEMENT_3D('',#2682,#2683,#2684);
#2682 = CARTESIAN_POINT('',(2.65,0.43,0.3));
#2683 = DIRECTION('',(2.22044604925E-16,-1.,0.));
#2684 = DIRECTION('',(-1.,-2.22044604925E-16,3.515706244646E-15));
#2685 = ORIENTED_EDGE('',*,*,#2686,.T.);
#2686 = EDGE_CURVE('',#2678,#2687,#2689,.T.);
#2687 = VERTEX_POINT('',#2688);
#2688 = CARTESIAN_POINT('',(3.,0.43,5.551115123126E-17));
#2689 = LINE('',#2690,#2691);
#2690 = CARTESIAN_POINT('',(2.65,0.43,5.551115123126E-17));
#2691 = VECTOR('',#2692,1.);
#2692 = DIRECTION('',(1.,2.22044604925E-16,0.));
#2693 = ORIENTED_EDGE('',*,*,#2694,.T.);
#2694 = EDGE_CURVE('',#2687,#2695,#2697,.T.);
#2695 = VERTEX_POINT('',#2696);
#2696 = CARTESIAN_POINT('',(3.,0.43,0.2));
#2697 = LINE('',#2698,#2699);
#2698 = CARTESIAN_POINT('',(3.,0.43,5.551115123126E-17));
#2699 = VECTOR('',#2700,1.);
#2700 = DIRECTION('',(0.,0.,1.));
#2701 = ORIENTED_EDGE('',*,*,#2702,.T.);
#2702 = EDGE_CURVE('',#2695,#2703,#2705,.T.);
#2703 = VERTEX_POINT('',#2704);
#2704 = CARTESIAN_POINT('',(2.65,0.43,0.2));
#2705 = LINE('',#2706,#2707);
#2706 = CARTESIAN_POINT('',(3.,0.43,0.2));
#2707 = VECTOR('',#2708,1.);
#2708 = DIRECTION('',(-1.,-2.22044604925E-16,0.));
#2709 = ORIENTED_EDGE('',*,*,#2710,.T.);
#2710 = EDGE_CURVE('',#2703,#2711,#2713,.T.);
#2711 = VERTEX_POINT('',#2712);
#2712 = CARTESIAN_POINT('',(2.55,0.43,0.3));
#2713 = CIRCLE('',#2714,0.1);
#2714 = AXIS2_PLACEMENT_3D('',#2715,#2716,#2717);
#2715 = CARTESIAN_POINT('',(2.65,0.43,0.3));
#2716 = DIRECTION('',(-2.22044604925E-16,1.,0.));
#2717 = DIRECTION('',(0.,0.,-1.));
#2718 = ORIENTED_EDGE('',*,*,#2719,.T.);
#2719 = EDGE_CURVE('',#2711,#2720,#2722,.T.);
#2720 = VERTEX_POINT('',#2721);
#2721 = CARTESIAN_POINT('',(2.55,0.43,0.725));
#2722 = LINE('',#2723,#2724);
#2723 = CARTESIAN_POINT('',(2.55,0.43,0.3));
#2724 = VECTOR('',#2725,1.);
#2725 = DIRECTION('',(0.,0.,1.));
#2726 = ORIENTED_EDGE('',*,*,#2727,.T.);
#2727 = EDGE_CURVE('',#2720,#2728,#2730,.T.);
#2728 = VERTEX_POINT('',#2729);
#2729 = CARTESIAN_POINT('',(2.25,0.43,1.025));
#2730 = CIRCLE('',#2731,0.3);
#2731 = AXIS2_PLACEMENT_3D('',#2732,#2733,#2734);
#2732 = CARTESIAN_POINT('',(2.25,0.43,0.725));
#2733 = DIRECTION('',(2.22044604925E-16,-1.,0.));
#2734 = DIRECTION('',(1.,2.22044604925E-16,3.700743415417E-16));
#2735 = ORIENTED_EDGE('',*,*,#2736,.T.);
#2736 = EDGE_CURVE('',#2728,#1838,#2737,.T.);
#2737 = LINE('',#2738,#2739);
#2738 = CARTESIAN_POINT('',(2.25,0.43,1.025));
#2739 = VECTOR('',#2740,1.);
#2740 = DIRECTION('',(-1.,-2.22044604925E-16,0.));
#2741 = PLANE('',#2742);
#2742 = AXIS2_PLACEMENT_3D('',#2743,#2744,#2745);
#2743 = CARTESIAN_POINT('',(2.41578967201,0.43,0.532659657565));
#2744 = DIRECTION('',(2.22044604925E-16,-1.,0.));
#2745 = DIRECTION('',(0.,0.,1.));
#2746 = ADVANCED_FACE('',(#2747),#2833,.F.);
#2747 = FACE_BOUND('',#2748,.F.);
#2748 = EDGE_LOOP('',(#2749,#2750,#2751,#2760,#2768,#2777,#2785,#2793,
    #2801,#2810,#2818,#2827));
#2749 = ORIENTED_EDGE('',*,*,#1846,.F.);
#2750 = ORIENTED_EDGE('',*,*,#1806,.T.);
#2751 = ORIENTED_EDGE('',*,*,#2752,.T.);
#2752 = EDGE_CURVE('',#1807,#2753,#2755,.T.);
#2753 = VERTEX_POINT('',#2754);
#2754 = CARTESIAN_POINT('',(2.35,-0.43,0.725));
#2755 = CIRCLE('',#2756,0.1);
#2756 = AXIS2_PLACEMENT_3D('',#2757,#2758,#2759);
#2757 = CARTESIAN_POINT('',(2.25,-0.43,0.725));
#2758 = DIRECTION('',(-2.22044604925E-16,1.,4.379057699844E-47));
#2759 = DIRECTION('',(4.440892098501E-15,9.860761315262E-31,1.));
#2760 = ORIENTED_EDGE('',*,*,#2761,.T.);
#2761 = EDGE_CURVE('',#2753,#2762,#2764,.T.);
#2762 = VERTEX_POINT('',#2763);
#2763 = CARTESIAN_POINT('',(2.35,-0.43,0.3));
#2764 = LINE('',#2765,#2766);
#2765 = CARTESIAN_POINT('',(2.35,-0.43,0.725));
#2766 = VECTOR('',#2767,1.);
#2767 = DIRECTION('',(1.044915787883E-15,2.320179133003E-31,-1.));
#2768 = ORIENTED_EDGE('',*,*,#2769,.T.);
#2769 = EDGE_CURVE('',#2762,#2770,#2772,.T.);
#2770 = VERTEX_POINT('',#2771);
#2771 = CARTESIAN_POINT('',(2.65,-0.43,5.551115123126E-17));
#2772 = CIRCLE('',#2773,0.3);
#2773 = AXIS2_PLACEMENT_3D('',#2774,#2775,#2776);
#2774 = CARTESIAN_POINT('',(2.65,-0.43,0.3));
#2775 = DIRECTION('',(2.22044604925E-16,-1.,0.));
#2776 = DIRECTION('',(-1.,-2.22044604925E-16,3.515706244646E-15));
#2777 = ORIENTED_EDGE('',*,*,#2778,.T.);
#2778 = EDGE_CURVE('',#2770,#2779,#2781,.T.);
#2779 = VERTEX_POINT('',#2780);
#2780 = CARTESIAN_POINT('',(3.,-0.43,5.551115123126E-17));
#2781 = LINE('',#2782,#2783);
#2782 = CARTESIAN_POINT('',(2.65,-0.43,5.551115123126E-17));
#2783 = VECTOR('',#2784,1.);
#2784 = DIRECTION('',(1.,2.22044604925E-16,0.));
#2785 = ORIENTED_EDGE('',*,*,#2786,.T.);
#2786 = EDGE_CURVE('',#2779,#2787,#2789,.T.);
#2787 = VERTEX_POINT('',#2788);
#2788 = CARTESIAN_POINT('',(3.,-0.43,0.2));
#2789 = LINE('',#2790,#2791);
#2790 = CARTESIAN_POINT('',(3.,-0.43,5.551115123126E-17));
#2791 = VECTOR('',#2792,1.);
#2792 = DIRECTION('',(0.,0.,1.));
#2793 = ORIENTED_EDGE('',*,*,#2794,.T.);
#2794 = EDGE_CURVE('',#2787,#2795,#2797,.T.);
#2795 = VERTEX_POINT('',#2796);
#2796 = CARTESIAN_POINT('',(2.65,-0.43,0.2));
#2797 = LINE('',#2798,#2799);
#2798 = CARTESIAN_POINT('',(3.,-0.43,0.2));
#2799 = VECTOR('',#2800,1.);
#2800 = DIRECTION('',(-1.,-2.22044604925E-16,0.));
#2801 = ORIENTED_EDGE('',*,*,#2802,.T.);
#2802 = EDGE_CURVE('',#2795,#2803,#2805,.T.);
#2803 = VERTEX_POINT('',#2804);
#2804 = CARTESIAN_POINT('',(2.55,-0.43,0.3));
#2805 = CIRCLE('',#2806,0.1);
#2806 = AXIS2_PLACEMENT_3D('',#2807,#2808,#2809);
#2807 = CARTESIAN_POINT('',(2.65,-0.43,0.3));
#2808 = DIRECTION('',(-2.22044604925E-16,1.,0.));
#2809 = DIRECTION('',(0.,0.,-1.));
#2810 = ORIENTED_EDGE('',*,*,#2811,.T.);
#2811 = EDGE_CURVE('',#2803,#2812,#2814,.T.);
#2812 = VERTEX_POINT('',#2813);
#2813 = CARTESIAN_POINT('',(2.55,-0.43,0.725));
#2814 = LINE('',#2815,#2816);
#2815 = CARTESIAN_POINT('',(2.55,-0.43,0.3));
#2816 = VECTOR('',#2817,1.);
#2817 = DIRECTION('',(0.,0.,1.));
#2818 = ORIENTED_EDGE('',*,*,#2819,.T.);
#2819 = EDGE_CURVE('',#2812,#2820,#2822,.T.);
#2820 = VERTEX_POINT('',#2821);
#2821 = CARTESIAN_POINT('',(2.25,-0.43,1.025));
#2822 = CIRCLE('',#2823,0.3);
#2823 = AXIS2_PLACEMENT_3D('',#2824,#2825,#2826);
#2824 = CARTESIAN_POINT('',(2.25,-0.43,0.725));
#2825 = DIRECTION('',(2.22044604925E-16,-1.,0.));
#2826 = DIRECTION('',(1.,2.22044604925E-16,3.700743415417E-16));
#2827 = ORIENTED_EDGE('',*,*,#2828,.T.);
#2828 = EDGE_CURVE('',#2820,#1847,#2829,.T.);
#2829 = LINE('',#2830,#2831);
#2830 = CARTESIAN_POINT('',(2.25,-0.43,1.025));
#2831 = VECTOR('',#2832,1.);
#2832 = DIRECTION('',(-1.,-2.22044604925E-16,0.));
#2833 = PLANE('',#2834);
#2834 = AXIS2_PLACEMENT_3D('',#2835,#2836,#2837);
#2835 = CARTESIAN_POINT('',(2.41578967201,-0.43,0.532659657565));
#2836 = DIRECTION('',(2.22044604925E-16,-1.,0.));
#2837 = DIRECTION('',(0.,0.,1.));
#2838 = ADVANCED_FACE('',(#2839),#2850,.F.);
#2839 = FACE_BOUND('',#2840,.F.);
#2840 = EDGE_LOOP('',(#2841,#2842,#2843,#2849));
#2841 = ORIENTED_EDGE('',*,*,#1823,.T.);
#2842 = ORIENTED_EDGE('',*,*,#2529,.T.);
#2843 = ORIENTED_EDGE('',*,*,#2844,.F.);
#2844 = EDGE_CURVE('',#2753,#2530,#2845,.T.);
#2845 = LINE('',#2846,#2847);
#2846 = CARTESIAN_POINT('',(2.35,-0.43,0.725));
#2847 = VECTOR('',#2848,1.);
#2848 = DIRECTION('',(2.22044604925E-16,-1.,0.));
#2849 = ORIENTED_EDGE('',*,*,#2752,.F.);
#2850 = CYLINDRICAL_SURFACE('',#2851,0.1);
#2851 = AXIS2_PLACEMENT_3D('',#2852,#2853,#2854);
#2852 = CARTESIAN_POINT('',(2.25,-0.43,0.725));
#2853 = DIRECTION('',(-2.22044604925E-16,1.,0.));
#2854 = DIRECTION('',(4.440892098501E-15,9.860761315262E-31,1.));
#2855 = ADVANCED_FACE('',(#2856),#2872,.F.);
#2856 = FACE_BOUND('',#2857,.F.);
#2857 = EDGE_LOOP('',(#2858,#2864,#2865,#2871));
#2858 = ORIENTED_EDGE('',*,*,#2859,.F.);
#2859 = EDGE_CURVE('',#1838,#1925,#2860,.T.);
#2860 = LINE('',#2861,#2862);
#2861 = CARTESIAN_POINT('',(2.25,0.43,1.025));
#2862 = VECTOR('',#2863,1.);
#2863 = DIRECTION('',(-1.,-2.22044604925E-16,0.));
#2864 = ORIENTED_EDGE('',*,*,#1854,.T.);
#2865 = ORIENTED_EDGE('',*,*,#2866,.T.);
#2866 = EDGE_CURVE('',#1847,#1933,#2867,.T.);
#2867 = LINE('',#2868,#2869);
#2868 = CARTESIAN_POINT('',(2.25,-0.43,1.025));
#2869 = VECTOR('',#2870,1.);
#2870 = DIRECTION('',(-1.,-2.22044604925E-16,0.));
#2871 = ORIENTED_EDGE('',*,*,#1932,.F.);
#2872 = B_SPLINE_SURFACE_WITH_KNOTS('',1,1,(
    (#2873,#2874)
    ,(#2875,#2876
    )),.UNSPECIFIED.,.F.,.F.,.F.,(2,2),(2,2),(0.,4.55),(0.,1.),
  .PIECEWISE_BEZIER_KNOTS.);
#2873 = CARTESIAN_POINT('',(1.95,2.275,1.025));
#2874 = CARTESIAN_POINT('',(1.875,2.2375,1.025));
#2875 = CARTESIAN_POINT('',(1.95,-2.275,1.025));
#2876 = CARTESIAN_POINT('',(1.875,-2.2375,1.025));
#2877 = ADVANCED_FACE('',(#2878),#2895,.F.);
#2878 = FACE_BOUND('',#2879,.F.);
#2879 = EDGE_LOOP('',(#2880,#2881,#2882,#2890));
#2880 = ORIENTED_EDGE('',*,*,#1870,.T.);
#2881 = ORIENTED_EDGE('',*,*,#1891,.T.);
#2882 = ORIENTED_EDGE('',*,*,#2883,.F.);
#2883 = EDGE_CURVE('',#2884,#1892,#2886,.T.);
#2884 = VERTEX_POINT('',#2885);
#2885 = CARTESIAN_POINT('',(1.7375,2.375,1.025));
#2886 = LINE('',#2887,#2888);
#2887 = CARTESIAN_POINT('',(1.7375,2.375,1.025));
#2888 = VECTOR('',#2889,1.);
#2889 = DIRECTION('',(0.707106781187,-0.707106781187,0.));
#2890 = ORIENTED_EDGE('',*,*,#2891,.F.);
#2891 = EDGE_CURVE('',#1871,#2884,#2892,.T.);
#2892 = B_SPLINE_CURVE_WITH_KNOTS('',1,(#2893,#2894),.UNSPECIFIED.,.F.,
  .F.,(2,2),(0.,1.),.PIECEWISE_BEZIER_KNOTS.);
#2893 = CARTESIAN_POINT('',(1.775,2.45,1.025));
#2894 = CARTESIAN_POINT('',(1.7375,2.375,1.025));
#2895 = B_SPLINE_SURFACE_WITH_KNOTS('',1,1,(
    (#2896,#2897)
    ,(#2898,#2899
    )),.UNSPECIFIED.,.F.,.F.,.F.,(2,2),(2,2),(0.,0.247487373415),(0.,1.)
  ,.PIECEWISE_BEZIER_KNOTS.);
#2896 = CARTESIAN_POINT('',(1.775,2.45,1.025));
#2897 = CARTESIAN_POINT('',(1.7375,2.375,1.025));
#2898 = CARTESIAN_POINT('',(1.95,2.275,1.025));
#2899 = CARTESIAN_POINT('',(1.875,2.2375,1.025));
#2900 = ADVANCED_FACE('',(#2901),#2918,.F.);
#2901 = FACE_BOUND('',#2902,.F.);
#2902 = EDGE_LOOP('',(#2903,#2904,#2905,#2913));
#2903 = ORIENTED_EDGE('',*,*,#2111,.T.);
#2904 = ORIENTED_EDGE('',*,*,#1878,.T.);
#2905 = ORIENTED_EDGE('',*,*,#2906,.F.);
#2906 = EDGE_CURVE('',#2907,#1871,#2909,.T.);
#2907 = VERTEX_POINT('',#2908);
#2908 = CARTESIAN_POINT('',(-1.775,2.45,1.025));
#2909 = LINE('',#2910,#2911);
#2910 = CARTESIAN_POINT('',(-1.775,2.45,1.025));
#2911 = VECTOR('',#2912,1.);
#2912 = DIRECTION('',(1.,2.22044604925E-16,0.));
#2913 = ORIENTED_EDGE('',*,*,#2914,.F.);
#2914 = EDGE_CURVE('',#2112,#2907,#2915,.T.);
#2915 = B_SPLINE_CURVE_WITH_KNOTS('',1,(#2916,#2917),.UNSPECIFIED.,.F.,
  .F.,(2,2),(0.,1.),.PIECEWISE_BEZIER_KNOTS.);
#2916 = CARTESIAN_POINT('',(-1.775,2.45,0.825));
#2917 = CARTESIAN_POINT('',(-1.775,2.45,1.025));
#2918 = PLANE('',#2919);
#2919 = AXIS2_PLACEMENT_3D('',#2920,#2921,#2922);
#2920 = CARTESIAN_POINT('',(-1.775,2.45,1.025));
#2921 = DIRECTION('',(2.22044604925E-16,-1.,0.));
#2922 = DIRECTION('',(1.,2.22044604925E-16,0.));
#2923 = ADVANCED_FACE('',(#2924),#2941,.F.);
#2924 = FACE_BOUND('',#2925,.F.);
#2925 = EDGE_LOOP('',(#2926,#2927,#2928,#2936));
#2926 = ORIENTED_EDGE('',*,*,#2883,.T.);
#2927 = ORIENTED_EDGE('',*,*,#1987,.T.);
#2928 = ORIENTED_EDGE('',*,*,#2929,.F.);
#2929 = EDGE_CURVE('',#2930,#1980,#2932,.T.);
#2930 = VERTEX_POINT('',#2931);
#2931 = CARTESIAN_POINT('',(1.680085640382,2.260171280765,1.75));
#2932 = LINE('',#2933,#2934);
#2933 = CARTESIAN_POINT('',(1.680085640382,2.260171280765,1.75));
#2934 = VECTOR('',#2935,1.);
#2935 = DIRECTION('',(0.707106781187,-0.707106781187,0.));
#2936 = ORIENTED_EDGE('',*,*,#2937,.F.);
#2937 = EDGE_CURVE('',#2884,#2930,#2938,.T.);
#2938 = B_SPLINE_CURVE_WITH_KNOTS('',1,(#2939,#2940),.UNSPECIFIED.,.F.,
  .F.,(2,2),(0.,1.),.PIECEWISE_BEZIER_KNOTS.);
#2939 = CARTESIAN_POINT('',(1.7375,2.375,1.025));
#2940 = CARTESIAN_POINT('',(1.680085640382,2.260171280765,1.75));
#2941 = B_SPLINE_SURFACE_WITH_KNOTS('',1,1,(
    (#2942,#2943)
    ,(#2944,#2945
    )),.UNSPECIFIED.,.F.,.F.,.F.,(2,2),(2,2),(0.,0.194454364826),(0.,1.)
  ,.PIECEWISE_BEZIER_KNOTS.);
#2942 = CARTESIAN_POINT('',(1.7375,2.375,1.025));
#2943 = CARTESIAN_POINT('',(1.680085640382,2.260171280765,1.75));
#2944 = CARTESIAN_POINT('',(1.875,2.2375,1.025));
#2945 = CARTESIAN_POINT('',(1.760171280765,2.180085640382,1.75));
#2946 = ADVANCED_FACE('',(#2947,#2997),#3008,.F.);
#2947 = FACE_BOUND('',#2948,.F.);
#2948 = EDGE_LOOP('',(#2949,#2957,#2958,#2959,#2967,#2975,#2983,#2991));
#2949 = ORIENTED_EDGE('',*,*,#2950,.T.);
#2950 = EDGE_CURVE('',#2951,#2930,#2953,.T.);
#2951 = VERTEX_POINT('',#2952);
#2952 = CARTESIAN_POINT('',(-1.680085640382,2.260171280765,1.75));
#2953 = LINE('',#2954,#2955);
#2954 = CARTESIAN_POINT('',(-1.680085640382,2.260171280765,1.75));
#2955 = VECTOR('',#2956,1.);
#2956 = DIRECTION('',(1.,2.22044604925E-16,0.));
#2957 = ORIENTED_EDGE('',*,*,#2929,.T.);
#2958 = ORIENTED_EDGE('',*,*,#1979,.T.);
#2959 = ORIENTED_EDGE('',*,*,#2960,.T.);
#2960 = EDGE_CURVE('',#1973,#2961,#2963,.T.);
#2961 = VERTEX_POINT('',#2962);
#2962 = CARTESIAN_POINT('',(1.680085640382,-2.260171280765,1.75));
#2963 = LINE('',#2964,#2965);
#2964 = CARTESIAN_POINT('',(1.760171280765,-2.180085640382,1.75));
#2965 = VECTOR('',#2966,1.);
#2966 = DIRECTION('',(-0.707106781187,-0.707106781187,0.));
#2967 = ORIENTED_EDGE('',*,*,#2968,.T.);
#2968 = EDGE_CURVE('',#2961,#2969,#2971,.T.);
#2969 = VERTEX_POINT('',#2970);
#2970 = CARTESIAN_POINT('',(-1.680085640382,-2.260171280765,1.75));
#2971 = LINE('',#2972,#2973);
#2972 = CARTESIAN_POINT('',(1.680085640382,-2.260171280765,1.75));
#2973 = VECTOR('',#2974,1.);
#2974 = DIRECTION('',(-1.,-2.22044604925E-16,0.));
#2975 = ORIENTED_EDGE('',*,*,#2976,.T.);
#2976 = EDGE_CURVE('',#2969,#2977,#2979,.T.);
#2977 = VERTEX_POINT('',#2978);
#2978 = CARTESIAN_POINT('',(-1.760171280765,-2.180085640382,1.75));
#2979 = LINE('',#2980,#2981);
#2980 = CARTESIAN_POINT('',(-1.680085640382,-2.260171280765,1.75));
#2981 = VECTOR('',#2982,1.);
#2982 = DIRECTION('',(-0.707106781187,0.707106781187,0.));
#2983 = ORIENTED_EDGE('',*,*,#2984,.T.);
#2984 = EDGE_CURVE('',#2977,#2985,#2987,.T.);
#2985 = VERTEX_POINT('',#2986);
#2986 = CARTESIAN_POINT('',(-1.760171280765,2.180085640382,1.75));
#2987 = LINE('',#2988,#2989);
#2988 = CARTESIAN_POINT('',(-1.760171280765,-2.180085640382,1.75));
#2989 = VECTOR('',#2990,1.);
#2990 = DIRECTION('',(-2.22044604925E-16,1.,0.));
#2991 = ORIENTED_EDGE('',*,*,#2992,.T.);
#2992 = EDGE_CURVE('',#2985,#2951,#2993,.T.);
#2993 = LINE('',#2994,#2995);
#2994 = CARTESIAN_POINT('',(-1.760171280765,2.180085640382,1.75));
#2995 = VECTOR('',#2996,1.);
#2996 = DIRECTION('',(0.707106781187,0.707106781187,0.));
#2997 = FACE_BOUND('',#2998,.F.);
#2998 = EDGE_LOOP('',(#2999));
#2999 = ORIENTED_EDGE('',*,*,#3000,.T.);
#3000 = EDGE_CURVE('',#3001,#3001,#3003,.T.);
#3001 = VERTEX_POINT('',#3002);
#3002 = CARTESIAN_POINT('',(-1.110171280765,1.310171280765,1.75));
#3003 = CIRCLE('',#3004,0.3);
#3004 = AXIS2_PLACEMENT_3D('',#3005,#3006,#3007);
#3005 = CARTESIAN_POINT('',(-1.110171280765,1.610171280765,1.75));
#3006 = DIRECTION('',(-0.,0.,1.));
#3007 = DIRECTION('',(2.22044604925E-16,-1.,0.));
#3008 = PLANE('',#3009);
#3009 = AXIS2_PLACEMENT_3D('',#3010,#3011,#3012);
#3010 = CARTESIAN_POINT('',(-1.680085640382,2.260171280765,1.75));
#3011 = DIRECTION('',(0.,0.,-1.));
#3012 = DIRECTION('',(0.596575959062,-0.802556617983,0.));
#3013 = ADVANCED_FACE('',(#3014),#3031,.F.);
#3014 = FACE_BOUND('',#3015,.F.);
#3015 = EDGE_LOOP('',(#3016,#3024,#3029,#3030));
#3016 = ORIENTED_EDGE('',*,*,#3017,.T.);
#3017 = EDGE_CURVE('',#1965,#3018,#3020,.T.);
#3018 = VERTEX_POINT('',#3019);
#3019 = CARTESIAN_POINT('',(1.7375,-2.375,1.025));
#3020 = LINE('',#3021,#3022);
#3021 = CARTESIAN_POINT('',(1.875,-2.2375,1.025));
#3022 = VECTOR('',#3023,1.);
#3023 = DIRECTION('',(-0.707106781187,-0.707106781187,0.));
#3024 = ORIENTED_EDGE('',*,*,#3025,.T.);
#3025 = EDGE_CURVE('',#3018,#2961,#3026,.T.);
#3026 = B_SPLINE_CURVE_WITH_KNOTS('',1,(#3027,#3028),.UNSPECIFIED.,.F.,
  .F.,(2,2),(0.,1.),.PIECEWISE_BEZIER_KNOTS.);
#3027 = CARTESIAN_POINT('',(1.7375,-2.375,1.025));
#3028 = CARTESIAN_POINT('',(1.680085640382,-2.260171280765,1.75));
#3029 = ORIENTED_EDGE('',*,*,#2960,.F.);
#3030 = ORIENTED_EDGE('',*,*,#1972,.F.);
#3031 = B_SPLINE_SURFACE_WITH_KNOTS('',1,1,(
    (#3032,#3033)
    ,(#3034,#3035
    )),.UNSPECIFIED.,.F.,.F.,.F.,(2,2),(2,2),(0.,0.194454364826),(0.,1.)
  ,.PIECEWISE_BEZIER_KNOTS.);
#3032 = CARTESIAN_POINT('',(1.875,-2.2375,1.025));
#3033 = CARTESIAN_POINT('',(1.760171280765,-2.180085640382,1.75));
#3034 = CARTESIAN_POINT('',(1.7375,-2.375,1.025));
#3035 = CARTESIAN_POINT('',(1.680085640382,-2.260171280765,1.75));
#3036 = ADVANCED_FACE('',(#3037),#3050,.F.);
#3037 = FACE_BOUND('',#3038,.F.);
#3038 = EDGE_LOOP('',(#3039,#3040,#3046,#3047,#3048,#3049));
#3039 = ORIENTED_EDGE('',*,*,#2095,.F.);
#3040 = ORIENTED_EDGE('',*,*,#3041,.T.);
#3041 = EDGE_CURVE('',#2087,#2728,#3042,.T.);
#3042 = LINE('',#3043,#3044);
#3043 = CARTESIAN_POINT('',(2.25,0.84,1.025));
#3044 = VECTOR('',#3045,1.);
#3045 = DIRECTION('',(2.22044604925E-16,-1.,0.));
#3046 = ORIENTED_EDGE('',*,*,#2736,.T.);
#3047 = ORIENTED_EDGE('',*,*,#2859,.T.);
#3048 = ORIENTED_EDGE('',*,*,#1924,.F.);
#3049 = ORIENTED_EDGE('',*,*,#2002,.F.);
#3050 = PLANE('',#3051);
#3051 = AXIS2_PLACEMENT_3D('',#3052,#3053,#3054);
#3052 = CARTESIAN_POINT('',(2.25,0.84,1.025));
#3053 = DIRECTION('',(0.,0.,-1.));
#3054 = DIRECTION('',(-1.,-2.22044604925E-16,-0.));
#3055 = ADVANCED_FACE('',(#3056),#3069,.F.);
#3056 = FACE_BOUND('',#3057,.F.);
#3057 = EDGE_LOOP('',(#3058,#3059,#3065,#3066,#3067,#3068));
#3058 = ORIENTED_EDGE('',*,*,#2496,.F.);
#3059 = ORIENTED_EDGE('',*,*,#3060,.T.);
#3060 = EDGE_CURVE('',#2488,#2375,#3061,.T.);
#3061 = LINE('',#3062,#3063);
#3062 = CARTESIAN_POINT('',(2.25,-1.7,1.025));
#3063 = VECTOR('',#3064,1.);
#3064 = DIRECTION('',(2.22044604925E-16,-1.,0.));
#3065 = ORIENTED_EDGE('',*,*,#2383,.T.);
#3066 = ORIENTED_EDGE('',*,*,#2397,.T.);
#3067 = ORIENTED_EDGE('',*,*,#1956,.F.);
#3068 = ORIENTED_EDGE('',*,*,#2626,.F.);
#3069 = PLANE('',#3070);
#3070 = AXIS2_PLACEMENT_3D('',#3071,#3072,#3073);
#3071 = CARTESIAN_POINT('',(2.25,-1.7,1.025));
#3072 = DIRECTION('',(0.,0.,-1.));
#3073 = DIRECTION('',(-1.,-2.22044604925E-16,-0.));
#3074 = ADVANCED_FACE('',(#3075),#3088,.F.);
#3075 = FACE_BOUND('',#3076,.F.);
#3076 = EDGE_LOOP('',(#3077,#3078,#3084,#3085,#3086,#3087));
#3077 = ORIENTED_EDGE('',*,*,#2828,.F.);
#3078 = ORIENTED_EDGE('',*,*,#3079,.T.);
#3079 = EDGE_CURVE('',#2820,#2597,#3080,.T.);
#3080 = LINE('',#3081,#3082);
#3081 = CARTESIAN_POINT('',(2.25,-0.43,1.025));
#3082 = VECTOR('',#3083,1.);
#3083 = DIRECTION('',(2.22044604925E-16,-1.,0.));
#3084 = ORIENTED_EDGE('',*,*,#2605,.T.);
#3085 = ORIENTED_EDGE('',*,*,#2619,.T.);
#3086 = ORIENTED_EDGE('',*,*,#1940,.F.);
#3087 = ORIENTED_EDGE('',*,*,#2866,.F.);
#3088 = PLANE('',#3089);
#3089 = AXIS2_PLACEMENT_3D('',#3090,#3091,#3092);
#3090 = CARTESIAN_POINT('',(2.25,-0.43,1.025));
#3091 = DIRECTION('',(0.,0.,-1.));
#3092 = DIRECTION('',(-1.,-2.22044604925E-16,-0.));
#3093 = ADVANCED_FACE('',(#3094),#3105,.T.);
#3094 = FACE_BOUND('',#3095,.T.);
#3095 = EDGE_LOOP('',(#3096,#3097,#3098,#3099));
#3096 = ORIENTED_EDGE('',*,*,#2086,.T.);
#3097 = ORIENTED_EDGE('',*,*,#3041,.T.);
#3098 = ORIENTED_EDGE('',*,*,#2727,.F.);
#3099 = ORIENTED_EDGE('',*,*,#3100,.F.);
#3100 = EDGE_CURVE('',#2079,#2720,#3101,.T.);
#3101 = LINE('',#3102,#3103);
#3102 = CARTESIAN_POINT('',(2.55,0.84,0.725));
#3103 = VECTOR('',#3104,1.);
#3104 = DIRECTION('',(2.22044604925E-16,-1.,0.));
#3105 = CYLINDRICAL_SURFACE('',#3106,0.3);
#3106 = AXIS2_PLACEMENT_3D('',#3107,#3108,#3109);
#3107 = CARTESIAN_POINT('',(2.25,0.84,0.725));
#3108 = DIRECTION('',(-2.22044604925E-16,1.,-0.));
#3109 = DIRECTION('',(1.,2.22044604925E-16,3.700743415417E-16));
#3110 = ADVANCED_FACE('',(#3111),#3122,.F.);
#3111 = FACE_BOUND('',#3112,.F.);
#3112 = EDGE_LOOP('',(#3113,#3119,#3120,#3121));
#3113 = ORIENTED_EDGE('',*,*,#3114,.T.);
#3114 = EDGE_CURVE('',#2070,#2711,#3115,.T.);
#3115 = LINE('',#3116,#3117);
#3116 = CARTESIAN_POINT('',(2.55,0.84,0.3));
#3117 = VECTOR('',#3118,1.);
#3118 = DIRECTION('',(2.22044604925E-16,-1.,0.));
#3119 = ORIENTED_EDGE('',*,*,#2719,.T.);
#3120 = ORIENTED_EDGE('',*,*,#3100,.F.);
#3121 = ORIENTED_EDGE('',*,*,#2078,.F.);
#3122 = PLANE('',#3123);
#3123 = AXIS2_PLACEMENT_3D('',#3124,#3125,#3126);
#3124 = CARTESIAN_POINT('',(2.55,0.84,0.3));
#3125 = DIRECTION('',(-1.,-2.22044604925E-16,0.));
#3126 = DIRECTION('',(0.,0.,1.));
#3127 = ADVANCED_FACE('',(#3128),#3139,.F.);
#3128 = FACE_BOUND('',#3129,.F.);
#3129 = EDGE_LOOP('',(#3130,#3136,#3137,#3138));
#3130 = ORIENTED_EDGE('',*,*,#3131,.T.);
#3131 = EDGE_CURVE('',#2062,#2703,#3132,.T.);
#3132 = LINE('',#3133,#3134);
#3133 = CARTESIAN_POINT('',(2.65,0.84,0.2));
#3134 = VECTOR('',#3135,1.);
#3135 = DIRECTION('',(2.22044604925E-16,-1.,0.));
#3136 = ORIENTED_EDGE('',*,*,#2710,.T.);
#3137 = ORIENTED_EDGE('',*,*,#3114,.F.);
#3138 = ORIENTED_EDGE('',*,*,#2069,.F.);
#3139 = CYLINDRICAL_SURFACE('',#3140,0.1);
#3140 = AXIS2_PLACEMENT_3D('',#3141,#3142,#3143);
#3141 = CARTESIAN_POINT('',(2.65,0.84,0.3));
#3142 = DIRECTION('',(-2.22044604925E-16,1.,0.));
#3143 = DIRECTION('',(0.,0.,-1.));
#3144 = ADVANCED_FACE('',(#3145),#3156,.F.);
#3145 = FACE_BOUND('',#3146,.F.);
#3146 = EDGE_LOOP('',(#3147,#3153,#3154,#3155));
#3147 = ORIENTED_EDGE('',*,*,#3148,.T.);
#3148 = EDGE_CURVE('',#2054,#2695,#3149,.T.);
#3149 = LINE('',#3150,#3151);
#3150 = CARTESIAN_POINT('',(3.,0.84,0.2));
#3151 = VECTOR('',#3152,1.);
#3152 = DIRECTION('',(2.22044604925E-16,-1.,0.));
#3153 = ORIENTED_EDGE('',*,*,#2702,.T.);
#3154 = ORIENTED_EDGE('',*,*,#3131,.F.);
#3155 = ORIENTED_EDGE('',*,*,#2061,.F.);
#3156 = PLANE('',#3157);
#3157 = AXIS2_PLACEMENT_3D('',#3158,#3159,#3160);
#3158 = CARTESIAN_POINT('',(3.,0.84,0.2));
#3159 = DIRECTION('',(0.,0.,-1.));
#3160 = DIRECTION('',(-1.,-2.22044604925E-16,-0.));
#3161 = ADVANCED_FACE('',(#3162),#3173,.F.);
#3162 = FACE_BOUND('',#3163,.F.);
#3163 = EDGE_LOOP('',(#3164,#3170,#3171,#3172));
#3164 = ORIENTED_EDGE('',*,*,#3165,.T.);
#3165 = EDGE_CURVE('',#2046,#2687,#3166,.T.);
#3166 = LINE('',#3167,#3168);
#3167 = CARTESIAN_POINT('',(3.,0.84,5.551115123126E-17));
#3168 = VECTOR('',#3169,1.);
#3169 = DIRECTION('',(2.22044604925E-16,-1.,0.));
#3170 = ORIENTED_EDGE('',*,*,#2694,.T.);
#3171 = ORIENTED_EDGE('',*,*,#3148,.F.);
#3172 = ORIENTED_EDGE('',*,*,#2053,.F.);
#3173 = PLANE('',#3174);
#3174 = AXIS2_PLACEMENT_3D('',#3175,#3176,#3177);
#3175 = CARTESIAN_POINT('',(3.,0.84,5.551115123126E-17));
#3176 = DIRECTION('',(-1.,-2.22044604925E-16,0.));
#3177 = DIRECTION('',(0.,0.,1.));
#3178 = ADVANCED_FACE('',(#3179),#3190,.F.);
#3179 = FACE_BOUND('',#3180,.F.);
#3180 = EDGE_LOOP('',(#3181,#3187,#3188,#3189));
#3181 = ORIENTED_EDGE('',*,*,#3182,.T.);
#3182 = EDGE_CURVE('',#2037,#2678,#3183,.T.);
#3183 = LINE('',#3184,#3185);
#3184 = CARTESIAN_POINT('',(2.65,0.84,5.551115123126E-17));
#3185 = VECTOR('',#3186,1.);
#3186 = DIRECTION('',(2.22044604925E-16,-1.,0.));
#3187 = ORIENTED_EDGE('',*,*,#2686,.T.);
#3188 = ORIENTED_EDGE('',*,*,#3165,.F.);
#3189 = ORIENTED_EDGE('',*,*,#2045,.F.);
#3190 = PLANE('',#3191);
#3191 = AXIS2_PLACEMENT_3D('',#3192,#3193,#3194);
#3192 = CARTESIAN_POINT('',(2.65,0.84,5.551115123126E-17));
#3193 = DIRECTION('',(0.,0.,1.));
#3194 = DIRECTION('',(1.,2.22044604925E-16,-0.));
#3195 = ADVANCED_FACE('',(#3196),#3207,.T.);
#3196 = FACE_BOUND('',#3197,.T.);
#3197 = EDGE_LOOP('',(#3198,#3199,#3200,#3201));
#3198 = ORIENTED_EDGE('',*,*,#2036,.T.);
#3199 = ORIENTED_EDGE('',*,*,#3182,.T.);
#3200 = ORIENTED_EDGE('',*,*,#2677,.F.);
#3201 = ORIENTED_EDGE('',*,*,#3202,.F.);
#3202 = EDGE_CURVE('',#2029,#2670,#3203,.T.);
#3203 = LINE('',#3204,#3205);
#3204 = CARTESIAN_POINT('',(2.35,0.84,0.3));
#3205 = VECTOR('',#3206,1.);
#3206 = DIRECTION('',(2.22044604925E-16,-1.,0.));
#3207 = CYLINDRICAL_SURFACE('',#3208,0.3);
#3208 = AXIS2_PLACEMENT_3D('',#3209,#3210,#3211);
#3209 = CARTESIAN_POINT('',(2.65,0.84,0.3));
#3210 = DIRECTION('',(-2.22044604925E-16,1.,-0.));
#3211 = DIRECTION('',(-1.,-2.22044604925E-16,3.515706244646E-15));
#3212 = ADVANCED_FACE('',(#3213),#3219,.F.);
#3213 = FACE_BOUND('',#3214,.F.);
#3214 = EDGE_LOOP('',(#3215,#3216,#3217,#3218));
#3215 = ORIENTED_EDGE('',*,*,#2651,.T.);
#3216 = ORIENTED_EDGE('',*,*,#2669,.T.);
#3217 = ORIENTED_EDGE('',*,*,#3202,.F.);
#3218 = ORIENTED_EDGE('',*,*,#2028,.F.);
#3219 = PLANE('',#3220);
#3220 = AXIS2_PLACEMENT_3D('',#3221,#3222,#3223);
#3221 = CARTESIAN_POINT('',(2.35,0.84,0.725));
#3222 = DIRECTION('',(1.,2.22044604925E-16,1.044915787883E-15));
#3223 = DIRECTION('',(1.044915787883E-15,2.320179133003E-31,-1.));
#3224 = ADVANCED_FACE('',(#3225),#3242,.F.);
#3225 = FACE_BOUND('',#3226,.F.);
#3226 = EDGE_LOOP('',(#3227,#3228,#3235,#3241));
#3227 = ORIENTED_EDGE('',*,*,#2140,.T.);
#3228 = ORIENTED_EDGE('',*,*,#3229,.T.);
#3229 = EDGE_CURVE('',#2134,#3230,#3232,.T.);
#3230 = VERTEX_POINT('',#3231);
#3231 = CARTESIAN_POINT('',(-1.775,-2.45,1.025));
#3232 = B_SPLINE_CURVE_WITH_KNOTS('',1,(#3233,#3234),.UNSPECIFIED.,.F.,
  .F.,(2,2),(0.,1.),.PIECEWISE_BEZIER_KNOTS.);
#3233 = CARTESIAN_POINT('',(-1.775,-2.45,0.825));
#3234 = CARTESIAN_POINT('',(-1.775,-2.45,1.025));
#3235 = ORIENTED_EDGE('',*,*,#3236,.F.);
#3236 = EDGE_CURVE('',#2284,#3230,#3237,.T.);
#3237 = LINE('',#3238,#3239);
#3238 = CARTESIAN_POINT('',(1.775,-2.45,1.025));
#3239 = VECTOR('',#3240,1.);
#3240 = DIRECTION('',(-1.,-2.22044604925E-16,0.));
#3241 = ORIENTED_EDGE('',*,*,#2283,.F.);
#3242 = PLANE('',#3243);
#3243 = AXIS2_PLACEMENT_3D('',#3244,#3245,#3246);
#3244 = CARTESIAN_POINT('',(1.775,-2.45,1.025));
#3245 = DIRECTION('',(-2.22044604925E-16,1.,0.));
#3246 = DIRECTION('',(-1.,-2.22044604925E-16,0.));
#3247 = ADVANCED_FACE('',(#3248),#3265,.F.);
#3248 = FACE_BOUND('',#3249,.F.);
#3249 = EDGE_LOOP('',(#3250,#3251,#3258,#3264));
#3250 = ORIENTED_EDGE('',*,*,#2163,.T.);
#3251 = ORIENTED_EDGE('',*,*,#3252,.T.);
#3252 = EDGE_CURVE('',#2157,#3253,#3255,.T.);
#3253 = VERTEX_POINT('',#3254);
#3254 = CARTESIAN_POINT('',(-1.95,-2.275,1.025));
#3255 = B_SPLINE_CURVE_WITH_KNOTS('',1,(#3256,#3257),.UNSPECIFIED.,.F.,
  .F.,(2,2),(0.,1.),.PIECEWISE_BEZIER_KNOTS.);
#3256 = CARTESIAN_POINT('',(-1.95,-2.275,0.825));
#3257 = CARTESIAN_POINT('',(-1.95,-2.275,1.025));
#3258 = ORIENTED_EDGE('',*,*,#3259,.F.);
#3259 = EDGE_CURVE('',#3230,#3253,#3260,.T.);
#3260 = LINE('',#3261,#3262);
#3261 = CARTESIAN_POINT('',(-1.775,-2.45,1.025));
#3262 = VECTOR('',#3263,1.);
#3263 = DIRECTION('',(-0.707106781187,0.707106781187,0.));
#3264 = ORIENTED_EDGE('',*,*,#3229,.F.);
#3265 = PLANE('',#3266);
#3266 = AXIS2_PLACEMENT_3D('',#3267,#3268,#3269);
#3267 = CARTESIAN_POINT('',(-1.775,-2.45,1.025));
#3268 = DIRECTION('',(0.707106781187,0.707106781187,0.));
#3269 = DIRECTION('',(-0.707106781187,0.707106781187,0.));
#3270 = ADVANCED_FACE('',(#3271),#3289,.F.);
#3271 = FACE_BOUND('',#3272,.F.);
#3272 = EDGE_LOOP('',(#3273,#3274,#3275,#3283));
#3273 = ORIENTED_EDGE('',*,*,#3252,.F.);
#3274 = ORIENTED_EDGE('',*,*,#2250,.T.);
#3275 = ORIENTED_EDGE('',*,*,#3276,.T.);
#3276 = EDGE_CURVE('',#2243,#3277,#3279,.T.);
#3277 = VERTEX_POINT('',#3278);
#3278 = CARTESIAN_POINT('',(-1.95,-2.11,1.025));
#3279 = LINE('',#3280,#3281);
#3280 = CARTESIAN_POINT('',(-1.95,-2.11,0.778829828783));
#3281 = VECTOR('',#3282,1.);
#3282 = DIRECTION('',(0.,0.,1.));
#3283 = ORIENTED_EDGE('',*,*,#3284,.F.);
#3284 = EDGE_CURVE('',#3253,#3277,#3285,.T.);
#3285 = LINE('',#3286,#3287);
#3286 = CARTESIAN_POINT('',(-1.95,-2.275,1.025));
#3287 = VECTOR('',#3288,1.);
#3288 = DIRECTION('',(-2.22044604925E-16,1.,0.));
#3289 = PLANE('',#3290);
#3290 = AXIS2_PLACEMENT_3D('',#3291,#3292,#3293);
#3291 = CARTESIAN_POINT('',(-1.95,-2.275,1.025));
#3292 = DIRECTION('',(1.,2.22044604925E-16,0.));
#3293 = DIRECTION('',(-2.22044604925E-16,1.,0.));
#3294 = ADVANCED_FACE('',(#3295),#3319,.F.);
#3295 = FACE_BOUND('',#3296,.F.);
#3296 = EDGE_LOOP('',(#3297,#3305,#3306,#3313));
#3297 = ORIENTED_EDGE('',*,*,#3298,.F.);
#3298 = EDGE_CURVE('',#2187,#3299,#3301,.T.);
#3299 = VERTEX_POINT('',#3300);
#3300 = CARTESIAN_POINT('',(-1.95,2.11,1.025));
#3301 = LINE('',#3302,#3303);
#3302 = CARTESIAN_POINT('',(-1.95,2.11,0.778829828783));
#3303 = VECTOR('',#3304,1.);
#3304 = DIRECTION('',(0.,0.,1.));
#3305 = ORIENTED_EDGE('',*,*,#2186,.T.);
#3306 = ORIENTED_EDGE('',*,*,#3307,.T.);
#3307 = EDGE_CURVE('',#2180,#3308,#3310,.T.);
#3308 = VERTEX_POINT('',#3309);
#3309 = CARTESIAN_POINT('',(-1.95,2.275,1.025));
#3310 = B_SPLINE_CURVE_WITH_KNOTS('',1,(#3311,#3312),.UNSPECIFIED.,.F.,
  .F.,(2,2),(0.,1.),.PIECEWISE_BEZIER_KNOTS.);
#3311 = CARTESIAN_POINT('',(-1.95,2.275,0.825));
#3312 = CARTESIAN_POINT('',(-1.95,2.275,1.025));
#3313 = ORIENTED_EDGE('',*,*,#3314,.F.);
#3314 = EDGE_CURVE('',#3299,#3308,#3315,.T.);
#3315 = LINE('',#3316,#3317);
#3316 = CARTESIAN_POINT('',(-1.95,-2.275,1.025));
#3317 = VECTOR('',#3318,1.);
#3318 = DIRECTION('',(-2.22044604925E-16,1.,0.));
#3319 = PLANE('',#3320);
#3320 = AXIS2_PLACEMENT_3D('',#3321,#3322,#3323);
#3321 = CARTESIAN_POINT('',(-1.95,-2.275,1.025));
#3322 = DIRECTION('',(1.,2.22044604925E-16,0.));
#3323 = DIRECTION('',(-2.22044604925E-16,1.,0.));
#3324 = ADVANCED_FACE('',(#3325),#3350,.F.);
#3325 = FACE_BOUND('',#3326,.F.);
#3326 = EDGE_LOOP('',(#3327,#3335,#3336,#3344));
#3327 = ORIENTED_EDGE('',*,*,#3328,.F.);
#3328 = EDGE_CURVE('',#2243,#3329,#3331,.T.);
#3329 = VERTEX_POINT('',#3330);
#3330 = CARTESIAN_POINT('',(-2.25,-2.11,0.825));
#3331 = LINE('',#3332,#3333);
#3332 = CARTESIAN_POINT('',(-1.8,-2.11,0.825));
#3333 = VECTOR('',#3334,1.);
#3334 = DIRECTION('',(-1.,-9.95799250103E-17,0.));
#3335 = ORIENTED_EDGE('',*,*,#2242,.T.);
#3336 = ORIENTED_EDGE('',*,*,#3337,.T.);
#3337 = EDGE_CURVE('',#2235,#3338,#3340,.T.);
#3338 = VERTEX_POINT('',#3339);
#3339 = CARTESIAN_POINT('',(-2.25,-1.7,0.825));
#3340 = LINE('',#3341,#3342);
#3341 = CARTESIAN_POINT('',(-1.8,-1.7,0.825));
#3342 = VECTOR('',#3343,1.);
#3343 = DIRECTION('',(-1.,-9.95799250103E-17,0.));
#3344 = ORIENTED_EDGE('',*,*,#3345,.F.);
#3345 = EDGE_CURVE('',#3329,#3338,#3346,.T.);
#3346 = LINE('',#3347,#3348);
#3347 = CARTESIAN_POINT('',(-2.25,-2.11,0.825));
#3348 = VECTOR('',#3349,1.);
#3349 = DIRECTION('',(-9.95799250103E-17,1.,0.));
#3350 = PLANE('',#3351);
#3351 = AXIS2_PLACEMENT_3D('',#3352,#3353,#3354);
#3352 = CARTESIAN_POINT('',(-1.8,-2.11,0.825));
#3353 = DIRECTION('',(0.,0.,1.));
#3354 = DIRECTION('',(-1.,-9.95799250103E-17,0.));
#3355 = ADVANCED_FACE('',(#3356),#3381,.F.);
#3356 = FACE_BOUND('',#3357,.F.);
#3357 = EDGE_LOOP('',(#3358,#3366,#3367,#3375));
#3358 = ORIENTED_EDGE('',*,*,#3359,.F.);
#3359 = EDGE_CURVE('',#2195,#3360,#3362,.T.);
#3360 = VERTEX_POINT('',#3361);
#3361 = CARTESIAN_POINT('',(-2.25,1.7,0.825));
#3362 = LINE('',#3363,#3364);
#3363 = CARTESIAN_POINT('',(-1.8,1.7,0.825));
#3364 = VECTOR('',#3365,1.);
#3365 = DIRECTION('',(-1.,-9.95799250103E-17,0.));
#3366 = ORIENTED_EDGE('',*,*,#2194,.T.);
#3367 = ORIENTED_EDGE('',*,*,#3368,.T.);
#3368 = EDGE_CURVE('',#2187,#3369,#3371,.T.);
#3369 = VERTEX_POINT('',#3370);
#3370 = CARTESIAN_POINT('',(-2.25,2.11,0.825));
#3371 = LINE('',#3372,#3373);
#3372 = CARTESIAN_POINT('',(-1.8,2.11,0.825));
#3373 = VECTOR('',#3374,1.);
#3374 = DIRECTION('',(-1.,-9.95799250103E-17,0.));
#3375 = ORIENTED_EDGE('',*,*,#3376,.F.);
#3376 = EDGE_CURVE('',#3360,#3369,#3377,.T.);
#3377 = LINE('',#3378,#3379);
#3378 = CARTESIAN_POINT('',(-2.25,1.7,0.825));
#3379 = VECTOR('',#3380,1.);
#3380 = DIRECTION('',(-9.95799250103E-17,1.,0.));
#3381 = PLANE('',#3382);
#3382 = AXIS2_PLACEMENT_3D('',#3383,#3384,#3385);
#3383 = CARTESIAN_POINT('',(-1.8,1.7,0.825));
#3384 = DIRECTION('',(0.,0.,1.));
#3385 = DIRECTION('',(-1.,-9.95799250103E-17,0.));
#3386 = ADVANCED_FACE('',(#3387),#3412,.F.);
#3387 = FACE_BOUND('',#3388,.F.);
#3388 = EDGE_LOOP('',(#3389,#3397,#3398,#3406));
#3389 = ORIENTED_EDGE('',*,*,#3390,.F.);
#3390 = EDGE_CURVE('',#2235,#3391,#3393,.T.);
#3391 = VERTEX_POINT('',#3392);
#3392 = CARTESIAN_POINT('',(-1.95,-1.7,1.025));
#3393 = LINE('',#3394,#3395);
#3394 = CARTESIAN_POINT('',(-1.95,-1.7,0.778829828783));
#3395 = VECTOR('',#3396,1.);
#3396 = DIRECTION('',(0.,0.,1.));
#3397 = ORIENTED_EDGE('',*,*,#2234,.T.);
#3398 = ORIENTED_EDGE('',*,*,#3399,.T.);
#3399 = EDGE_CURVE('',#2227,#3400,#3402,.T.);
#3400 = VERTEX_POINT('',#3401);
#3401 = CARTESIAN_POINT('',(-1.95,-0.84,1.025));
#3402 = LINE('',#3403,#3404);
#3403 = CARTESIAN_POINT('',(-1.95,-0.84,0.778829828783));
#3404 = VECTOR('',#3405,1.);
#3405 = DIRECTION('',(0.,0.,1.));
#3406 = ORIENTED_EDGE('',*,*,#3407,.F.);
#3407 = EDGE_CURVE('',#3391,#3400,#3408,.T.);
#3408 = LINE('',#3409,#3410);
#3409 = CARTESIAN_POINT('',(-1.95,-2.275,1.025));
#3410 = VECTOR('',#3411,1.);
#3411 = DIRECTION('',(-2.22044604925E-16,1.,0.));
#3412 = PLANE('',#3413);
#3413 = AXIS2_PLACEMENT_3D('',#3414,#3415,#3416);
#3414 = CARTESIAN_POINT('',(-1.95,-2.275,1.025));
#3415 = DIRECTION('',(1.,2.22044604925E-16,0.));
#3416 = DIRECTION('',(-2.22044604925E-16,1.,0.));
#3417 = ADVANCED_FACE('',(#3418),#3443,.F.);
#3418 = FACE_BOUND('',#3419,.F.);
#3419 = EDGE_LOOP('',(#3420,#3428,#3429,#3437));
#3420 = ORIENTED_EDGE('',*,*,#3421,.F.);
#3421 = EDGE_CURVE('',#2203,#3422,#3424,.T.);
#3422 = VERTEX_POINT('',#3423);
#3423 = CARTESIAN_POINT('',(-1.95,0.84,1.025));
#3424 = LINE('',#3425,#3426);
#3425 = CARTESIAN_POINT('',(-1.95,0.84,0.778829828783));
#3426 = VECTOR('',#3427,1.);
#3427 = DIRECTION('',(0.,0.,1.));
#3428 = ORIENTED_EDGE('',*,*,#2202,.T.);
#3429 = ORIENTED_EDGE('',*,*,#3430,.T.);
#3430 = EDGE_CURVE('',#2195,#3431,#3433,.T.);
#3431 = VERTEX_POINT('',#3432);
#3432 = CARTESIAN_POINT('',(-1.95,1.7,1.025));
#3433 = LINE('',#3434,#3435);
#3434 = CARTESIAN_POINT('',(-1.95,1.7,0.778829828783));
#3435 = VECTOR('',#3436,1.);
#3436 = DIRECTION('',(0.,0.,1.));
#3437 = ORIENTED_EDGE('',*,*,#3438,.F.);
#3438 = EDGE_CURVE('',#3422,#3431,#3439,.T.);
#3439 = LINE('',#3440,#3441);
#3440 = CARTESIAN_POINT('',(-1.95,-2.275,1.025));
#3441 = VECTOR('',#3442,1.);
#3442 = DIRECTION('',(-2.22044604925E-16,1.,0.));
#3443 = PLANE('',#3444);
#3444 = AXIS2_PLACEMENT_3D('',#3445,#3446,#3447);
#3445 = CARTESIAN_POINT('',(-1.95,-2.275,1.025));
#3446 = DIRECTION('',(1.,2.22044604925E-16,0.));
#3447 = DIRECTION('',(-2.22044604925E-16,1.,0.));
#3448 = ADVANCED_FACE('',(#3449),#3474,.F.);
#3449 = FACE_BOUND('',#3450,.F.);
#3450 = EDGE_LOOP('',(#3451,#3459,#3460,#3468));
#3451 = ORIENTED_EDGE('',*,*,#3452,.F.);
#3452 = EDGE_CURVE('',#2227,#3453,#3455,.T.);
#3453 = VERTEX_POINT('',#3454);
#3454 = CARTESIAN_POINT('',(-2.25,-0.84,0.825));
#3455 = LINE('',#3456,#3457);
#3456 = CARTESIAN_POINT('',(-1.8,-0.84,0.825));
#3457 = VECTOR('',#3458,1.);
#3458 = DIRECTION('',(-1.,-9.95799250103E-17,0.));
#3459 = ORIENTED_EDGE('',*,*,#2226,.T.);
#3460 = ORIENTED_EDGE('',*,*,#3461,.T.);
#3461 = EDGE_CURVE('',#2219,#3462,#3464,.T.);
#3462 = VERTEX_POINT('',#3463);
#3463 = CARTESIAN_POINT('',(-2.25,-0.43,0.825));
#3464 = LINE('',#3465,#3466);
#3465 = CARTESIAN_POINT('',(-1.8,-0.43,0.825));
#3466 = VECTOR('',#3467,1.);
#3467 = DIRECTION('',(-1.,-9.95799250103E-17,0.));
#3468 = ORIENTED_EDGE('',*,*,#3469,.F.);
#3469 = EDGE_CURVE('',#3453,#3462,#3470,.T.);
#3470 = LINE('',#3471,#3472);
#3471 = CARTESIAN_POINT('',(-2.25,-0.84,0.825));
#3472 = VECTOR('',#3473,1.);
#3473 = DIRECTION('',(-9.95799250103E-17,1.,0.));
#3474 = PLANE('',#3475);
#3475 = AXIS2_PLACEMENT_3D('',#3476,#3477,#3478);
#3476 = CARTESIAN_POINT('',(-1.8,-0.84,0.825));
#3477 = DIRECTION('',(0.,0.,1.));
#3478 = DIRECTION('',(-1.,-9.95799250103E-17,0.));
#3479 = ADVANCED_FACE('',(#3480),#3505,.F.);
#3480 = FACE_BOUND('',#3481,.F.);
#3481 = EDGE_LOOP('',(#3482,#3490,#3491,#3499));
#3482 = ORIENTED_EDGE('',*,*,#3483,.F.);
#3483 = EDGE_CURVE('',#2211,#3484,#3486,.T.);
#3484 = VERTEX_POINT('',#3485);
#3485 = CARTESIAN_POINT('',(-2.25,0.43,0.825));
#3486 = LINE('',#3487,#3488);
#3487 = CARTESIAN_POINT('',(-1.8,0.43,0.825));
#3488 = VECTOR('',#3489,1.);
#3489 = DIRECTION('',(-1.,-9.95799250103E-17,0.));
#3490 = ORIENTED_EDGE('',*,*,#2210,.T.);
#3491 = ORIENTED_EDGE('',*,*,#3492,.T.);
#3492 = EDGE_CURVE('',#2203,#3493,#3495,.T.);
#3493 = VERTEX_POINT('',#3494);
#3494 = CARTESIAN_POINT('',(-2.25,0.84,0.825));
#3495 = LINE('',#3496,#3497);
#3496 = CARTESIAN_POINT('',(-1.8,0.84,0.825));
#3497 = VECTOR('',#3498,1.);
#3498 = DIRECTION('',(-1.,-9.95799250103E-17,0.));
#3499 = ORIENTED_EDGE('',*,*,#3500,.F.);
#3500 = EDGE_CURVE('',#3484,#3493,#3501,.T.);
#3501 = LINE('',#3502,#3503);
#3502 = CARTESIAN_POINT('',(-2.25,0.43,0.825));
#3503 = VECTOR('',#3504,1.);
#3504 = DIRECTION('',(-9.95799250103E-17,1.,0.));
#3505 = PLANE('',#3506);
#3506 = AXIS2_PLACEMENT_3D('',#3507,#3508,#3509);
#3507 = CARTESIAN_POINT('',(-1.8,0.43,0.825));
#3508 = DIRECTION('',(0.,0.,1.));
#3509 = DIRECTION('',(-1.,-9.95799250103E-17,0.));
#3510 = ADVANCED_FACE('',(#3511),#3536,.F.);
#3511 = FACE_BOUND('',#3512,.F.);
#3512 = EDGE_LOOP('',(#3513,#3521,#3522,#3530));
#3513 = ORIENTED_EDGE('',*,*,#3514,.F.);
#3514 = EDGE_CURVE('',#2219,#3515,#3517,.T.);
#3515 = VERTEX_POINT('',#3516);
#3516 = CARTESIAN_POINT('',(-1.95,-0.43,1.025));
#3517 = LINE('',#3518,#3519);
#3518 = CARTESIAN_POINT('',(-1.95,-0.43,0.778829828783));
#3519 = VECTOR('',#3520,1.);
#3520 = DIRECTION('',(0.,0.,1.));
#3521 = ORIENTED_EDGE('',*,*,#2218,.T.);
#3522 = ORIENTED_EDGE('',*,*,#3523,.T.);
#3523 = EDGE_CURVE('',#2211,#3524,#3526,.T.);
#3524 = VERTEX_POINT('',#3525);
#3525 = CARTESIAN_POINT('',(-1.95,0.43,1.025));
#3526 = LINE('',#3527,#3528);
#3527 = CARTESIAN_POINT('',(-1.95,0.43,0.778829828783));
#3528 = VECTOR('',#3529,1.);
#3529 = DIRECTION('',(0.,0.,1.));
#3530 = ORIENTED_EDGE('',*,*,#3531,.F.);
#3531 = EDGE_CURVE('',#3515,#3524,#3532,.T.);
#3532 = LINE('',#3533,#3534);
#3533 = CARTESIAN_POINT('',(-1.95,-2.275,1.025));
#3534 = VECTOR('',#3535,1.);
#3535 = DIRECTION('',(-2.22044604925E-16,1.,0.));
#3536 = PLANE('',#3537);
#3537 = AXIS2_PLACEMENT_3D('',#3538,#3539,#3540);
#3538 = CARTESIAN_POINT('',(-1.95,-2.275,1.025));
#3539 = DIRECTION('',(1.,2.22044604925E-16,0.));
#3540 = DIRECTION('',(-2.22044604925E-16,1.,0.));
#3541 = ADVANCED_FACE('',(#3542),#3553,.F.);
#3542 = FACE_BOUND('',#3543,.F.);
#3543 = EDGE_LOOP('',(#3544,#3545,#3546,#3552));
#3544 = ORIENTED_EDGE('',*,*,#2267,.T.);
#3545 = ORIENTED_EDGE('',*,*,#2914,.T.);
#3546 = ORIENTED_EDGE('',*,*,#3547,.F.);
#3547 = EDGE_CURVE('',#3308,#2907,#3548,.T.);
#3548 = LINE('',#3549,#3550);
#3549 = CARTESIAN_POINT('',(-1.95,2.275,1.025));
#3550 = VECTOR('',#3551,1.);
#3551 = DIRECTION('',(0.707106781187,0.707106781187,0.));
#3552 = ORIENTED_EDGE('',*,*,#3307,.F.);
#3553 = PLANE('',#3554);
#3554 = AXIS2_PLACEMENT_3D('',#3555,#3556,#3557);
#3555 = CARTESIAN_POINT('',(-1.95,2.275,1.025));
#3556 = DIRECTION('',(0.707106781187,-0.707106781187,0.));
#3557 = DIRECTION('',(0.707106781187,0.707106781187,0.));
#3558 = ADVANCED_FACE('',(#3559),#3569,.F.);
#3559 = FACE_BOUND('',#3560,.F.);
#3560 = EDGE_LOOP('',(#3561,#3562,#3567,#3568));
#3561 = ORIENTED_EDGE('',*,*,#2290,.T.);
#3562 = ORIENTED_EDGE('',*,*,#3563,.T.);
#3563 = EDGE_CURVE('',#2284,#3018,#3564,.T.);
#3564 = B_SPLINE_CURVE_WITH_KNOTS('',1,(#3565,#3566),.UNSPECIFIED.,.F.,
  .F.,(2,2),(0.,1.),.PIECEWISE_BEZIER_KNOTS.);
#3565 = CARTESIAN_POINT('',(1.775,-2.45,1.025));
#3566 = CARTESIAN_POINT('',(1.7375,-2.375,1.025));
#3567 = ORIENTED_EDGE('',*,*,#3017,.F.);
#3568 = ORIENTED_EDGE('',*,*,#2404,.F.);
#3569 = B_SPLINE_SURFACE_WITH_KNOTS('',1,1,(
    (#3570,#3571)
    ,(#3572,#3573
    )),.UNSPECIFIED.,.F.,.F.,.F.,(2,2),(2,2),(0.,0.247487373415),(0.,1.)
  ,.PIECEWISE_BEZIER_KNOTS.);
#3570 = CARTESIAN_POINT('',(1.95,-2.275,1.025));
#3571 = CARTESIAN_POINT('',(1.875,-2.2375,1.025));
#3572 = CARTESIAN_POINT('',(1.775,-2.45,1.025));
#3573 = CARTESIAN_POINT('',(1.7375,-2.375,1.025));
#3574 = ADVANCED_FACE('',(#3575),#3586,.T.);
#3575 = FACE_BOUND('',#3576,.T.);
#3576 = EDGE_LOOP('',(#3577,#3578,#3579,#3580));
#3577 = ORIENTED_EDGE('',*,*,#2487,.T.);
#3578 = ORIENTED_EDGE('',*,*,#3060,.T.);
#3579 = ORIENTED_EDGE('',*,*,#2374,.F.);
#3580 = ORIENTED_EDGE('',*,*,#3581,.F.);
#3581 = EDGE_CURVE('',#2480,#2367,#3582,.T.);
#3582 = LINE('',#3583,#3584);
#3583 = CARTESIAN_POINT('',(2.55,-1.7,0.725));
#3584 = VECTOR('',#3585,1.);
#3585 = DIRECTION('',(2.22044604925E-16,-1.,0.));
#3586 = CYLINDRICAL_SURFACE('',#3587,0.3);
#3587 = AXIS2_PLACEMENT_3D('',#3588,#3589,#3590);
#3588 = CARTESIAN_POINT('',(2.25,-1.7,0.725));
#3589 = DIRECTION('',(-2.22044604925E-16,1.,-0.));
#3590 = DIRECTION('',(1.,2.22044604925E-16,3.700743415417E-16));
#3591 = ADVANCED_FACE('',(#3592),#3603,.F.);
#3592 = FACE_BOUND('',#3593,.F.);
#3593 = EDGE_LOOP('',(#3594,#3600,#3601,#3602));
#3594 = ORIENTED_EDGE('',*,*,#3595,.T.);
#3595 = EDGE_CURVE('',#2471,#2358,#3596,.T.);
#3596 = LINE('',#3597,#3598);
#3597 = CARTESIAN_POINT('',(2.55,-1.7,0.3));
#3598 = VECTOR('',#3599,1.);
#3599 = DIRECTION('',(2.22044604925E-16,-1.,0.));
#3600 = ORIENTED_EDGE('',*,*,#2366,.T.);
#3601 = ORIENTED_EDGE('',*,*,#3581,.F.);
#3602 = ORIENTED_EDGE('',*,*,#2479,.F.);
#3603 = PLANE('',#3604);
#3604 = AXIS2_PLACEMENT_3D('',#3605,#3606,#3607);
#3605 = CARTESIAN_POINT('',(2.55,-1.7,0.3));
#3606 = DIRECTION('',(-1.,-2.22044604925E-16,0.));
#3607 = DIRECTION('',(0.,0.,1.));
#3608 = ADVANCED_FACE('',(#3609),#3620,.F.);
#3609 = FACE_BOUND('',#3610,.F.);
#3610 = EDGE_LOOP('',(#3611,#3617,#3618,#3619));
#3611 = ORIENTED_EDGE('',*,*,#3612,.T.);
#3612 = EDGE_CURVE('',#2463,#2350,#3613,.T.);
#3613 = LINE('',#3614,#3615);
#3614 = CARTESIAN_POINT('',(2.65,-1.7,0.2));
#3615 = VECTOR('',#3616,1.);
#3616 = DIRECTION('',(2.22044604925E-16,-1.,0.));
#3617 = ORIENTED_EDGE('',*,*,#2357,.T.);
#3618 = ORIENTED_EDGE('',*,*,#3595,.F.);
#3619 = ORIENTED_EDGE('',*,*,#2470,.F.);
#3620 = CYLINDRICAL_SURFACE('',#3621,0.1);
#3621 = AXIS2_PLACEMENT_3D('',#3622,#3623,#3624);
#3622 = CARTESIAN_POINT('',(2.65,-1.7,0.3));
#3623 = DIRECTION('',(-2.22044604925E-16,1.,0.));
#3624 = DIRECTION('',(0.,0.,-1.));
#3625 = ADVANCED_FACE('',(#3626),#3637,.F.);
#3626 = FACE_BOUND('',#3627,.F.);
#3627 = EDGE_LOOP('',(#3628,#3634,#3635,#3636));
#3628 = ORIENTED_EDGE('',*,*,#3629,.T.);
#3629 = EDGE_CURVE('',#2455,#2342,#3630,.T.);
#3630 = LINE('',#3631,#3632);
#3631 = CARTESIAN_POINT('',(3.,-1.7,0.2));
#3632 = VECTOR('',#3633,1.);
#3633 = DIRECTION('',(2.22044604925E-16,-1.,0.));
#3634 = ORIENTED_EDGE('',*,*,#2349,.T.);
#3635 = ORIENTED_EDGE('',*,*,#3612,.F.);
#3636 = ORIENTED_EDGE('',*,*,#2462,.F.);
#3637 = PLANE('',#3638);
#3638 = AXIS2_PLACEMENT_3D('',#3639,#3640,#3641);
#3639 = CARTESIAN_POINT('',(3.,-1.7,0.2));
#3640 = DIRECTION('',(0.,0.,-1.));
#3641 = DIRECTION('',(-1.,-2.22044604925E-16,-0.));
#3642 = ADVANCED_FACE('',(#3643),#3654,.F.);
#3643 = FACE_BOUND('',#3644,.F.);
#3644 = EDGE_LOOP('',(#3645,#3651,#3652,#3653));
#3645 = ORIENTED_EDGE('',*,*,#3646,.T.);
#3646 = EDGE_CURVE('',#2447,#2334,#3647,.T.);
#3647 = LINE('',#3648,#3649);
#3648 = CARTESIAN_POINT('',(3.,-1.7,5.551115123126E-17));
#3649 = VECTOR('',#3650,1.);
#3650 = DIRECTION('',(2.22044604925E-16,-1.,0.));
#3651 = ORIENTED_EDGE('',*,*,#2341,.T.);
#3652 = ORIENTED_EDGE('',*,*,#3629,.F.);
#3653 = ORIENTED_EDGE('',*,*,#2454,.F.);
#3654 = PLANE('',#3655);
#3655 = AXIS2_PLACEMENT_3D('',#3656,#3657,#3658);
#3656 = CARTESIAN_POINT('',(3.,-1.7,5.551115123126E-17));
#3657 = DIRECTION('',(-1.,-2.22044604925E-16,0.));
#3658 = DIRECTION('',(0.,0.,1.));
#3659 = ADVANCED_FACE('',(#3660),#3671,.F.);
#3660 = FACE_BOUND('',#3661,.F.);
#3661 = EDGE_LOOP('',(#3662,#3668,#3669,#3670));
#3662 = ORIENTED_EDGE('',*,*,#3663,.T.);
#3663 = EDGE_CURVE('',#2438,#2325,#3664,.T.);
#3664 = LINE('',#3665,#3666);
#3665 = CARTESIAN_POINT('',(2.65,-1.7,5.551115123126E-17));
#3666 = VECTOR('',#3667,1.);
#3667 = DIRECTION('',(2.22044604925E-16,-1.,0.));
#3668 = ORIENTED_EDGE('',*,*,#2333,.T.);
#3669 = ORIENTED_EDGE('',*,*,#3646,.F.);
#3670 = ORIENTED_EDGE('',*,*,#2446,.F.);
#3671 = PLANE('',#3672);
#3672 = AXIS2_PLACEMENT_3D('',#3673,#3674,#3675);
#3673 = CARTESIAN_POINT('',(2.65,-1.7,5.551115123126E-17));
#3674 = DIRECTION('',(0.,0.,1.));
#3675 = DIRECTION('',(1.,2.22044604925E-16,-0.));
#3676 = ADVANCED_FACE('',(#3677),#3688,.T.);
#3677 = FACE_BOUND('',#3678,.T.);
#3678 = EDGE_LOOP('',(#3679,#3680,#3681,#3682));
#3679 = ORIENTED_EDGE('',*,*,#2437,.T.);
#3680 = ORIENTED_EDGE('',*,*,#3663,.T.);
#3681 = ORIENTED_EDGE('',*,*,#2324,.F.);
#3682 = ORIENTED_EDGE('',*,*,#3683,.F.);
#3683 = EDGE_CURVE('',#2430,#2317,#3684,.T.);
#3684 = LINE('',#3685,#3686);
#3685 = CARTESIAN_POINT('',(2.35,-1.7,0.3));
#3686 = VECTOR('',#3687,1.);
#3687 = DIRECTION('',(2.22044604925E-16,-1.,0.));
#3688 = CYLINDRICAL_SURFACE('',#3689,0.3);
#3689 = AXIS2_PLACEMENT_3D('',#3690,#3691,#3692);
#3690 = CARTESIAN_POINT('',(2.65,-1.7,0.3));
#3691 = DIRECTION('',(-2.22044604925E-16,1.,-0.));
#3692 = DIRECTION('',(-1.,-2.22044604925E-16,3.515706244646E-15));
#3693 = ADVANCED_FACE('',(#3694),#3700,.F.);
#3694 = FACE_BOUND('',#3695,.F.);
#3695 = EDGE_LOOP('',(#3696,#3697,#3698,#3699));
#3696 = ORIENTED_EDGE('',*,*,#2512,.T.);
#3697 = ORIENTED_EDGE('',*,*,#2316,.T.);
#3698 = ORIENTED_EDGE('',*,*,#3683,.F.);
#3699 = ORIENTED_EDGE('',*,*,#2429,.F.);
#3700 = PLANE('',#3701);
#3701 = AXIS2_PLACEMENT_3D('',#3702,#3703,#3704);
#3702 = CARTESIAN_POINT('',(2.35,-1.7,0.725));
#3703 = DIRECTION('',(1.,2.22044604925E-16,1.044915787883E-15));
#3704 = DIRECTION('',(1.044915787883E-15,2.320179133003E-31,-1.));
#3705 = ADVANCED_FACE('',(#3706),#3717,.T.);
#3706 = FACE_BOUND('',#3707,.T.);
#3707 = EDGE_LOOP('',(#3708,#3709,#3710,#3711));
#3708 = ORIENTED_EDGE('',*,*,#2819,.T.);
#3709 = ORIENTED_EDGE('',*,*,#3079,.T.);
#3710 = ORIENTED_EDGE('',*,*,#2596,.F.);
#3711 = ORIENTED_EDGE('',*,*,#3712,.F.);
#3712 = EDGE_CURVE('',#2812,#2589,#3713,.T.);
#3713 = LINE('',#3714,#3715);
#3714 = CARTESIAN_POINT('',(2.55,-0.43,0.725));
#3715 = VECTOR('',#3716,1.);
#3716 = DIRECTION('',(2.22044604925E-16,-1.,0.));
#3717 = CYLINDRICAL_SURFACE('',#3718,0.3);
#3718 = AXIS2_PLACEMENT_3D('',#3719,#3720,#3721);
#3719 = CARTESIAN_POINT('',(2.25,-0.43,0.725));
#3720 = DIRECTION('',(-2.22044604925E-16,1.,-0.));
#3721 = DIRECTION('',(1.,2.22044604925E-16,3.700743415417E-16));
#3722 = ADVANCED_FACE('',(#3723),#3734,.F.);
#3723 = FACE_BOUND('',#3724,.F.);
#3724 = EDGE_LOOP('',(#3725,#3731,#3732,#3733));
#3725 = ORIENTED_EDGE('',*,*,#3726,.T.);
#3726 = EDGE_CURVE('',#2803,#2580,#3727,.T.);
#3727 = LINE('',#3728,#3729);
#3728 = CARTESIAN_POINT('',(2.55,-0.43,0.3));
#3729 = VECTOR('',#3730,1.);
#3730 = DIRECTION('',(2.22044604925E-16,-1.,0.));
#3731 = ORIENTED_EDGE('',*,*,#2588,.T.);
#3732 = ORIENTED_EDGE('',*,*,#3712,.F.);
#3733 = ORIENTED_EDGE('',*,*,#2811,.F.);
#3734 = PLANE('',#3735);
#3735 = AXIS2_PLACEMENT_3D('',#3736,#3737,#3738);
#3736 = CARTESIAN_POINT('',(2.55,-0.43,0.3));
#3737 = DIRECTION('',(-1.,-2.22044604925E-16,0.));
#3738 = DIRECTION('',(0.,0.,1.));
#3739 = ADVANCED_FACE('',(#3740),#3751,.F.);
#3740 = FACE_BOUND('',#3741,.F.);
#3741 = EDGE_LOOP('',(#3742,#3748,#3749,#3750));
#3742 = ORIENTED_EDGE('',*,*,#3743,.T.);
#3743 = EDGE_CURVE('',#2795,#2572,#3744,.T.);
#3744 = LINE('',#3745,#3746);
#3745 = CARTESIAN_POINT('',(2.65,-0.43,0.2));
#3746 = VECTOR('',#3747,1.);
#3747 = DIRECTION('',(2.22044604925E-16,-1.,0.));
#3748 = ORIENTED_EDGE('',*,*,#2579,.T.);
#3749 = ORIENTED_EDGE('',*,*,#3726,.F.);
#3750 = ORIENTED_EDGE('',*,*,#2802,.F.);
#3751 = CYLINDRICAL_SURFACE('',#3752,0.1);
#3752 = AXIS2_PLACEMENT_3D('',#3753,#3754,#3755);
#3753 = CARTESIAN_POINT('',(2.65,-0.43,0.3));
#3754 = DIRECTION('',(-2.22044604925E-16,1.,0.));
#3755 = DIRECTION('',(0.,0.,-1.));
#3756 = ADVANCED_FACE('',(#3757),#3768,.F.);
#3757 = FACE_BOUND('',#3758,.F.);
#3758 = EDGE_LOOP('',(#3759,#3765,#3766,#3767));
#3759 = ORIENTED_EDGE('',*,*,#3760,.T.);
#3760 = EDGE_CURVE('',#2787,#2564,#3761,.T.);
#3761 = LINE('',#3762,#3763);
#3762 = CARTESIAN_POINT('',(3.,-0.43,0.2));
#3763 = VECTOR('',#3764,1.);
#3764 = DIRECTION('',(2.22044604925E-16,-1.,0.));
#3765 = ORIENTED_EDGE('',*,*,#2571,.T.);
#3766 = ORIENTED_EDGE('',*,*,#3743,.F.);
#3767 = ORIENTED_EDGE('',*,*,#2794,.F.);
#3768 = PLANE('',#3769);
#3769 = AXIS2_PLACEMENT_3D('',#3770,#3771,#3772);
#3770 = CARTESIAN_POINT('',(3.,-0.43,0.2));
#3771 = DIRECTION('',(0.,0.,-1.));
#3772 = DIRECTION('',(-1.,-2.22044604925E-16,-0.));
#3773 = ADVANCED_FACE('',(#3774),#3785,.F.);
#3774 = FACE_BOUND('',#3775,.F.);
#3775 = EDGE_LOOP('',(#3776,#3782,#3783,#3784));
#3776 = ORIENTED_EDGE('',*,*,#3777,.T.);
#3777 = EDGE_CURVE('',#2779,#2556,#3778,.T.);
#3778 = LINE('',#3779,#3780);
#3779 = CARTESIAN_POINT('',(3.,-0.43,5.551115123126E-17));
#3780 = VECTOR('',#3781,1.);
#3781 = DIRECTION('',(2.22044604925E-16,-1.,0.));
#3782 = ORIENTED_EDGE('',*,*,#2563,.T.);
#3783 = ORIENTED_EDGE('',*,*,#3760,.F.);
#3784 = ORIENTED_EDGE('',*,*,#2786,.F.);
#3785 = PLANE('',#3786);
#3786 = AXIS2_PLACEMENT_3D('',#3787,#3788,#3789);
#3787 = CARTESIAN_POINT('',(3.,-0.43,5.551115123126E-17));
#3788 = DIRECTION('',(-1.,-2.22044604925E-16,0.));
#3789 = DIRECTION('',(0.,0.,1.));
#3790 = ADVANCED_FACE('',(#3791),#3802,.F.);
#3791 = FACE_BOUND('',#3792,.F.);
#3792 = EDGE_LOOP('',(#3793,#3799,#3800,#3801));
#3793 = ORIENTED_EDGE('',*,*,#3794,.T.);
#3794 = EDGE_CURVE('',#2770,#2547,#3795,.T.);
#3795 = LINE('',#3796,#3797);
#3796 = CARTESIAN_POINT('',(2.65,-0.43,5.551115123126E-17));
#3797 = VECTOR('',#3798,1.);
#3798 = DIRECTION('',(2.22044604925E-16,-1.,0.));
#3799 = ORIENTED_EDGE('',*,*,#2555,.T.);
#3800 = ORIENTED_EDGE('',*,*,#3777,.F.);
#3801 = ORIENTED_EDGE('',*,*,#2778,.F.);
#3802 = PLANE('',#3803);
#3803 = AXIS2_PLACEMENT_3D('',#3804,#3805,#3806);
#3804 = CARTESIAN_POINT('',(2.65,-0.43,5.551115123126E-17));
#3805 = DIRECTION('',(0.,0.,1.));
#3806 = DIRECTION('',(1.,2.22044604925E-16,-0.));
#3807 = ADVANCED_FACE('',(#3808),#3819,.T.);
#3808 = FACE_BOUND('',#3809,.T.);
#3809 = EDGE_LOOP('',(#3810,#3811,#3812,#3813));
#3810 = ORIENTED_EDGE('',*,*,#2769,.T.);
#3811 = ORIENTED_EDGE('',*,*,#3794,.T.);
#3812 = ORIENTED_EDGE('',*,*,#2546,.F.);
#3813 = ORIENTED_EDGE('',*,*,#3814,.F.);
#3814 = EDGE_CURVE('',#2762,#2539,#3815,.T.);
#3815 = LINE('',#3816,#3817);
#3816 = CARTESIAN_POINT('',(2.35,-0.43,0.3));
#3817 = VECTOR('',#3818,1.);
#3818 = DIRECTION('',(2.22044604925E-16,-1.,0.));
#3819 = CYLINDRICAL_SURFACE('',#3820,0.3);
#3820 = AXIS2_PLACEMENT_3D('',#3821,#3822,#3823);
#3821 = CARTESIAN_POINT('',(2.65,-0.43,0.3));
#3822 = DIRECTION('',(-2.22044604925E-16,1.,-0.));
#3823 = DIRECTION('',(-1.,-2.22044604925E-16,3.515706244646E-15));
#3824 = ADVANCED_FACE('',(#3825),#3831,.F.);
#3825 = FACE_BOUND('',#3826,.F.);
#3826 = EDGE_LOOP('',(#3827,#3828,#3829,#3830));
#3827 = ORIENTED_EDGE('',*,*,#2844,.T.);
#3828 = ORIENTED_EDGE('',*,*,#2538,.T.);
#3829 = ORIENTED_EDGE('',*,*,#3814,.F.);
#3830 = ORIENTED_EDGE('',*,*,#2761,.F.);
#3831 = PLANE('',#3832);
#3832 = AXIS2_PLACEMENT_3D('',#3833,#3834,#3835);
#3833 = CARTESIAN_POINT('',(2.35,-0.43,0.725));
#3834 = DIRECTION('',(1.,2.22044604925E-16,1.044915787883E-15));
#3835 = DIRECTION('',(1.044915787883E-15,2.320179133003E-31,-1.));
#3836 = ADVANCED_FACE('',(#3837),#3854,.F.);
#3837 = FACE_BOUND('',#3838,.F.);
#3838 = EDGE_LOOP('',(#3839,#3840,#3841,#3849));
#3839 = ORIENTED_EDGE('',*,*,#2906,.T.);
#3840 = ORIENTED_EDGE('',*,*,#2891,.T.);
#3841 = ORIENTED_EDGE('',*,*,#3842,.F.);
#3842 = EDGE_CURVE('',#3843,#2884,#3845,.T.);
#3843 = VERTEX_POINT('',#3844);
#3844 = CARTESIAN_POINT('',(-1.7375,2.375,1.025));
#3845 = LINE('',#3846,#3847);
#3846 = CARTESIAN_POINT('',(-1.7375,2.375,1.025));
#3847 = VECTOR('',#3848,1.);
#3848 = DIRECTION('',(1.,2.22044604925E-16,0.));
#3849 = ORIENTED_EDGE('',*,*,#3850,.F.);
#3850 = EDGE_CURVE('',#2907,#3843,#3851,.T.);
#3851 = B_SPLINE_CURVE_WITH_KNOTS('',1,(#3852,#3853),.UNSPECIFIED.,.F.,
  .F.,(2,2),(0.,1.),.PIECEWISE_BEZIER_KNOTS.);
#3852 = CARTESIAN_POINT('',(-1.775,2.45,1.025));
#3853 = CARTESIAN_POINT('',(-1.7375,2.375,1.025));
#3854 = B_SPLINE_SURFACE_WITH_KNOTS('',1,1,(
    (#3855,#3856)
    ,(#3857,#3858
    )),.UNSPECIFIED.,.F.,.F.,.F.,(2,2),(2,2),(0.,3.55),(0.,1.),
  .PIECEWISE_BEZIER_KNOTS.);
#3855 = CARTESIAN_POINT('',(-1.775,2.45,1.025));
#3856 = CARTESIAN_POINT('',(-1.7375,2.375,1.025));
#3857 = CARTESIAN_POINT('',(1.775,2.45,1.025));
#3858 = CARTESIAN_POINT('',(1.7375,2.375,1.025));
#3859 = ADVANCED_FACE('',(#3860),#3870,.F.);
#3860 = FACE_BOUND('',#3861,.F.);
#3861 = EDGE_LOOP('',(#3862,#3863,#3864,#3865));
#3862 = ORIENTED_EDGE('',*,*,#3842,.T.);
#3863 = ORIENTED_EDGE('',*,*,#2937,.T.);
#3864 = ORIENTED_EDGE('',*,*,#2950,.F.);
#3865 = ORIENTED_EDGE('',*,*,#3866,.F.);
#3866 = EDGE_CURVE('',#3843,#2951,#3867,.T.);
#3867 = B_SPLINE_CURVE_WITH_KNOTS('',1,(#3868,#3869),.UNSPECIFIED.,.F.,
  .F.,(2,2),(0.,1.),.PIECEWISE_BEZIER_KNOTS.);
#3868 = CARTESIAN_POINT('',(-1.7375,2.375,1.025));
#3869 = CARTESIAN_POINT('',(-1.680085640382,2.260171280765,1.75));
#3870 = B_SPLINE_SURFACE_WITH_KNOTS('',1,1,(
    (#3871,#3872)
    ,(#3873,#3874
    )),.UNSPECIFIED.,.F.,.F.,.F.,(2,2),(2,2),(0.,3.475),(0.,1.),
  .PIECEWISE_BEZIER_KNOTS.);
#3871 = CARTESIAN_POINT('',(-1.7375,2.375,1.025));
#3872 = CARTESIAN_POINT('',(-1.680085640382,2.260171280765,1.75));
#3873 = CARTESIAN_POINT('',(1.7375,2.375,1.025));
#3874 = CARTESIAN_POINT('',(1.680085640382,2.260171280765,1.75));
#3875 = ADVANCED_FACE('',(#3876),#3893,.F.);
#3876 = FACE_BOUND('',#3877,.F.);
#3877 = EDGE_LOOP('',(#3878,#3886,#3887,#3888));
#3878 = ORIENTED_EDGE('',*,*,#3879,.T.);
#3879 = EDGE_CURVE('',#3880,#3843,#3882,.T.);
#3880 = VERTEX_POINT('',#3881);
#3881 = CARTESIAN_POINT('',(-1.875,2.2375,1.025));
#3882 = LINE('',#3883,#3884);
#3883 = CARTESIAN_POINT('',(-1.875,2.2375,1.025));
#3884 = VECTOR('',#3885,1.);
#3885 = DIRECTION('',(0.707106781187,0.707106781187,0.));
#3886 = ORIENTED_EDGE('',*,*,#3866,.T.);
#3887 = ORIENTED_EDGE('',*,*,#2992,.F.);
#3888 = ORIENTED_EDGE('',*,*,#3889,.F.);
#3889 = EDGE_CURVE('',#3880,#2985,#3890,.T.);
#3890 = B_SPLINE_CURVE_WITH_KNOTS('',1,(#3891,#3892),.UNSPECIFIED.,.F.,
  .F.,(2,2),(0.,1.),.PIECEWISE_BEZIER_KNOTS.);
#3891 = CARTESIAN_POINT('',(-1.875,2.2375,1.025));
#3892 = CARTESIAN_POINT('',(-1.760171280765,2.180085640382,1.75));
#3893 = B_SPLINE_SURFACE_WITH_KNOTS('',1,1,(
    (#3894,#3895)
    ,(#3896,#3897
    )),.UNSPECIFIED.,.F.,.F.,.F.,(2,2),(2,2),(0.,0.194454364826),(0.,1.)
  ,.PIECEWISE_BEZIER_KNOTS.);
#3894 = CARTESIAN_POINT('',(-1.875,2.2375,1.025));
#3895 = CARTESIAN_POINT('',(-1.760171280765,2.180085640382,1.75));
#3896 = CARTESIAN_POINT('',(-1.7375,2.375,1.025));
#3897 = CARTESIAN_POINT('',(-1.680085640382,2.260171280765,1.75));
#3898 = ADVANCED_FACE('',(#3899),#3980,.F.);
#3899 = FACE_BOUND('',#3900,.F.);
#3900 = EDGE_LOOP('',(#3901,#3911,#3919,#3927,#3935,#3943,#3951,#3959,
    #3967,#3973,#3974,#3975));
#3901 = ORIENTED_EDGE('',*,*,#3902,.T.);
#3902 = EDGE_CURVE('',#3903,#3905,#3907,.T.);
#3903 = VERTEX_POINT('',#3904);
#3904 = CARTESIAN_POINT('',(-1.875,-2.2375,1.025));
#3905 = VERTEX_POINT('',#3906);
#3906 = CARTESIAN_POINT('',(-1.875,-2.11,1.025));
#3907 = LINE('',#3908,#3909);
#3908 = CARTESIAN_POINT('',(-1.875,-2.2375,1.025));
#3909 = VECTOR('',#3910,1.);
#3910 = DIRECTION('',(-2.22044604925E-16,1.,0.));
#3911 = ORIENTED_EDGE('',*,*,#3912,.T.);
#3912 = EDGE_CURVE('',#3905,#3913,#3915,.T.);
#3913 = VERTEX_POINT('',#3914);
#3914 = CARTESIAN_POINT('',(-1.875,-1.7,1.025));
#3915 = LINE('',#3916,#3917);
#3916 = CARTESIAN_POINT('',(-1.875,-2.2375,1.025));
#3917 = VECTOR('',#3918,1.);
#3918 = DIRECTION('',(-2.22044604925E-16,1.,0.));
#3919 = ORIENTED_EDGE('',*,*,#3920,.T.);
#3920 = EDGE_CURVE('',#3913,#3921,#3923,.T.);
#3921 = VERTEX_POINT('',#3922);
#3922 = CARTESIAN_POINT('',(-1.875,-0.84,1.025));
#3923 = LINE('',#3924,#3925);
#3924 = CARTESIAN_POINT('',(-1.875,-2.2375,1.025));
#3925 = VECTOR('',#3926,1.);
#3926 = DIRECTION('',(-2.22044604925E-16,1.,0.));
#3927 = ORIENTED_EDGE('',*,*,#3928,.T.);
#3928 = EDGE_CURVE('',#3921,#3929,#3931,.T.);
#3929 = VERTEX_POINT('',#3930);
#3930 = CARTESIAN_POINT('',(-1.875,-0.43,1.025));
#3931 = LINE('',#3932,#3933);
#3932 = CARTESIAN_POINT('',(-1.875,-2.2375,1.025));
#3933 = VECTOR('',#3934,1.);
#3934 = DIRECTION('',(-2.22044604925E-16,1.,0.));
#3935 = ORIENTED_EDGE('',*,*,#3936,.T.);
#3936 = EDGE_CURVE('',#3929,#3937,#3939,.T.);
#3937 = VERTEX_POINT('',#3938);
#3938 = CARTESIAN_POINT('',(-1.875,0.43,1.025));
#3939 = LINE('',#3940,#3941);
#3940 = CARTESIAN_POINT('',(-1.875,-2.2375,1.025));
#3941 = VECTOR('',#3942,1.);
#3942 = DIRECTION('',(-2.22044604925E-16,1.,0.));
#3943 = ORIENTED_EDGE('',*,*,#3944,.T.);
#3944 = EDGE_CURVE('',#3937,#3945,#3947,.T.);
#3945 = VERTEX_POINT('',#3946);
#3946 = CARTESIAN_POINT('',(-1.875,0.84,1.025));
#3947 = LINE('',#3948,#3949);
#3948 = CARTESIAN_POINT('',(-1.875,-2.2375,1.025));
#3949 = VECTOR('',#3950,1.);
#3950 = DIRECTION('',(-2.22044604925E-16,1.,0.));
#3951 = ORIENTED_EDGE('',*,*,#3952,.T.);
#3952 = EDGE_CURVE('',#3945,#3953,#3955,.T.);
#3953 = VERTEX_POINT('',#3954);
#3954 = CARTESIAN_POINT('',(-1.875,1.7,1.025));
#3955 = LINE('',#3956,#3957);
#3956 = CARTESIAN_POINT('',(-1.875,-2.2375,1.025));
#3957 = VECTOR('',#3958,1.);
#3958 = DIRECTION('',(-2.22044604925E-16,1.,0.));
#3959 = ORIENTED_EDGE('',*,*,#3960,.T.);
#3960 = EDGE_CURVE('',#3953,#3961,#3963,.T.);
#3961 = VERTEX_POINT('',#3962);
#3962 = CARTESIAN_POINT('',(-1.875,2.11,1.025));
#3963 = LINE('',#3964,#3965);
#3964 = CARTESIAN_POINT('',(-1.875,-2.2375,1.025));
#3965 = VECTOR('',#3966,1.);
#3966 = DIRECTION('',(-2.22044604925E-16,1.,0.));
#3967 = ORIENTED_EDGE('',*,*,#3968,.T.);
#3968 = EDGE_CURVE('',#3961,#3880,#3969,.T.);
#3969 = LINE('',#3970,#3971);
#3970 = CARTESIAN_POINT('',(-1.875,-2.2375,1.025));
#3971 = VECTOR('',#3972,1.);
#3972 = DIRECTION('',(-2.22044604925E-16,1.,0.));
#3973 = ORIENTED_EDGE('',*,*,#3889,.T.);
#3974 = ORIENTED_EDGE('',*,*,#2984,.F.);
#3975 = ORIENTED_EDGE('',*,*,#3976,.F.);
#3976 = EDGE_CURVE('',#3903,#2977,#3977,.T.);
#3977 = B_SPLINE_CURVE_WITH_KNOTS('',1,(#3978,#3979),.UNSPECIFIED.,.F.,
  .F.,(2,2),(0.,1.),.PIECEWISE_BEZIER_KNOTS.);
#3978 = CARTESIAN_POINT('',(-1.875,-2.2375,1.025));
#3979 = CARTESIAN_POINT('',(-1.760171280765,-2.180085640382,1.75));
#3980 = B_SPLINE_SURFACE_WITH_KNOTS('',1,1,(
    (#3981,#3982)
    ,(#3983,#3984
    )),.UNSPECIFIED.,.F.,.F.,.F.,(2,2),(2,2),(0.,4.475),(0.,1.),
  .PIECEWISE_BEZIER_KNOTS.);
#3981 = CARTESIAN_POINT('',(-1.875,-2.2375,1.025));
#3982 = CARTESIAN_POINT('',(-1.760171280765,-2.180085640382,1.75));
#3983 = CARTESIAN_POINT('',(-1.875,2.2375,1.025));
#3984 = CARTESIAN_POINT('',(-1.760171280765,2.180085640382,1.75));
#3985 = ADVANCED_FACE('',(#3986),#4003,.F.);
#3986 = FACE_BOUND('',#3987,.F.);
#3987 = EDGE_LOOP('',(#3988,#3996,#3997,#3998));
#3988 = ORIENTED_EDGE('',*,*,#3989,.T.);
#3989 = EDGE_CURVE('',#3990,#3903,#3992,.T.);
#3990 = VERTEX_POINT('',#3991);
#3991 = CARTESIAN_POINT('',(-1.7375,-2.375,1.025));
#3992 = LINE('',#3993,#3994);
#3993 = CARTESIAN_POINT('',(-1.7375,-2.375,1.025));
#3994 = VECTOR('',#3995,1.);
#3995 = DIRECTION('',(-0.707106781187,0.707106781187,0.));
#3996 = ORIENTED_EDGE('',*,*,#3976,.T.);
#3997 = ORIENTED_EDGE('',*,*,#2976,.F.);
#3998 = ORIENTED_EDGE('',*,*,#3999,.F.);
#3999 = EDGE_CURVE('',#3990,#2969,#4000,.T.);
#4000 = B_SPLINE_CURVE_WITH_KNOTS('',1,(#4001,#4002),.UNSPECIFIED.,.F.,
  .F.,(2,2),(0.,1.),.PIECEWISE_BEZIER_KNOTS.);
#4001 = CARTESIAN_POINT('',(-1.7375,-2.375,1.025));
#4002 = CARTESIAN_POINT('',(-1.680085640382,-2.260171280765,1.75));
#4003 = B_SPLINE_SURFACE_WITH_KNOTS('',1,1,(
    (#4004,#4005)
    ,(#4006,#4007
    )),.UNSPECIFIED.,.F.,.F.,.F.,(2,2),(2,2),(0.,0.194454364826),(0.,1.)
  ,.PIECEWISE_BEZIER_KNOTS.);
#4004 = CARTESIAN_POINT('',(-1.7375,-2.375,1.025));
#4005 = CARTESIAN_POINT('',(-1.680085640382,-2.260171280765,1.75));
#4006 = CARTESIAN_POINT('',(-1.875,-2.2375,1.025));
#4007 = CARTESIAN_POINT('',(-1.760171280765,-2.180085640382,1.75));
#4008 = ADVANCED_FACE('',(#4009),#4020,.F.);
#4009 = FACE_BOUND('',#4010,.F.);
#4010 = EDGE_LOOP('',(#4011,#4017,#4018,#4019));
#4011 = ORIENTED_EDGE('',*,*,#4012,.T.);
#4012 = EDGE_CURVE('',#3018,#3990,#4013,.T.);
#4013 = LINE('',#4014,#4015);
#4014 = CARTESIAN_POINT('',(1.7375,-2.375,1.025));
#4015 = VECTOR('',#4016,1.);
#4016 = DIRECTION('',(-1.,-2.22044604925E-16,0.));
#4017 = ORIENTED_EDGE('',*,*,#3999,.T.);
#4018 = ORIENTED_EDGE('',*,*,#2968,.F.);
#4019 = ORIENTED_EDGE('',*,*,#3025,.F.);
#4020 = B_SPLINE_SURFACE_WITH_KNOTS('',1,1,(
    (#4021,#4022)
    ,(#4023,#4024
    )),.UNSPECIFIED.,.F.,.F.,.F.,(2,2),(2,2),(0.,3.475),(0.,1.),
  .PIECEWISE_BEZIER_KNOTS.);
#4021 = CARTESIAN_POINT('',(1.7375,-2.375,1.025));
#4022 = CARTESIAN_POINT('',(1.680085640382,-2.260171280765,1.75));
#4023 = CARTESIAN_POINT('',(-1.7375,-2.375,1.025));
#4024 = CARTESIAN_POINT('',(-1.680085640382,-2.260171280765,1.75));
#4025 = ADVANCED_FACE('',(#4026),#4045,.F.);
#4026 = FACE_BOUND('',#4027,.F.);
#4027 = EDGE_LOOP('',(#4028,#4037,#4043,#4044));
#4028 = ORIENTED_EDGE('',*,*,#4029,.T.);
#4029 = EDGE_CURVE('',#4030,#4030,#4032,.T.);
#4030 = VERTEX_POINT('',#4031);
#4031 = CARTESIAN_POINT('',(-1.110171280765,1.310171280765,1.7));
#4032 = CIRCLE('',#4033,0.3);
#4033 = AXIS2_PLACEMENT_3D('',#4034,#4035,#4036);
#4034 = CARTESIAN_POINT('',(-1.110171280765,1.610171280765,1.7));
#4035 = DIRECTION('',(-0.,0.,1.));
#4036 = DIRECTION('',(2.22044604925E-16,-1.,0.));
#4037 = ORIENTED_EDGE('',*,*,#4038,.F.);
#4038 = EDGE_CURVE('',#3001,#4030,#4039,.T.);
#4039 = LINE('',#4040,#4041);
#4040 = CARTESIAN_POINT('',(-1.110171280765,1.310171280765,1.75));
#4041 = VECTOR('',#4042,1.);
#4042 = DIRECTION('',(0.,-0.,-1.));
#4043 = ORIENTED_EDGE('',*,*,#3000,.F.);
#4044 = ORIENTED_EDGE('',*,*,#4038,.T.);
#4045 = CYLINDRICAL_SURFACE('',#4046,0.3);
#4046 = AXIS2_PLACEMENT_3D('',#4047,#4048,#4049);
#4047 = CARTESIAN_POINT('',(-1.110171280765,1.610171280765,1.75));
#4048 = DIRECTION('',(-0.,0.,-1.));
#4049 = DIRECTION('',(2.22044604925E-16,-1.,-0.));
#4050 = ADVANCED_FACE('',(#4051),#4061,.F.);
#4051 = FACE_BOUND('',#4052,.F.);
#4052 = EDGE_LOOP('',(#4053,#4054,#4059,#4060));
#4053 = ORIENTED_EDGE('',*,*,#3236,.T.);
#4054 = ORIENTED_EDGE('',*,*,#4055,.T.);
#4055 = EDGE_CURVE('',#3230,#3990,#4056,.T.);
#4056 = B_SPLINE_CURVE_WITH_KNOTS('',1,(#4057,#4058),.UNSPECIFIED.,.F.,
  .F.,(2,2),(0.,1.),.PIECEWISE_BEZIER_KNOTS.);
#4057 = CARTESIAN_POINT('',(-1.775,-2.45,1.025));
#4058 = CARTESIAN_POINT('',(-1.7375,-2.375,1.025));
#4059 = ORIENTED_EDGE('',*,*,#4012,.F.);
#4060 = ORIENTED_EDGE('',*,*,#3563,.F.);
#4061 = B_SPLINE_SURFACE_WITH_KNOTS('',1,1,(
    (#4062,#4063)
    ,(#4064,#4065
    )),.UNSPECIFIED.,.F.,.F.,.F.,(2,2),(2,2),(0.,3.55),(0.,1.),
  .PIECEWISE_BEZIER_KNOTS.);
#4062 = CARTESIAN_POINT('',(1.775,-2.45,1.025));
#4063 = CARTESIAN_POINT('',(1.7375,-2.375,1.025));
#4064 = CARTESIAN_POINT('',(-1.775,-2.45,1.025));
#4065 = CARTESIAN_POINT('',(-1.7375,-2.375,1.025));
#4066 = ADVANCED_FACE('',(#4067),#4077,.F.);
#4067 = FACE_BOUND('',#4068,.F.);
#4068 = EDGE_LOOP('',(#4069,#4070,#4075,#4076));
#4069 = ORIENTED_EDGE('',*,*,#3259,.T.);
#4070 = ORIENTED_EDGE('',*,*,#4071,.T.);
#4071 = EDGE_CURVE('',#3253,#3903,#4072,.T.);
#4072 = B_SPLINE_CURVE_WITH_KNOTS('',1,(#4073,#4074),.UNSPECIFIED.,.F.,
  .F.,(2,2),(0.,1.),.PIECEWISE_BEZIER_KNOTS.);
#4073 = CARTESIAN_POINT('',(-1.95,-2.275,1.025));
#4074 = CARTESIAN_POINT('',(-1.875,-2.2375,1.025));
#4075 = ORIENTED_EDGE('',*,*,#3989,.F.);
#4076 = ORIENTED_EDGE('',*,*,#4055,.F.);
#4077 = B_SPLINE_SURFACE_WITH_KNOTS('',1,1,(
    (#4078,#4079)
    ,(#4080,#4081
    )),.UNSPECIFIED.,.F.,.F.,.F.,(2,2),(2,2),(0.,0.247487373415),(0.,1.)
  ,.PIECEWISE_BEZIER_KNOTS.);
#4078 = CARTESIAN_POINT('',(-1.775,-2.45,1.025));
#4079 = CARTESIAN_POINT('',(-1.7375,-2.375,1.025));
#4080 = CARTESIAN_POINT('',(-1.95,-2.275,1.025));
#4081 = CARTESIAN_POINT('',(-1.875,-2.2375,1.025));
#4082 = ADVANCED_FACE('',(#4083),#4094,.F.);
#4083 = FACE_BOUND('',#4084,.F.);
#4084 = EDGE_LOOP('',(#4085,#4086,#4087,#4093));
#4085 = ORIENTED_EDGE('',*,*,#4071,.F.);
#4086 = ORIENTED_EDGE('',*,*,#3284,.T.);
#4087 = ORIENTED_EDGE('',*,*,#4088,.T.);
#4088 = EDGE_CURVE('',#3277,#3905,#4089,.T.);
#4089 = LINE('',#4090,#4091);
#4090 = CARTESIAN_POINT('',(-2.25,-2.11,1.025));
#4091 = VECTOR('',#4092,1.);
#4092 = DIRECTION('',(1.,9.95799250103E-17,0.));
#4093 = ORIENTED_EDGE('',*,*,#3902,.F.);
#4094 = B_SPLINE_SURFACE_WITH_KNOTS('',1,1,(
    (#4095,#4096)
    ,(#4097,#4098
    )),.UNSPECIFIED.,.F.,.F.,.F.,(2,2),(2,2),(0.,4.55),(0.,1.),
  .PIECEWISE_BEZIER_KNOTS.);
#4095 = CARTESIAN_POINT('',(-1.95,-2.275,1.025));
#4096 = CARTESIAN_POINT('',(-1.875,-2.2375,1.025));
#4097 = CARTESIAN_POINT('',(-1.95,2.275,1.025));
#4098 = CARTESIAN_POINT('',(-1.875,2.2375,1.025));
#4099 = ADVANCED_FACE('',(#4100),#4186,.F.);
#4100 = FACE_BOUND('',#4101,.F.);
#4101 = EDGE_LOOP('',(#4102,#4103,#4104,#4113,#4121,#4130,#4138,#4146,
    #4154,#4163,#4171,#4180));
#4102 = ORIENTED_EDGE('',*,*,#3276,.F.);
#4103 = ORIENTED_EDGE('',*,*,#3328,.T.);
#4104 = ORIENTED_EDGE('',*,*,#4105,.T.);
#4105 = EDGE_CURVE('',#3329,#4106,#4108,.T.);
#4106 = VERTEX_POINT('',#4107);
#4107 = CARTESIAN_POINT('',(-2.35,-2.11,0.725));
#4108 = CIRCLE('',#4109,0.1);
#4109 = AXIS2_PLACEMENT_3D('',#4110,#4111,#4112);
#4110 = CARTESIAN_POINT('',(-2.25,-2.11,0.725));
#4111 = DIRECTION('',(9.95799250103E-17,-1.,1.294197968281E-47));
#4112 = DIRECTION('',(-4.440892098501E-15,-4.422237021476E-31,1.));
#4113 = ORIENTED_EDGE('',*,*,#4114,.T.);
#4114 = EDGE_CURVE('',#4106,#4115,#4117,.T.);
#4115 = VERTEX_POINT('',#4116);
#4116 = CARTESIAN_POINT('',(-2.35,-2.11,0.3));
#4117 = LINE('',#4118,#4119);
#4118 = CARTESIAN_POINT('',(-2.35,-2.11,0.725));
#4119 = VECTOR('',#4120,1.);
#4120 = DIRECTION('',(-1.044915787883E-15,-1.040526357994E-31,-1.));
#4121 = ORIENTED_EDGE('',*,*,#4122,.T.);
#4122 = EDGE_CURVE('',#4115,#4123,#4125,.T.);
#4123 = VERTEX_POINT('',#4124);
#4124 = CARTESIAN_POINT('',(-2.65,-2.11,5.551115123126E-17));
#4125 = CIRCLE('',#4126,0.3);
#4126 = AXIS2_PLACEMENT_3D('',#4127,#4128,#4129);
#4127 = CARTESIAN_POINT('',(-2.65,-2.11,0.3));
#4128 = DIRECTION('',(-9.95799250103E-17,1.,0.));
#4129 = DIRECTION('',(1.,9.95799250103E-17,3.515706244646E-15));
#4130 = ORIENTED_EDGE('',*,*,#4131,.T.);
#4131 = EDGE_CURVE('',#4123,#4132,#4134,.T.);
#4132 = VERTEX_POINT('',#4133);
#4133 = CARTESIAN_POINT('',(-3.,-2.11,5.551115123126E-17));
#4134 = LINE('',#4135,#4136);
#4135 = CARTESIAN_POINT('',(-2.65,-2.11,5.551115123126E-17));
#4136 = VECTOR('',#4137,1.);
#4137 = DIRECTION('',(-1.,-9.95799250103E-17,0.));
#4138 = ORIENTED_EDGE('',*,*,#4139,.T.);
#4139 = EDGE_CURVE('',#4132,#4140,#4142,.T.);
#4140 = VERTEX_POINT('',#4141);
#4141 = CARTESIAN_POINT('',(-3.,-2.11,0.2));
#4142 = LINE('',#4143,#4144);
#4143 = CARTESIAN_POINT('',(-3.,-2.11,5.551115123126E-17));
#4144 = VECTOR('',#4145,1.);
#4145 = DIRECTION('',(0.,0.,1.));
#4146 = ORIENTED_EDGE('',*,*,#4147,.T.);
#4147 = EDGE_CURVE('',#4140,#4148,#4150,.T.);
#4148 = VERTEX_POINT('',#4149);
#4149 = CARTESIAN_POINT('',(-2.65,-2.11,0.2));
#4150 = LINE('',#4151,#4152);
#4151 = CARTESIAN_POINT('',(-3.,-2.11,0.2));
#4152 = VECTOR('',#4153,1.);
#4153 = DIRECTION('',(1.,9.95799250103E-17,0.));
#4154 = ORIENTED_EDGE('',*,*,#4155,.T.);
#4155 = EDGE_CURVE('',#4148,#4156,#4158,.T.);
#4156 = VERTEX_POINT('',#4157);
#4157 = CARTESIAN_POINT('',(-2.55,-2.11,0.3));
#4158 = CIRCLE('',#4159,0.1);
#4159 = AXIS2_PLACEMENT_3D('',#4160,#4161,#4162);
#4160 = CARTESIAN_POINT('',(-2.65,-2.11,0.3));
#4161 = DIRECTION('',(9.95799250103E-17,-1.,-0.));
#4162 = DIRECTION('',(-0.,0.,-1.));
#4163 = ORIENTED_EDGE('',*,*,#4164,.T.);
#4164 = EDGE_CURVE('',#4156,#4165,#4167,.T.);
#4165 = VERTEX_POINT('',#4166);
#4166 = CARTESIAN_POINT('',(-2.55,-2.11,0.725));
#4167 = LINE('',#4168,#4169);
#4168 = CARTESIAN_POINT('',(-2.55,-2.11,0.3));
#4169 = VECTOR('',#4170,1.);
#4170 = DIRECTION('',(0.,0.,1.));
#4171 = ORIENTED_EDGE('',*,*,#4172,.T.);
#4172 = EDGE_CURVE('',#4165,#4173,#4175,.T.);
#4173 = VERTEX_POINT('',#4174);
#4174 = CARTESIAN_POINT('',(-2.25,-2.11,1.025));
#4175 = CIRCLE('',#4176,0.3);
#4176 = AXIS2_PLACEMENT_3D('',#4177,#4178,#4179);
#4177 = CARTESIAN_POINT('',(-2.25,-2.11,0.725));
#4178 = DIRECTION('',(-9.95799250103E-17,1.,0.));
#4179 = DIRECTION('',(-1.,-9.95799250103E-17,3.700743415417E-16));
#4180 = ORIENTED_EDGE('',*,*,#4181,.T.);
#4181 = EDGE_CURVE('',#4173,#3277,#4182,.T.);
#4182 = LINE('',#4183,#4184);
#4183 = CARTESIAN_POINT('',(-2.25,-2.11,1.025));
#4184 = VECTOR('',#4185,1.);
#4185 = DIRECTION('',(1.,9.95799250103E-17,0.));
#4186 = PLANE('',#4187);
#4187 = AXIS2_PLACEMENT_3D('',#4188,#4189,#4190);
#4188 = CARTESIAN_POINT('',(-2.41578967201,-2.11,0.532659657565));
#4189 = DIRECTION('',(-9.95799250103E-17,1.,0.));
#4190 = DIRECTION('',(0.,0.,1.));
#4191 = ADVANCED_FACE('',(#4192),#4278,.T.);
#4192 = FACE_BOUND('',#4193,.T.);
#4193 = EDGE_LOOP('',(#4194,#4195,#4196,#4205,#4213,#4222,#4230,#4238,
    #4246,#4255,#4263,#4272));
#4194 = ORIENTED_EDGE('',*,*,#3298,.F.);
#4195 = ORIENTED_EDGE('',*,*,#3368,.T.);
#4196 = ORIENTED_EDGE('',*,*,#4197,.T.);
#4197 = EDGE_CURVE('',#3369,#4198,#4200,.T.);
#4198 = VERTEX_POINT('',#4199);
#4199 = CARTESIAN_POINT('',(-2.35,2.11,0.725));
#4200 = CIRCLE('',#4201,0.1);
#4201 = AXIS2_PLACEMENT_3D('',#4202,#4203,#4204);
#4202 = CARTESIAN_POINT('',(-2.25,2.11,0.725));
#4203 = DIRECTION('',(9.95799250103E-17,-1.,1.294197968281E-47));
#4204 = DIRECTION('',(-4.440892098501E-15,-4.422237021476E-31,1.));
#4205 = ORIENTED_EDGE('',*,*,#4206,.T.);
#4206 = EDGE_CURVE('',#4198,#4207,#4209,.T.);
#4207 = VERTEX_POINT('',#4208);
#4208 = CARTESIAN_POINT('',(-2.35,2.11,0.3));
#4209 = LINE('',#4210,#4211);
#4210 = CARTESIAN_POINT('',(-2.35,2.11,0.725));
#4211 = VECTOR('',#4212,1.);
#4212 = DIRECTION('',(-1.044915787883E-15,-1.040526357994E-31,-1.));
#4213 = ORIENTED_EDGE('',*,*,#4214,.T.);
#4214 = EDGE_CURVE('',#4207,#4215,#4217,.T.);
#4215 = VERTEX_POINT('',#4216);
#4216 = CARTESIAN_POINT('',(-2.65,2.11,5.551115123126E-17));
#4217 = CIRCLE('',#4218,0.3);
#4218 = AXIS2_PLACEMENT_3D('',#4219,#4220,#4221);
#4219 = CARTESIAN_POINT('',(-2.65,2.11,0.3));
#4220 = DIRECTION('',(-9.95799250103E-17,1.,0.));
#4221 = DIRECTION('',(1.,9.95799250103E-17,3.515706244646E-15));
#4222 = ORIENTED_EDGE('',*,*,#4223,.T.);
#4223 = EDGE_CURVE('',#4215,#4224,#4226,.T.);
#4224 = VERTEX_POINT('',#4225);
#4225 = CARTESIAN_POINT('',(-3.,2.11,5.551115123126E-17));
#4226 = LINE('',#4227,#4228);
#4227 = CARTESIAN_POINT('',(-2.65,2.11,5.551115123126E-17));
#4228 = VECTOR('',#4229,1.);
#4229 = DIRECTION('',(-1.,-9.95799250103E-17,0.));
#4230 = ORIENTED_EDGE('',*,*,#4231,.T.);
#4231 = EDGE_CURVE('',#4224,#4232,#4234,.T.);
#4232 = VERTEX_POINT('',#4233);
#4233 = CARTESIAN_POINT('',(-3.,2.11,0.2));
#4234 = LINE('',#4235,#4236);
#4235 = CARTESIAN_POINT('',(-3.,2.11,5.551115123126E-17));
#4236 = VECTOR('',#4237,1.);
#4237 = DIRECTION('',(0.,0.,1.));
#4238 = ORIENTED_EDGE('',*,*,#4239,.T.);
#4239 = EDGE_CURVE('',#4232,#4240,#4242,.T.);
#4240 = VERTEX_POINT('',#4241);
#4241 = CARTESIAN_POINT('',(-2.65,2.11,0.2));
#4242 = LINE('',#4243,#4244);
#4243 = CARTESIAN_POINT('',(-3.,2.11,0.2));
#4244 = VECTOR('',#4245,1.);
#4245 = DIRECTION('',(1.,9.95799250103E-17,0.));
#4246 = ORIENTED_EDGE('',*,*,#4247,.T.);
#4247 = EDGE_CURVE('',#4240,#4248,#4250,.T.);
#4248 = VERTEX_POINT('',#4249);
#4249 = CARTESIAN_POINT('',(-2.55,2.11,0.3));
#4250 = CIRCLE('',#4251,0.1);
#4251 = AXIS2_PLACEMENT_3D('',#4252,#4253,#4254);
#4252 = CARTESIAN_POINT('',(-2.65,2.11,0.3));
#4253 = DIRECTION('',(9.95799250103E-17,-1.,-0.));
#4254 = DIRECTION('',(-0.,0.,-1.));
#4255 = ORIENTED_EDGE('',*,*,#4256,.T.);
#4256 = EDGE_CURVE('',#4248,#4257,#4259,.T.);
#4257 = VERTEX_POINT('',#4258);
#4258 = CARTESIAN_POINT('',(-2.55,2.11,0.725));
#4259 = LINE('',#4260,#4261);
#4260 = CARTESIAN_POINT('',(-2.55,2.11,0.3));
#4261 = VECTOR('',#4262,1.);
#4262 = DIRECTION('',(0.,0.,1.));
#4263 = ORIENTED_EDGE('',*,*,#4264,.T.);
#4264 = EDGE_CURVE('',#4257,#4265,#4267,.T.);
#4265 = VERTEX_POINT('',#4266);
#4266 = CARTESIAN_POINT('',(-2.25,2.11,1.025));
#4267 = CIRCLE('',#4268,0.3);
#4268 = AXIS2_PLACEMENT_3D('',#4269,#4270,#4271);
#4269 = CARTESIAN_POINT('',(-2.25,2.11,0.725));
#4270 = DIRECTION('',(-9.95799250103E-17,1.,0.));
#4271 = DIRECTION('',(-1.,-9.95799250103E-17,3.700743415417E-16));
#4272 = ORIENTED_EDGE('',*,*,#4273,.T.);
#4273 = EDGE_CURVE('',#4265,#3299,#4274,.T.);
#4274 = LINE('',#4275,#4276);
#4275 = CARTESIAN_POINT('',(-2.25,2.11,1.025));
#4276 = VECTOR('',#4277,1.);
#4277 = DIRECTION('',(1.,9.95799250103E-17,0.));
#4278 = PLANE('',#4279);
#4279 = AXIS2_PLACEMENT_3D('',#4280,#4281,#4282);
#4280 = CARTESIAN_POINT('',(-2.41578967201,2.11,0.532659657565));
#4281 = DIRECTION('',(-9.95799250103E-17,1.,0.));
#4282 = DIRECTION('',(0.,0.,1.));
#4283 = ADVANCED_FACE('',(#4284),#4299,.F.);
#4284 = FACE_BOUND('',#4285,.F.);
#4285 = EDGE_LOOP('',(#4286,#4292,#4293,#4298));
#4286 = ORIENTED_EDGE('',*,*,#4287,.F.);
#4287 = EDGE_CURVE('',#3299,#3961,#4288,.T.);
#4288 = LINE('',#4289,#4290);
#4289 = CARTESIAN_POINT('',(-2.25,2.11,1.025));
#4290 = VECTOR('',#4291,1.);
#4291 = DIRECTION('',(1.,9.95799250103E-17,0.));
#4292 = ORIENTED_EDGE('',*,*,#3314,.T.);
#4293 = ORIENTED_EDGE('',*,*,#4294,.T.);
#4294 = EDGE_CURVE('',#3308,#3880,#4295,.T.);
#4295 = B_SPLINE_CURVE_WITH_KNOTS('',1,(#4296,#4297),.UNSPECIFIED.,.F.,
  .F.,(2,2),(0.,1.),.PIECEWISE_BEZIER_KNOTS.);
#4296 = CARTESIAN_POINT('',(-1.95,2.275,1.025));
#4297 = CARTESIAN_POINT('',(-1.875,2.2375,1.025));
#4298 = ORIENTED_EDGE('',*,*,#3968,.F.);
#4299 = B_SPLINE_SURFACE_WITH_KNOTS('',1,1,(
    (#4300,#4301)
    ,(#4302,#4303
    )),.UNSPECIFIED.,.F.,.F.,.F.,(2,2),(2,2),(0.,4.55),(0.,1.),
  .PIECEWISE_BEZIER_KNOTS.);
#4300 = CARTESIAN_POINT('',(-1.95,-2.275,1.025));
#4301 = CARTESIAN_POINT('',(-1.875,-2.2375,1.025));
#4302 = CARTESIAN_POINT('',(-1.95,2.275,1.025));
#4303 = CARTESIAN_POINT('',(-1.875,2.2375,1.025));
#4304 = ADVANCED_FACE('',(#4305),#4324,.F.);
#4305 = FACE_BOUND('',#4306,.F.);
#4306 = EDGE_LOOP('',(#4307,#4308,#4317,#4323));
#4307 = ORIENTED_EDGE('',*,*,#3345,.T.);
#4308 = ORIENTED_EDGE('',*,*,#4309,.T.);
#4309 = EDGE_CURVE('',#3338,#4310,#4312,.T.);
#4310 = VERTEX_POINT('',#4311);
#4311 = CARTESIAN_POINT('',(-2.35,-1.7,0.725));
#4312 = CIRCLE('',#4313,0.1);
#4313 = AXIS2_PLACEMENT_3D('',#4314,#4315,#4316);
#4314 = CARTESIAN_POINT('',(-2.25,-1.7,0.725));
#4315 = DIRECTION('',(9.95799250103E-17,-1.,1.294197968281E-47));
#4316 = DIRECTION('',(-4.440892098501E-15,-4.422237021476E-31,1.));
#4317 = ORIENTED_EDGE('',*,*,#4318,.F.);
#4318 = EDGE_CURVE('',#4106,#4310,#4319,.T.);
#4319 = LINE('',#4320,#4321);
#4320 = CARTESIAN_POINT('',(-2.35,-2.11,0.725));
#4321 = VECTOR('',#4322,1.);
#4322 = DIRECTION('',(-9.95799250103E-17,1.,0.));
#4323 = ORIENTED_EDGE('',*,*,#4105,.F.);
#4324 = CYLINDRICAL_SURFACE('',#4325,0.1);
#4325 = AXIS2_PLACEMENT_3D('',#4326,#4327,#4328);
#4326 = CARTESIAN_POINT('',(-2.25,-2.11,0.725));
#4327 = DIRECTION('',(9.95799250103E-17,-1.,0.));
#4328 = DIRECTION('',(-4.440892098501E-15,-4.422237021476E-31,1.));
#4329 = ADVANCED_FACE('',(#4330),#4408,.T.);
#4330 = FACE_BOUND('',#4331,.T.);
#4331 = EDGE_LOOP('',(#4332,#4333,#4334,#4335,#4343,#4352,#4360,#4368,
    #4376,#4385,#4393,#4402));
#4332 = ORIENTED_EDGE('',*,*,#3390,.F.);
#4333 = ORIENTED_EDGE('',*,*,#3337,.T.);
#4334 = ORIENTED_EDGE('',*,*,#4309,.T.);
#4335 = ORIENTED_EDGE('',*,*,#4336,.T.);
#4336 = EDGE_CURVE('',#4310,#4337,#4339,.T.);
#4337 = VERTEX_POINT('',#4338);
#4338 = CARTESIAN_POINT('',(-2.35,-1.7,0.3));
#4339 = LINE('',#4340,#4341);
#4340 = CARTESIAN_POINT('',(-2.35,-1.7,0.725));
#4341 = VECTOR('',#4342,1.);
#4342 = DIRECTION('',(-1.044915787883E-15,-1.040526357994E-31,-1.));
#4343 = ORIENTED_EDGE('',*,*,#4344,.T.);
#4344 = EDGE_CURVE('',#4337,#4345,#4347,.T.);
#4345 = VERTEX_POINT('',#4346);
#4346 = CARTESIAN_POINT('',(-2.65,-1.7,5.551115123126E-17));
#4347 = CIRCLE('',#4348,0.3);
#4348 = AXIS2_PLACEMENT_3D('',#4349,#4350,#4351);
#4349 = CARTESIAN_POINT('',(-2.65,-1.7,0.3));
#4350 = DIRECTION('',(-9.95799250103E-17,1.,0.));
#4351 = DIRECTION('',(1.,9.95799250103E-17,3.515706244646E-15));
#4352 = ORIENTED_EDGE('',*,*,#4353,.T.);
#4353 = EDGE_CURVE('',#4345,#4354,#4356,.T.);
#4354 = VERTEX_POINT('',#4355);
#4355 = CARTESIAN_POINT('',(-3.,-1.7,5.551115123126E-17));
#4356 = LINE('',#4357,#4358);
#4357 = CARTESIAN_POINT('',(-2.65,-1.7,5.551115123126E-17));
#4358 = VECTOR('',#4359,1.);
#4359 = DIRECTION('',(-1.,-9.95799250103E-17,0.));
#4360 = ORIENTED_EDGE('',*,*,#4361,.T.);
#4361 = EDGE_CURVE('',#4354,#4362,#4364,.T.);
#4362 = VERTEX_POINT('',#4363);
#4363 = CARTESIAN_POINT('',(-3.,-1.7,0.2));
#4364 = LINE('',#4365,#4366);
#4365 = CARTESIAN_POINT('',(-3.,-1.7,5.551115123126E-17));
#4366 = VECTOR('',#4367,1.);
#4367 = DIRECTION('',(0.,0.,1.));
#4368 = ORIENTED_EDGE('',*,*,#4369,.T.);
#4369 = EDGE_CURVE('',#4362,#4370,#4372,.T.);
#4370 = VERTEX_POINT('',#4371);
#4371 = CARTESIAN_POINT('',(-2.65,-1.7,0.2));
#4372 = LINE('',#4373,#4374);
#4373 = CARTESIAN_POINT('',(-3.,-1.7,0.2));
#4374 = VECTOR('',#4375,1.);
#4375 = DIRECTION('',(1.,9.95799250103E-17,0.));
#4376 = ORIENTED_EDGE('',*,*,#4377,.T.);
#4377 = EDGE_CURVE('',#4370,#4378,#4380,.T.);
#4378 = VERTEX_POINT('',#4379);
#4379 = CARTESIAN_POINT('',(-2.55,-1.7,0.3));
#4380 = CIRCLE('',#4381,0.1);
#4381 = AXIS2_PLACEMENT_3D('',#4382,#4383,#4384);
#4382 = CARTESIAN_POINT('',(-2.65,-1.7,0.3));
#4383 = DIRECTION('',(9.95799250103E-17,-1.,-0.));
#4384 = DIRECTION('',(-0.,0.,-1.));
#4385 = ORIENTED_EDGE('',*,*,#4386,.T.);
#4386 = EDGE_CURVE('',#4378,#4387,#4389,.T.);
#4387 = VERTEX_POINT('',#4388);
#4388 = CARTESIAN_POINT('',(-2.55,-1.7,0.725));
#4389 = LINE('',#4390,#4391);
#4390 = CARTESIAN_POINT('',(-2.55,-1.7,0.3));
#4391 = VECTOR('',#4392,1.);
#4392 = DIRECTION('',(0.,0.,1.));
#4393 = ORIENTED_EDGE('',*,*,#4394,.T.);
#4394 = EDGE_CURVE('',#4387,#4395,#4397,.T.);
#4395 = VERTEX_POINT('',#4396);
#4396 = CARTESIAN_POINT('',(-2.25,-1.7,1.025));
#4397 = CIRCLE('',#4398,0.3);
#4398 = AXIS2_PLACEMENT_3D('',#4399,#4400,#4401);
#4399 = CARTESIAN_POINT('',(-2.25,-1.7,0.725));
#4400 = DIRECTION('',(-9.95799250103E-17,1.,0.));
#4401 = DIRECTION('',(-1.,-9.95799250103E-17,3.700743415417E-16));
#4402 = ORIENTED_EDGE('',*,*,#4403,.T.);
#4403 = EDGE_CURVE('',#4395,#3391,#4404,.T.);
#4404 = LINE('',#4405,#4406);
#4405 = CARTESIAN_POINT('',(-2.25,-1.7,1.025));
#4406 = VECTOR('',#4407,1.);
#4407 = DIRECTION('',(1.,9.95799250103E-17,0.));
#4408 = PLANE('',#4409);
#4409 = AXIS2_PLACEMENT_3D('',#4410,#4411,#4412);
#4410 = CARTESIAN_POINT('',(-2.41578967201,-1.7,0.532659657565));
#4411 = DIRECTION('',(-9.95799250103E-17,1.,0.));
#4412 = DIRECTION('',(0.,0.,1.));
#4413 = ADVANCED_FACE('',(#4414),#4500,.F.);
#4414 = FACE_BOUND('',#4415,.F.);
#4415 = EDGE_LOOP('',(#4416,#4417,#4418,#4427,#4435,#4444,#4452,#4460,
    #4468,#4477,#4485,#4494));
#4416 = ORIENTED_EDGE('',*,*,#3430,.F.);
#4417 = ORIENTED_EDGE('',*,*,#3359,.T.);
#4418 = ORIENTED_EDGE('',*,*,#4419,.T.);
#4419 = EDGE_CURVE('',#3360,#4420,#4422,.T.);
#4420 = VERTEX_POINT('',#4421);
#4421 = CARTESIAN_POINT('',(-2.35,1.7,0.725));
#4422 = CIRCLE('',#4423,0.1);
#4423 = AXIS2_PLACEMENT_3D('',#4424,#4425,#4426);
#4424 = CARTESIAN_POINT('',(-2.25,1.7,0.725));
#4425 = DIRECTION('',(9.95799250103E-17,-1.,1.294197968281E-47));
#4426 = DIRECTION('',(-4.440892098501E-15,-4.422237021476E-31,1.));
#4427 = ORIENTED_EDGE('',*,*,#4428,.T.);
#4428 = EDGE_CURVE('',#4420,#4429,#4431,.T.);
#4429 = VERTEX_POINT('',#4430);
#4430 = CARTESIAN_POINT('',(-2.35,1.7,0.3));
#4431 = LINE('',#4432,#4433);
#4432 = CARTESIAN_POINT('',(-2.35,1.7,0.725));
#4433 = VECTOR('',#4434,1.);
#4434 = DIRECTION('',(-1.044915787883E-15,-1.040526357994E-31,-1.));
#4435 = ORIENTED_EDGE('',*,*,#4436,.T.);
#4436 = EDGE_CURVE('',#4429,#4437,#4439,.T.);
#4437 = VERTEX_POINT('',#4438);
#4438 = CARTESIAN_POINT('',(-2.65,1.7,5.551115123126E-17));
#4439 = CIRCLE('',#4440,0.3);
#4440 = AXIS2_PLACEMENT_3D('',#4441,#4442,#4443);
#4441 = CARTESIAN_POINT('',(-2.65,1.7,0.3));
#4442 = DIRECTION('',(-9.95799250103E-17,1.,0.));
#4443 = DIRECTION('',(1.,9.95799250103E-17,3.515706244646E-15));
#4444 = ORIENTED_EDGE('',*,*,#4445,.T.);
#4445 = EDGE_CURVE('',#4437,#4446,#4448,.T.);
#4446 = VERTEX_POINT('',#4447);
#4447 = CARTESIAN_POINT('',(-3.,1.7,5.551115123126E-17));
#4448 = LINE('',#4449,#4450);
#4449 = CARTESIAN_POINT('',(-2.65,1.7,5.551115123126E-17));
#4450 = VECTOR('',#4451,1.);
#4451 = DIRECTION('',(-1.,-9.95799250103E-17,0.));
#4452 = ORIENTED_EDGE('',*,*,#4453,.T.);
#4453 = EDGE_CURVE('',#4446,#4454,#4456,.T.);
#4454 = VERTEX_POINT('',#4455);
#4455 = CARTESIAN_POINT('',(-3.,1.7,0.2));
#4456 = LINE('',#4457,#4458);
#4457 = CARTESIAN_POINT('',(-3.,1.7,5.551115123126E-17));
#4458 = VECTOR('',#4459,1.);
#4459 = DIRECTION('',(0.,0.,1.));
#4460 = ORIENTED_EDGE('',*,*,#4461,.T.);
#4461 = EDGE_CURVE('',#4454,#4462,#4464,.T.);
#4462 = VERTEX_POINT('',#4463);
#4463 = CARTESIAN_POINT('',(-2.65,1.7,0.2));
#4464 = LINE('',#4465,#4466);
#4465 = CARTESIAN_POINT('',(-3.,1.7,0.2));
#4466 = VECTOR('',#4467,1.);
#4467 = DIRECTION('',(1.,9.95799250103E-17,0.));
#4468 = ORIENTED_EDGE('',*,*,#4469,.T.);
#4469 = EDGE_CURVE('',#4462,#4470,#4472,.T.);
#4470 = VERTEX_POINT('',#4471);
#4471 = CARTESIAN_POINT('',(-2.55,1.7,0.3));
#4472 = CIRCLE('',#4473,0.1);
#4473 = AXIS2_PLACEMENT_3D('',#4474,#4475,#4476);
#4474 = CARTESIAN_POINT('',(-2.65,1.7,0.3));
#4475 = DIRECTION('',(9.95799250103E-17,-1.,-0.));
#4476 = DIRECTION('',(-0.,0.,-1.));
#4477 = ORIENTED_EDGE('',*,*,#4478,.T.);
#4478 = EDGE_CURVE('',#4470,#4479,#4481,.T.);
#4479 = VERTEX_POINT('',#4480);
#4480 = CARTESIAN_POINT('',(-2.55,1.7,0.725));
#4481 = LINE('',#4482,#4483);
#4482 = CARTESIAN_POINT('',(-2.55,1.7,0.3));
#4483 = VECTOR('',#4484,1.);
#4484 = DIRECTION('',(0.,0.,1.));
#4485 = ORIENTED_EDGE('',*,*,#4486,.T.);
#4486 = EDGE_CURVE('',#4479,#4487,#4489,.T.);
#4487 = VERTEX_POINT('',#4488);
#4488 = CARTESIAN_POINT('',(-2.25,1.7,1.025));
#4489 = CIRCLE('',#4490,0.3);
#4490 = AXIS2_PLACEMENT_3D('',#4491,#4492,#4493);
#4491 = CARTESIAN_POINT('',(-2.25,1.7,0.725));
#4492 = DIRECTION('',(-9.95799250103E-17,1.,0.));
#4493 = DIRECTION('',(-1.,-9.95799250103E-17,3.700743415417E-16));
#4494 = ORIENTED_EDGE('',*,*,#4495,.T.);
#4495 = EDGE_CURVE('',#4487,#3431,#4496,.T.);
#4496 = LINE('',#4497,#4498);
#4497 = CARTESIAN_POINT('',(-2.25,1.7,1.025));
#4498 = VECTOR('',#4499,1.);
#4499 = DIRECTION('',(1.,9.95799250103E-17,0.));
#4500 = PLANE('',#4501);
#4501 = AXIS2_PLACEMENT_3D('',#4502,#4503,#4504);
#4502 = CARTESIAN_POINT('',(-2.41578967201,1.7,0.532659657565));
#4503 = DIRECTION('',(-9.95799250103E-17,1.,0.));
#4504 = DIRECTION('',(0.,0.,1.));
#4505 = ADVANCED_FACE('',(#4506),#4517,.F.);
#4506 = FACE_BOUND('',#4507,.F.);
#4507 = EDGE_LOOP('',(#4508,#4509,#4510,#4516));
#4508 = ORIENTED_EDGE('',*,*,#3376,.T.);
#4509 = ORIENTED_EDGE('',*,*,#4197,.T.);
#4510 = ORIENTED_EDGE('',*,*,#4511,.F.);
#4511 = EDGE_CURVE('',#4420,#4198,#4512,.T.);
#4512 = LINE('',#4513,#4514);
#4513 = CARTESIAN_POINT('',(-2.35,1.7,0.725));
#4514 = VECTOR('',#4515,1.);
#4515 = DIRECTION('',(-9.95799250103E-17,1.,0.));
#4516 = ORIENTED_EDGE('',*,*,#4419,.F.);
#4517 = CYLINDRICAL_SURFACE('',#4518,0.1);
#4518 = AXIS2_PLACEMENT_3D('',#4519,#4520,#4521);
#4519 = CARTESIAN_POINT('',(-2.25,1.7,0.725));
#4520 = DIRECTION('',(9.95799250103E-17,-1.,0.));
#4521 = DIRECTION('',(-4.440892098501E-15,-4.422237021476E-31,1.));
#4522 = ADVANCED_FACE('',(#4523),#4539,.F.);
#4523 = FACE_BOUND('',#4524,.F.);
#4524 = EDGE_LOOP('',(#4525,#4531,#4532,#4538));
#4525 = ORIENTED_EDGE('',*,*,#4526,.F.);
#4526 = EDGE_CURVE('',#3391,#3913,#4527,.T.);
#4527 = LINE('',#4528,#4529);
#4528 = CARTESIAN_POINT('',(-2.25,-1.7,1.025));
#4529 = VECTOR('',#4530,1.);
#4530 = DIRECTION('',(1.,9.95799250103E-17,0.));
#4531 = ORIENTED_EDGE('',*,*,#3407,.T.);
#4532 = ORIENTED_EDGE('',*,*,#4533,.T.);
#4533 = EDGE_CURVE('',#3400,#3921,#4534,.T.);
#4534 = LINE('',#4535,#4536);
#4535 = CARTESIAN_POINT('',(-2.25,-0.84,1.025));
#4536 = VECTOR('',#4537,1.);
#4537 = DIRECTION('',(1.,9.95799250103E-17,0.));
#4538 = ORIENTED_EDGE('',*,*,#3920,.F.);
#4539 = B_SPLINE_SURFACE_WITH_KNOTS('',1,1,(
    (#4540,#4541)
    ,(#4542,#4543
    )),.UNSPECIFIED.,.F.,.F.,.F.,(2,2),(2,2),(0.,4.55),(0.,1.),
  .PIECEWISE_BEZIER_KNOTS.);
#4540 = CARTESIAN_POINT('',(-1.95,-2.275,1.025));
#4541 = CARTESIAN_POINT('',(-1.875,-2.2375,1.025));
#4542 = CARTESIAN_POINT('',(-1.95,2.275,1.025));
#4543 = CARTESIAN_POINT('',(-1.875,2.2375,1.025));
#4544 = ADVANCED_FACE('',(#4545),#4631,.F.);
#4545 = FACE_BOUND('',#4546,.F.);
#4546 = EDGE_LOOP('',(#4547,#4548,#4549,#4558,#4566,#4575,#4583,#4591,
    #4599,#4608,#4616,#4625));
#4547 = ORIENTED_EDGE('',*,*,#3399,.F.);
#4548 = ORIENTED_EDGE('',*,*,#3452,.T.);
#4549 = ORIENTED_EDGE('',*,*,#4550,.T.);
#4550 = EDGE_CURVE('',#3453,#4551,#4553,.T.);
#4551 = VERTEX_POINT('',#4552);
#4552 = CARTESIAN_POINT('',(-2.35,-0.84,0.725));
#4553 = CIRCLE('',#4554,0.1);
#4554 = AXIS2_PLACEMENT_3D('',#4555,#4556,#4557);
#4555 = CARTESIAN_POINT('',(-2.25,-0.84,0.725));
#4556 = DIRECTION('',(9.95799250103E-17,-1.,1.294197968281E-47));
#4557 = DIRECTION('',(-4.440892098501E-15,-4.422237021476E-31,1.));
#4558 = ORIENTED_EDGE('',*,*,#4559,.T.);
#4559 = EDGE_CURVE('',#4551,#4560,#4562,.T.);
#4560 = VERTEX_POINT('',#4561);
#4561 = CARTESIAN_POINT('',(-2.35,-0.84,0.3));
#4562 = LINE('',#4563,#4564);
#4563 = CARTESIAN_POINT('',(-2.35,-0.84,0.725));
#4564 = VECTOR('',#4565,1.);
#4565 = DIRECTION('',(-1.044915787883E-15,-1.040526357994E-31,-1.));
#4566 = ORIENTED_EDGE('',*,*,#4567,.T.);
#4567 = EDGE_CURVE('',#4560,#4568,#4570,.T.);
#4568 = VERTEX_POINT('',#4569);
#4569 = CARTESIAN_POINT('',(-2.65,-0.84,5.551115123126E-17));
#4570 = CIRCLE('',#4571,0.3);
#4571 = AXIS2_PLACEMENT_3D('',#4572,#4573,#4574);
#4572 = CARTESIAN_POINT('',(-2.65,-0.84,0.3));
#4573 = DIRECTION('',(-9.95799250103E-17,1.,0.));
#4574 = DIRECTION('',(1.,9.95799250103E-17,3.515706244646E-15));
#4575 = ORIENTED_EDGE('',*,*,#4576,.T.);
#4576 = EDGE_CURVE('',#4568,#4577,#4579,.T.);
#4577 = VERTEX_POINT('',#4578);
#4578 = CARTESIAN_POINT('',(-3.,-0.84,5.551115123126E-17));
#4579 = LINE('',#4580,#4581);
#4580 = CARTESIAN_POINT('',(-2.65,-0.84,5.551115123126E-17));
#4581 = VECTOR('',#4582,1.);
#4582 = DIRECTION('',(-1.,-9.95799250103E-17,0.));
#4583 = ORIENTED_EDGE('',*,*,#4584,.T.);
#4584 = EDGE_CURVE('',#4577,#4585,#4587,.T.);
#4585 = VERTEX_POINT('',#4586);
#4586 = CARTESIAN_POINT('',(-3.,-0.84,0.2));
#4587 = LINE('',#4588,#4589);
#4588 = CARTESIAN_POINT('',(-3.,-0.84,5.551115123126E-17));
#4589 = VECTOR('',#4590,1.);
#4590 = DIRECTION('',(0.,0.,1.));
#4591 = ORIENTED_EDGE('',*,*,#4592,.T.);
#4592 = EDGE_CURVE('',#4585,#4593,#4595,.T.);
#4593 = VERTEX_POINT('',#4594);
#4594 = CARTESIAN_POINT('',(-2.65,-0.84,0.2));
#4595 = LINE('',#4596,#4597);
#4596 = CARTESIAN_POINT('',(-3.,-0.84,0.2));
#4597 = VECTOR('',#4598,1.);
#4598 = DIRECTION('',(1.,9.95799250103E-17,0.));
#4599 = ORIENTED_EDGE('',*,*,#4600,.T.);
#4600 = EDGE_CURVE('',#4593,#4601,#4603,.T.);
#4601 = VERTEX_POINT('',#4602);
#4602 = CARTESIAN_POINT('',(-2.55,-0.84,0.3));
#4603 = CIRCLE('',#4604,0.1);
#4604 = AXIS2_PLACEMENT_3D('',#4605,#4606,#4607);
#4605 = CARTESIAN_POINT('',(-2.65,-0.84,0.3));
#4606 = DIRECTION('',(9.95799250103E-17,-1.,-0.));
#4607 = DIRECTION('',(-0.,0.,-1.));
#4608 = ORIENTED_EDGE('',*,*,#4609,.T.);
#4609 = EDGE_CURVE('',#4601,#4610,#4612,.T.);
#4610 = VERTEX_POINT('',#4611);
#4611 = CARTESIAN_POINT('',(-2.55,-0.84,0.725));
#4612 = LINE('',#4613,#4614);
#4613 = CARTESIAN_POINT('',(-2.55,-0.84,0.3));
#4614 = VECTOR('',#4615,1.);
#4615 = DIRECTION('',(0.,0.,1.));
#4616 = ORIENTED_EDGE('',*,*,#4617,.T.);
#4617 = EDGE_CURVE('',#4610,#4618,#4620,.T.);
#4618 = VERTEX_POINT('',#4619);
#4619 = CARTESIAN_POINT('',(-2.25,-0.84,1.025));
#4620 = CIRCLE('',#4621,0.3);
#4621 = AXIS2_PLACEMENT_3D('',#4622,#4623,#4624);
#4622 = CARTESIAN_POINT('',(-2.25,-0.84,0.725));
#4623 = DIRECTION('',(-9.95799250103E-17,1.,0.));
#4624 = DIRECTION('',(-1.,-9.95799250103E-17,3.700743415417E-16));
#4625 = ORIENTED_EDGE('',*,*,#4626,.T.);
#4626 = EDGE_CURVE('',#4618,#3400,#4627,.T.);
#4627 = LINE('',#4628,#4629);
#4628 = CARTESIAN_POINT('',(-2.25,-0.84,1.025));
#4629 = VECTOR('',#4630,1.);
#4630 = DIRECTION('',(1.,9.95799250103E-17,0.));
#4631 = PLANE('',#4632);
#4632 = AXIS2_PLACEMENT_3D('',#4633,#4634,#4635);
#4633 = CARTESIAN_POINT('',(-2.41578967201,-0.84,0.532659657565));
#4634 = DIRECTION('',(-9.95799250103E-17,1.,0.));
#4635 = DIRECTION('',(0.,0.,1.));
#4636 = ADVANCED_FACE('',(#4637),#4723,.T.);
#4637 = FACE_BOUND('',#4638,.T.);
#4638 = EDGE_LOOP('',(#4639,#4640,#4641,#4650,#4658,#4667,#4675,#4683,
    #4691,#4700,#4708,#4717));
#4639 = ORIENTED_EDGE('',*,*,#3421,.F.);
#4640 = ORIENTED_EDGE('',*,*,#3492,.T.);
#4641 = ORIENTED_EDGE('',*,*,#4642,.T.);
#4642 = EDGE_CURVE('',#3493,#4643,#4645,.T.);
#4643 = VERTEX_POINT('',#4644);
#4644 = CARTESIAN_POINT('',(-2.35,0.84,0.725));
#4645 = CIRCLE('',#4646,0.1);
#4646 = AXIS2_PLACEMENT_3D('',#4647,#4648,#4649);
#4647 = CARTESIAN_POINT('',(-2.25,0.84,0.725));
#4648 = DIRECTION('',(9.95799250103E-17,-1.,1.294197968281E-47));
#4649 = DIRECTION('',(-4.440892098501E-15,-4.422237021476E-31,1.));
#4650 = ORIENTED_EDGE('',*,*,#4651,.T.);
#4651 = EDGE_CURVE('',#4643,#4652,#4654,.T.);
#4652 = VERTEX_POINT('',#4653);
#4653 = CARTESIAN_POINT('',(-2.35,0.84,0.3));
#4654 = LINE('',#4655,#4656);
#4655 = CARTESIAN_POINT('',(-2.35,0.84,0.725));
#4656 = VECTOR('',#4657,1.);
#4657 = DIRECTION('',(-1.044915787883E-15,-1.040526357994E-31,-1.));
#4658 = ORIENTED_EDGE('',*,*,#4659,.T.);
#4659 = EDGE_CURVE('',#4652,#4660,#4662,.T.);
#4660 = VERTEX_POINT('',#4661);
#4661 = CARTESIAN_POINT('',(-2.65,0.84,5.551115123126E-17));
#4662 = CIRCLE('',#4663,0.3);
#4663 = AXIS2_PLACEMENT_3D('',#4664,#4665,#4666);
#4664 = CARTESIAN_POINT('',(-2.65,0.84,0.3));
#4665 = DIRECTION('',(-9.95799250103E-17,1.,0.));
#4666 = DIRECTION('',(1.,9.95799250103E-17,3.515706244646E-15));
#4667 = ORIENTED_EDGE('',*,*,#4668,.T.);
#4668 = EDGE_CURVE('',#4660,#4669,#4671,.T.);
#4669 = VERTEX_POINT('',#4670);
#4670 = CARTESIAN_POINT('',(-3.,0.84,5.551115123126E-17));
#4671 = LINE('',#4672,#4673);
#4672 = CARTESIAN_POINT('',(-2.65,0.84,5.551115123126E-17));
#4673 = VECTOR('',#4674,1.);
#4674 = DIRECTION('',(-1.,-9.95799250103E-17,0.));
#4675 = ORIENTED_EDGE('',*,*,#4676,.T.);
#4676 = EDGE_CURVE('',#4669,#4677,#4679,.T.);
#4677 = VERTEX_POINT('',#4678);
#4678 = CARTESIAN_POINT('',(-3.,0.84,0.2));
#4679 = LINE('',#4680,#4681);
#4680 = CARTESIAN_POINT('',(-3.,0.84,5.551115123126E-17));
#4681 = VECTOR('',#4682,1.);
#4682 = DIRECTION('',(0.,0.,1.));
#4683 = ORIENTED_EDGE('',*,*,#4684,.T.);
#4684 = EDGE_CURVE('',#4677,#4685,#4687,.T.);
#4685 = VERTEX_POINT('',#4686);
#4686 = CARTESIAN_POINT('',(-2.65,0.84,0.2));
#4687 = LINE('',#4688,#4689);
#4688 = CARTESIAN_POINT('',(-3.,0.84,0.2));
#4689 = VECTOR('',#4690,1.);
#4690 = DIRECTION('',(1.,9.95799250103E-17,0.));
#4691 = ORIENTED_EDGE('',*,*,#4692,.T.);
#4692 = EDGE_CURVE('',#4685,#4693,#4695,.T.);
#4693 = VERTEX_POINT('',#4694);
#4694 = CARTESIAN_POINT('',(-2.55,0.84,0.3));
#4695 = CIRCLE('',#4696,0.1);
#4696 = AXIS2_PLACEMENT_3D('',#4697,#4698,#4699);
#4697 = CARTESIAN_POINT('',(-2.65,0.84,0.3));
#4698 = DIRECTION('',(9.95799250103E-17,-1.,-0.));
#4699 = DIRECTION('',(-0.,0.,-1.));
#4700 = ORIENTED_EDGE('',*,*,#4701,.T.);
#4701 = EDGE_CURVE('',#4693,#4702,#4704,.T.);
#4702 = VERTEX_POINT('',#4703);
#4703 = CARTESIAN_POINT('',(-2.55,0.84,0.725));
#4704 = LINE('',#4705,#4706);
#4705 = CARTESIAN_POINT('',(-2.55,0.84,0.3));
#4706 = VECTOR('',#4707,1.);
#4707 = DIRECTION('',(0.,0.,1.));
#4708 = ORIENTED_EDGE('',*,*,#4709,.T.);
#4709 = EDGE_CURVE('',#4702,#4710,#4712,.T.);
#4710 = VERTEX_POINT('',#4711);
#4711 = CARTESIAN_POINT('',(-2.25,0.84,1.025));
#4712 = CIRCLE('',#4713,0.3);
#4713 = AXIS2_PLACEMENT_3D('',#4714,#4715,#4716);
#4714 = CARTESIAN_POINT('',(-2.25,0.84,0.725));
#4715 = DIRECTION('',(-9.95799250103E-17,1.,0.));
#4716 = DIRECTION('',(-1.,-9.95799250103E-17,3.700743415417E-16));
#4717 = ORIENTED_EDGE('',*,*,#4718,.T.);
#4718 = EDGE_CURVE('',#4710,#3422,#4719,.T.);
#4719 = LINE('',#4720,#4721);
#4720 = CARTESIAN_POINT('',(-2.25,0.84,1.025));
#4721 = VECTOR('',#4722,1.);
#4722 = DIRECTION('',(1.,9.95799250103E-17,0.));
#4723 = PLANE('',#4724);
#4724 = AXIS2_PLACEMENT_3D('',#4725,#4726,#4727);
#4725 = CARTESIAN_POINT('',(-2.41578967201,0.84,0.532659657565));
#4726 = DIRECTION('',(-9.95799250103E-17,1.,0.));
#4727 = DIRECTION('',(0.,0.,1.));
#4728 = ADVANCED_FACE('',(#4729),#4745,.F.);
#4729 = FACE_BOUND('',#4730,.F.);
#4730 = EDGE_LOOP('',(#4731,#4737,#4738,#4744));
#4731 = ORIENTED_EDGE('',*,*,#4732,.F.);
#4732 = EDGE_CURVE('',#3422,#3945,#4733,.T.);
#4733 = LINE('',#4734,#4735);
#4734 = CARTESIAN_POINT('',(-2.25,0.84,1.025));
#4735 = VECTOR('',#4736,1.);
#4736 = DIRECTION('',(1.,9.95799250103E-17,0.));
#4737 = ORIENTED_EDGE('',*,*,#3438,.T.);
#4738 = ORIENTED_EDGE('',*,*,#4739,.T.);
#4739 = EDGE_CURVE('',#3431,#3953,#4740,.T.);
#4740 = LINE('',#4741,#4742);
#4741 = CARTESIAN_POINT('',(-2.25,1.7,1.025));
#4742 = VECTOR('',#4743,1.);
#4743 = DIRECTION('',(1.,9.95799250103E-17,0.));
#4744 = ORIENTED_EDGE('',*,*,#3952,.F.);
#4745 = B_SPLINE_SURFACE_WITH_KNOTS('',1,1,(
    (#4746,#4747)
    ,(#4748,#4749
    )),.UNSPECIFIED.,.F.,.F.,.F.,(2,2),(2,2),(0.,4.55),(0.,1.),
  .PIECEWISE_BEZIER_KNOTS.);
#4746 = CARTESIAN_POINT('',(-1.95,-2.275,1.025));
#4747 = CARTESIAN_POINT('',(-1.875,-2.2375,1.025));
#4748 = CARTESIAN_POINT('',(-1.95,2.275,1.025));
#4749 = CARTESIAN_POINT('',(-1.875,2.2375,1.025));
#4750 = ADVANCED_FACE('',(#4751),#4770,.F.);
#4751 = FACE_BOUND('',#4752,.F.);
#4752 = EDGE_LOOP('',(#4753,#4754,#4763,#4769));
#4753 = ORIENTED_EDGE('',*,*,#3469,.T.);
#4754 = ORIENTED_EDGE('',*,*,#4755,.T.);
#4755 = EDGE_CURVE('',#3462,#4756,#4758,.T.);
#4756 = VERTEX_POINT('',#4757);
#4757 = CARTESIAN_POINT('',(-2.35,-0.43,0.725));
#4758 = CIRCLE('',#4759,0.1);
#4759 = AXIS2_PLACEMENT_3D('',#4760,#4761,#4762);
#4760 = CARTESIAN_POINT('',(-2.25,-0.43,0.725));
#4761 = DIRECTION('',(9.95799250103E-17,-1.,1.294197968281E-47));
#4762 = DIRECTION('',(-4.440892098501E-15,-4.422237021476E-31,1.));
#4763 = ORIENTED_EDGE('',*,*,#4764,.F.);
#4764 = EDGE_CURVE('',#4551,#4756,#4765,.T.);
#4765 = LINE('',#4766,#4767);
#4766 = CARTESIAN_POINT('',(-2.35,-0.84,0.725));
#4767 = VECTOR('',#4768,1.);
#4768 = DIRECTION('',(-9.95799250103E-17,1.,0.));
#4769 = ORIENTED_EDGE('',*,*,#4550,.F.);
#4770 = CYLINDRICAL_SURFACE('',#4771,0.1);
#4771 = AXIS2_PLACEMENT_3D('',#4772,#4773,#4774);
#4772 = CARTESIAN_POINT('',(-2.25,-0.84,0.725));
#4773 = DIRECTION('',(9.95799250103E-17,-1.,0.));
#4774 = DIRECTION('',(-4.440892098501E-15,-4.422237021476E-31,1.));
#4775 = ADVANCED_FACE('',(#4776),#4854,.T.);
#4776 = FACE_BOUND('',#4777,.T.);
#4777 = EDGE_LOOP('',(#4778,#4779,#4780,#4781,#4789,#4798,#4806,#4814,
    #4822,#4831,#4839,#4848));
#4778 = ORIENTED_EDGE('',*,*,#3514,.F.);
#4779 = ORIENTED_EDGE('',*,*,#3461,.T.);
#4780 = ORIENTED_EDGE('',*,*,#4755,.T.);
#4781 = ORIENTED_EDGE('',*,*,#4782,.T.);
#4782 = EDGE_CURVE('',#4756,#4783,#4785,.T.);
#4783 = VERTEX_POINT('',#4784);
#4784 = CARTESIAN_POINT('',(-2.35,-0.43,0.3));
#4785 = LINE('',#4786,#4787);
#4786 = CARTESIAN_POINT('',(-2.35,-0.43,0.725));
#4787 = VECTOR('',#4788,1.);
#4788 = DIRECTION('',(-1.044915787883E-15,-1.040526357994E-31,-1.));
#4789 = ORIENTED_EDGE('',*,*,#4790,.T.);
#4790 = EDGE_CURVE('',#4783,#4791,#4793,.T.);
#4791 = VERTEX_POINT('',#4792);
#4792 = CARTESIAN_POINT('',(-2.65,-0.43,5.551115123126E-17));
#4793 = CIRCLE('',#4794,0.3);
#4794 = AXIS2_PLACEMENT_3D('',#4795,#4796,#4797);
#4795 = CARTESIAN_POINT('',(-2.65,-0.43,0.3));
#4796 = DIRECTION('',(-9.95799250103E-17,1.,0.));
#4797 = DIRECTION('',(1.,9.95799250103E-17,3.515706244646E-15));
#4798 = ORIENTED_EDGE('',*,*,#4799,.T.);
#4799 = EDGE_CURVE('',#4791,#4800,#4802,.T.);
#4800 = VERTEX_POINT('',#4801);
#4801 = CARTESIAN_POINT('',(-3.,-0.43,5.551115123126E-17));
#4802 = LINE('',#4803,#4804);
#4803 = CARTESIAN_POINT('',(-2.65,-0.43,5.551115123126E-17));
#4804 = VECTOR('',#4805,1.);
#4805 = DIRECTION('',(-1.,-9.95799250103E-17,0.));
#4806 = ORIENTED_EDGE('',*,*,#4807,.T.);
#4807 = EDGE_CURVE('',#4800,#4808,#4810,.T.);
#4808 = VERTEX_POINT('',#4809);
#4809 = CARTESIAN_POINT('',(-3.,-0.43,0.2));
#4810 = LINE('',#4811,#4812);
#4811 = CARTESIAN_POINT('',(-3.,-0.43,5.551115123126E-17));
#4812 = VECTOR('',#4813,1.);
#4813 = DIRECTION('',(0.,0.,1.));
#4814 = ORIENTED_EDGE('',*,*,#4815,.T.);
#4815 = EDGE_CURVE('',#4808,#4816,#4818,.T.);
#4816 = VERTEX_POINT('',#4817);
#4817 = CARTESIAN_POINT('',(-2.65,-0.43,0.2));
#4818 = LINE('',#4819,#4820);
#4819 = CARTESIAN_POINT('',(-3.,-0.43,0.2));
#4820 = VECTOR('',#4821,1.);
#4821 = DIRECTION('',(1.,9.95799250103E-17,0.));
#4822 = ORIENTED_EDGE('',*,*,#4823,.T.);
#4823 = EDGE_CURVE('',#4816,#4824,#4826,.T.);
#4824 = VERTEX_POINT('',#4825);
#4825 = CARTESIAN_POINT('',(-2.55,-0.43,0.3));
#4826 = CIRCLE('',#4827,0.1);
#4827 = AXIS2_PLACEMENT_3D('',#4828,#4829,#4830);
#4828 = CARTESIAN_POINT('',(-2.65,-0.43,0.3));
#4829 = DIRECTION('',(9.95799250103E-17,-1.,-0.));
#4830 = DIRECTION('',(-0.,0.,-1.));
#4831 = ORIENTED_EDGE('',*,*,#4832,.T.);
#4832 = EDGE_CURVE('',#4824,#4833,#4835,.T.);
#4833 = VERTEX_POINT('',#4834);
#4834 = CARTESIAN_POINT('',(-2.55,-0.43,0.725));
#4835 = LINE('',#4836,#4837);
#4836 = CARTESIAN_POINT('',(-2.55,-0.43,0.3));
#4837 = VECTOR('',#4838,1.);
#4838 = DIRECTION('',(0.,0.,1.));
#4839 = ORIENTED_EDGE('',*,*,#4840,.T.);
#4840 = EDGE_CURVE('',#4833,#4841,#4843,.T.);
#4841 = VERTEX_POINT('',#4842);
#4842 = CARTESIAN_POINT('',(-2.25,-0.43,1.025));
#4843 = CIRCLE('',#4844,0.3);
#4844 = AXIS2_PLACEMENT_3D('',#4845,#4846,#4847);
#4845 = CARTESIAN_POINT('',(-2.25,-0.43,0.725));
#4846 = DIRECTION('',(-9.95799250103E-17,1.,0.));
#4847 = DIRECTION('',(-1.,-9.95799250103E-17,3.700743415417E-16));
#4848 = ORIENTED_EDGE('',*,*,#4849,.T.);
#4849 = EDGE_CURVE('',#4841,#3515,#4850,.T.);
#4850 = LINE('',#4851,#4852);
#4851 = CARTESIAN_POINT('',(-2.25,-0.43,1.025));
#4852 = VECTOR('',#4853,1.);
#4853 = DIRECTION('',(1.,9.95799250103E-17,0.));
#4854 = PLANE('',#4855);
#4855 = AXIS2_PLACEMENT_3D('',#4856,#4857,#4858);
#4856 = CARTESIAN_POINT('',(-2.41578967201,-0.43,0.532659657565));
#4857 = DIRECTION('',(-9.95799250103E-17,1.,0.));
#4858 = DIRECTION('',(0.,0.,1.));
#4859 = ADVANCED_FACE('',(#4860),#4946,.F.);
#4860 = FACE_BOUND('',#4861,.F.);
#4861 = EDGE_LOOP('',(#4862,#4863,#4864,#4873,#4881,#4890,#4898,#4906,
    #4914,#4923,#4931,#4940));
#4862 = ORIENTED_EDGE('',*,*,#3523,.F.);
#4863 = ORIENTED_EDGE('',*,*,#3483,.T.);
#4864 = ORIENTED_EDGE('',*,*,#4865,.T.);
#4865 = EDGE_CURVE('',#3484,#4866,#4868,.T.);
#4866 = VERTEX_POINT('',#4867);
#4867 = CARTESIAN_POINT('',(-2.35,0.43,0.725));
#4868 = CIRCLE('',#4869,0.1);
#4869 = AXIS2_PLACEMENT_3D('',#4870,#4871,#4872);
#4870 = CARTESIAN_POINT('',(-2.25,0.43,0.725));
#4871 = DIRECTION('',(9.95799250103E-17,-1.,1.294197968281E-47));
#4872 = DIRECTION('',(-4.440892098501E-15,-4.422237021476E-31,1.));
#4873 = ORIENTED_EDGE('',*,*,#4874,.T.);
#4874 = EDGE_CURVE('',#4866,#4875,#4877,.T.);
#4875 = VERTEX_POINT('',#4876);
#4876 = CARTESIAN_POINT('',(-2.35,0.43,0.3));
#4877 = LINE('',#4878,#4879);
#4878 = CARTESIAN_POINT('',(-2.35,0.43,0.725));
#4879 = VECTOR('',#4880,1.);
#4880 = DIRECTION('',(-1.044915787883E-15,-1.040526357994E-31,-1.));
#4881 = ORIENTED_EDGE('',*,*,#4882,.T.);
#4882 = EDGE_CURVE('',#4875,#4883,#4885,.T.);
#4883 = VERTEX_POINT('',#4884);
#4884 = CARTESIAN_POINT('',(-2.65,0.43,5.551115123126E-17));
#4885 = CIRCLE('',#4886,0.3);
#4886 = AXIS2_PLACEMENT_3D('',#4887,#4888,#4889);
#4887 = CARTESIAN_POINT('',(-2.65,0.43,0.3));
#4888 = DIRECTION('',(-9.95799250103E-17,1.,0.));
#4889 = DIRECTION('',(1.,9.95799250103E-17,3.515706244646E-15));
#4890 = ORIENTED_EDGE('',*,*,#4891,.T.);
#4891 = EDGE_CURVE('',#4883,#4892,#4894,.T.);
#4892 = VERTEX_POINT('',#4893);
#4893 = CARTESIAN_POINT('',(-3.,0.43,5.551115123126E-17));
#4894 = LINE('',#4895,#4896);
#4895 = CARTESIAN_POINT('',(-2.65,0.43,5.551115123126E-17));
#4896 = VECTOR('',#4897,1.);
#4897 = DIRECTION('',(-1.,-9.95799250103E-17,0.));
#4898 = ORIENTED_EDGE('',*,*,#4899,.T.);
#4899 = EDGE_CURVE('',#4892,#4900,#4902,.T.);
#4900 = VERTEX_POINT('',#4901);
#4901 = CARTESIAN_POINT('',(-3.,0.43,0.2));
#4902 = LINE('',#4903,#4904);
#4903 = CARTESIAN_POINT('',(-3.,0.43,5.551115123126E-17));
#4904 = VECTOR('',#4905,1.);
#4905 = DIRECTION('',(0.,0.,1.));
#4906 = ORIENTED_EDGE('',*,*,#4907,.T.);
#4907 = EDGE_CURVE('',#4900,#4908,#4910,.T.);
#4908 = VERTEX_POINT('',#4909);
#4909 = CARTESIAN_POINT('',(-2.65,0.43,0.2));
#4910 = LINE('',#4911,#4912);
#4911 = CARTESIAN_POINT('',(-3.,0.43,0.2));
#4912 = VECTOR('',#4913,1.);
#4913 = DIRECTION('',(1.,9.95799250103E-17,0.));
#4914 = ORIENTED_EDGE('',*,*,#4915,.T.);
#4915 = EDGE_CURVE('',#4908,#4916,#4918,.T.);
#4916 = VERTEX_POINT('',#4917);
#4917 = CARTESIAN_POINT('',(-2.55,0.43,0.3));
#4918 = CIRCLE('',#4919,0.1);
#4919 = AXIS2_PLACEMENT_3D('',#4920,#4921,#4922);
#4920 = CARTESIAN_POINT('',(-2.65,0.43,0.3));
#4921 = DIRECTION('',(9.95799250103E-17,-1.,-0.));
#4922 = DIRECTION('',(-0.,0.,-1.));
#4923 = ORIENTED_EDGE('',*,*,#4924,.T.);
#4924 = EDGE_CURVE('',#4916,#4925,#4927,.T.);
#4925 = VERTEX_POINT('',#4926);
#4926 = CARTESIAN_POINT('',(-2.55,0.43,0.725));
#4927 = LINE('',#4928,#4929);
#4928 = CARTESIAN_POINT('',(-2.55,0.43,0.3));
#4929 = VECTOR('',#4930,1.);
#4930 = DIRECTION('',(0.,0.,1.));
#4931 = ORIENTED_EDGE('',*,*,#4932,.T.);
#4932 = EDGE_CURVE('',#4925,#4933,#4935,.T.);
#4933 = VERTEX_POINT('',#4934);
#4934 = CARTESIAN_POINT('',(-2.25,0.43,1.025));
#4935 = CIRCLE('',#4936,0.3);
#4936 = AXIS2_PLACEMENT_3D('',#4937,#4938,#4939);
#4937 = CARTESIAN_POINT('',(-2.25,0.43,0.725));
#4938 = DIRECTION('',(-9.95799250103E-17,1.,0.));
#4939 = DIRECTION('',(-1.,-9.95799250103E-17,3.700743415417E-16));
#4940 = ORIENTED_EDGE('',*,*,#4941,.T.);
#4941 = EDGE_CURVE('',#4933,#3524,#4942,.T.);
#4942 = LINE('',#4943,#4944);
#4943 = CARTESIAN_POINT('',(-2.25,0.43,1.025));
#4944 = VECTOR('',#4945,1.);
#4945 = DIRECTION('',(1.,9.95799250103E-17,0.));
#4946 = PLANE('',#4947);
#4947 = AXIS2_PLACEMENT_3D('',#4948,#4949,#4950);
#4948 = CARTESIAN_POINT('',(-2.41578967201,0.43,0.532659657565));
#4949 = DIRECTION('',(-9.95799250103E-17,1.,0.));
#4950 = DIRECTION('',(0.,0.,1.));
#4951 = ADVANCED_FACE('',(#4952),#4963,.F.);
#4952 = FACE_BOUND('',#4953,.F.);
#4953 = EDGE_LOOP('',(#4954,#4955,#4956,#4962));
#4954 = ORIENTED_EDGE('',*,*,#3500,.T.);
#4955 = ORIENTED_EDGE('',*,*,#4642,.T.);
#4956 = ORIENTED_EDGE('',*,*,#4957,.F.);
#4957 = EDGE_CURVE('',#4866,#4643,#4958,.T.);
#4958 = LINE('',#4959,#4960);
#4959 = CARTESIAN_POINT('',(-2.35,0.43,0.725));
#4960 = VECTOR('',#4961,1.);
#4961 = DIRECTION('',(-9.95799250103E-17,1.,0.));
#4962 = ORIENTED_EDGE('',*,*,#4865,.F.);
#4963 = CYLINDRICAL_SURFACE('',#4964,0.1);
#4964 = AXIS2_PLACEMENT_3D('',#4965,#4966,#4967);
#4965 = CARTESIAN_POINT('',(-2.25,0.43,0.725));
#4966 = DIRECTION('',(9.95799250103E-17,-1.,0.));
#4967 = DIRECTION('',(-4.440892098501E-15,-4.422237021476E-31,1.));
#4968 = ADVANCED_FACE('',(#4969),#4985,.F.);
#4969 = FACE_BOUND('',#4970,.F.);
#4970 = EDGE_LOOP('',(#4971,#4977,#4978,#4984));
#4971 = ORIENTED_EDGE('',*,*,#4972,.F.);
#4972 = EDGE_CURVE('',#3515,#3929,#4973,.T.);
#4973 = LINE('',#4974,#4975);
#4974 = CARTESIAN_POINT('',(-2.25,-0.43,1.025));
#4975 = VECTOR('',#4976,1.);
#4976 = DIRECTION('',(1.,9.95799250103E-17,0.));
#4977 = ORIENTED_EDGE('',*,*,#3531,.T.);
#4978 = ORIENTED_EDGE('',*,*,#4979,.T.);
#4979 = EDGE_CURVE('',#3524,#3937,#4980,.T.);
#4980 = LINE('',#4981,#4982);
#4981 = CARTESIAN_POINT('',(-2.25,0.43,1.025));
#4982 = VECTOR('',#4983,1.);
#4983 = DIRECTION('',(1.,9.95799250103E-17,0.));
#4984 = ORIENTED_EDGE('',*,*,#3936,.F.);
#4985 = B_SPLINE_SURFACE_WITH_KNOTS('',1,1,(
    (#4986,#4987)
    ,(#4988,#4989
    )),.UNSPECIFIED.,.F.,.F.,.F.,(2,2),(2,2),(0.,4.55),(0.,1.),
  .PIECEWISE_BEZIER_KNOTS.);
#4986 = CARTESIAN_POINT('',(-1.95,-2.275,1.025));
#4987 = CARTESIAN_POINT('',(-1.875,-2.2375,1.025));
#4988 = CARTESIAN_POINT('',(-1.95,2.275,1.025));
#4989 = CARTESIAN_POINT('',(-1.875,2.2375,1.025));
#4990 = ADVANCED_FACE('',(#4991),#4997,.F.);
#4991 = FACE_BOUND('',#4992,.F.);
#4992 = EDGE_LOOP('',(#4993,#4994,#4995,#4996));
#4993 = ORIENTED_EDGE('',*,*,#3547,.T.);
#4994 = ORIENTED_EDGE('',*,*,#3850,.T.);
#4995 = ORIENTED_EDGE('',*,*,#3879,.F.);
#4996 = ORIENTED_EDGE('',*,*,#4294,.F.);
#4997 = B_SPLINE_SURFACE_WITH_KNOTS('',1,1,(
    (#4998,#4999)
    ,(#5000,#5001
    )),.UNSPECIFIED.,.F.,.F.,.F.,(2,2),(2,2),(0.,0.247487373415),(0.,1.)
  ,.PIECEWISE_BEZIER_KNOTS.);
#4998 = CARTESIAN_POINT('',(-1.95,2.275,1.025));
#4999 = CARTESIAN_POINT('',(-1.875,2.2375,1.025));
#5000 = CARTESIAN_POINT('',(-1.775,2.45,1.025));
#5001 = CARTESIAN_POINT('',(-1.7375,2.375,1.025));
#5002 = ADVANCED_FACE('',(#5003),#5016,.F.);
#5003 = FACE_BOUND('',#5004,.F.);
#5004 = EDGE_LOOP('',(#5005,#5006,#5012,#5013,#5014,#5015));
#5005 = ORIENTED_EDGE('',*,*,#4181,.F.);
#5006 = ORIENTED_EDGE('',*,*,#5007,.T.);
#5007 = EDGE_CURVE('',#4173,#4395,#5008,.T.);
#5008 = LINE('',#5009,#5010);
#5009 = CARTESIAN_POINT('',(-2.25,-2.11,1.025));
#5010 = VECTOR('',#5011,1.);
#5011 = DIRECTION('',(-9.95799250103E-17,1.,0.));
#5012 = ORIENTED_EDGE('',*,*,#4403,.T.);
#5013 = ORIENTED_EDGE('',*,*,#4526,.T.);
#5014 = ORIENTED_EDGE('',*,*,#3912,.F.);
#5015 = ORIENTED_EDGE('',*,*,#4088,.F.);
#5016 = PLANE('',#5017);
#5017 = AXIS2_PLACEMENT_3D('',#5018,#5019,#5020);
#5018 = CARTESIAN_POINT('',(-2.25,-2.11,1.025));
#5019 = DIRECTION('',(-0.,0.,-1.));
#5020 = DIRECTION('',(1.,9.95799250103E-17,0.));
#5021 = ADVANCED_FACE('',(#5022),#5035,.F.);
#5022 = FACE_BOUND('',#5023,.F.);
#5023 = EDGE_LOOP('',(#5024,#5025,#5031,#5032,#5033,#5034));
#5024 = ORIENTED_EDGE('',*,*,#4626,.F.);
#5025 = ORIENTED_EDGE('',*,*,#5026,.T.);
#5026 = EDGE_CURVE('',#4618,#4841,#5027,.T.);
#5027 = LINE('',#5028,#5029);
#5028 = CARTESIAN_POINT('',(-2.25,-0.84,1.025));
#5029 = VECTOR('',#5030,1.);
#5030 = DIRECTION('',(-9.95799250103E-17,1.,0.));
#5031 = ORIENTED_EDGE('',*,*,#4849,.T.);
#5032 = ORIENTED_EDGE('',*,*,#4972,.T.);
#5033 = ORIENTED_EDGE('',*,*,#3928,.F.);
#5034 = ORIENTED_EDGE('',*,*,#4533,.F.);
#5035 = PLANE('',#5036);
#5036 = AXIS2_PLACEMENT_3D('',#5037,#5038,#5039);
#5037 = CARTESIAN_POINT('',(-2.25,-0.84,1.025));
#5038 = DIRECTION('',(-0.,0.,-1.));
#5039 = DIRECTION('',(1.,9.95799250103E-17,0.));
#5040 = ADVANCED_FACE('',(#5041),#5054,.F.);
#5041 = FACE_BOUND('',#5042,.F.);
#5042 = EDGE_LOOP('',(#5043,#5044,#5050,#5051,#5052,#5053));
#5043 = ORIENTED_EDGE('',*,*,#4495,.F.);
#5044 = ORIENTED_EDGE('',*,*,#5045,.T.);
#5045 = EDGE_CURVE('',#4487,#4265,#5046,.T.);
#5046 = LINE('',#5047,#5048);
#5047 = CARTESIAN_POINT('',(-2.25,1.7,1.025));
#5048 = VECTOR('',#5049,1.);
#5049 = DIRECTION('',(-9.95799250103E-17,1.,0.));
#5050 = ORIENTED_EDGE('',*,*,#4273,.T.);
#5051 = ORIENTED_EDGE('',*,*,#4287,.T.);
#5052 = ORIENTED_EDGE('',*,*,#3960,.F.);
#5053 = ORIENTED_EDGE('',*,*,#4739,.F.);
#5054 = PLANE('',#5055);
#5055 = AXIS2_PLACEMENT_3D('',#5056,#5057,#5058);
#5056 = CARTESIAN_POINT('',(-2.25,1.7,1.025));
#5057 = DIRECTION('',(-0.,0.,-1.));
#5058 = DIRECTION('',(1.,9.95799250103E-17,0.));
#5059 = ADVANCED_FACE('',(#5060),#5073,.F.);
#5060 = FACE_BOUND('',#5061,.F.);
#5061 = EDGE_LOOP('',(#5062,#5063,#5069,#5070,#5071,#5072));
#5062 = ORIENTED_EDGE('',*,*,#4941,.F.);
#5063 = ORIENTED_EDGE('',*,*,#5064,.T.);
#5064 = EDGE_CURVE('',#4933,#4710,#5065,.T.);
#5065 = LINE('',#5066,#5067);
#5066 = CARTESIAN_POINT('',(-2.25,0.43,1.025));
#5067 = VECTOR('',#5068,1.);
#5068 = DIRECTION('',(-9.95799250103E-17,1.,0.));
#5069 = ORIENTED_EDGE('',*,*,#4718,.T.);
#5070 = ORIENTED_EDGE('',*,*,#4732,.T.);
#5071 = ORIENTED_EDGE('',*,*,#3944,.F.);
#5072 = ORIENTED_EDGE('',*,*,#4979,.F.);
#5073 = PLANE('',#5074);
#5074 = AXIS2_PLACEMENT_3D('',#5075,#5076,#5077);
#5075 = CARTESIAN_POINT('',(-2.25,0.43,1.025));
#5076 = DIRECTION('',(-0.,0.,-1.));
#5077 = DIRECTION('',(1.,9.95799250103E-17,0.));
#5078 = ADVANCED_FACE('',(#5079),#5082,.T.);
#5079 = FACE_BOUND('',#5080,.T.);
#5080 = EDGE_LOOP('',(#5081));
#5081 = ORIENTED_EDGE('',*,*,#4029,.T.);
#5082 = PLANE('',#5083);
#5083 = AXIS2_PLACEMENT_3D('',#5084,#5085,#5086);
#5084 = CARTESIAN_POINT('',(-1.110171280765,1.610171280765,1.7));
#5085 = DIRECTION('',(0.,0.,1.));
#5086 = DIRECTION('',(2.22044604925E-16,-1.,0.));
#5087 = ADVANCED_FACE('',(#5088),#5099,.T.);
#5088 = FACE_BOUND('',#5089,.T.);
#5089 = EDGE_LOOP('',(#5090,#5091,#5092,#5093));
#5090 = ORIENTED_EDGE('',*,*,#4172,.T.);
#5091 = ORIENTED_EDGE('',*,*,#5007,.T.);
#5092 = ORIENTED_EDGE('',*,*,#4394,.F.);
#5093 = ORIENTED_EDGE('',*,*,#5094,.F.);
#5094 = EDGE_CURVE('',#4165,#4387,#5095,.T.);
#5095 = LINE('',#5096,#5097);
#5096 = CARTESIAN_POINT('',(-2.55,-2.11,0.725));
#5097 = VECTOR('',#5098,1.);
#5098 = DIRECTION('',(-9.95799250103E-17,1.,0.));
#5099 = CYLINDRICAL_SURFACE('',#5100,0.3);
#5100 = AXIS2_PLACEMENT_3D('',#5101,#5102,#5103);
#5101 = CARTESIAN_POINT('',(-2.25,-2.11,0.725));
#5102 = DIRECTION('',(9.95799250103E-17,-1.,-0.));
#5103 = DIRECTION('',(-1.,-9.95799250103E-17,3.700743415417E-16));
#5104 = ADVANCED_FACE('',(#5105),#5116,.F.);
#5105 = FACE_BOUND('',#5106,.F.);
#5106 = EDGE_LOOP('',(#5107,#5113,#5114,#5115));
#5107 = ORIENTED_EDGE('',*,*,#5108,.T.);
#5108 = EDGE_CURVE('',#4156,#4378,#5109,.T.);
#5109 = LINE('',#5110,#5111);
#5110 = CARTESIAN_POINT('',(-2.55,-2.11,0.3));
#5111 = VECTOR('',#5112,1.);
#5112 = DIRECTION('',(-9.95799250103E-17,1.,0.));
#5113 = ORIENTED_EDGE('',*,*,#4386,.T.);
#5114 = ORIENTED_EDGE('',*,*,#5094,.F.);
#5115 = ORIENTED_EDGE('',*,*,#4164,.F.);
#5116 = PLANE('',#5117);
#5117 = AXIS2_PLACEMENT_3D('',#5118,#5119,#5120);
#5118 = CARTESIAN_POINT('',(-2.55,-2.11,0.3));
#5119 = DIRECTION('',(1.,9.95799250103E-17,0.));
#5120 = DIRECTION('',(0.,-0.,1.));
#5121 = ADVANCED_FACE('',(#5122),#5133,.F.);
#5122 = FACE_BOUND('',#5123,.F.);
#5123 = EDGE_LOOP('',(#5124,#5130,#5131,#5132));
#5124 = ORIENTED_EDGE('',*,*,#5125,.T.);
#5125 = EDGE_CURVE('',#4148,#4370,#5126,.T.);
#5126 = LINE('',#5127,#5128);
#5127 = CARTESIAN_POINT('',(-2.65,-2.11,0.2));
#5128 = VECTOR('',#5129,1.);
#5129 = DIRECTION('',(-9.95799250103E-17,1.,0.));
#5130 = ORIENTED_EDGE('',*,*,#4377,.T.);
#5131 = ORIENTED_EDGE('',*,*,#5108,.F.);
#5132 = ORIENTED_EDGE('',*,*,#4155,.F.);
#5133 = CYLINDRICAL_SURFACE('',#5134,0.1);
#5134 = AXIS2_PLACEMENT_3D('',#5135,#5136,#5137);
#5135 = CARTESIAN_POINT('',(-2.65,-2.11,0.3));
#5136 = DIRECTION('',(9.95799250103E-17,-1.,0.));
#5137 = DIRECTION('',(0.,-0.,-1.));
#5138 = ADVANCED_FACE('',(#5139),#5150,.F.);
#5139 = FACE_BOUND('',#5140,.F.);
#5140 = EDGE_LOOP('',(#5141,#5147,#5148,#5149));
#5141 = ORIENTED_EDGE('',*,*,#5142,.T.);
#5142 = EDGE_CURVE('',#4140,#4362,#5143,.T.);
#5143 = LINE('',#5144,#5145);
#5144 = CARTESIAN_POINT('',(-3.,-2.11,0.2));
#5145 = VECTOR('',#5146,1.);
#5146 = DIRECTION('',(-9.95799250103E-17,1.,0.));
#5147 = ORIENTED_EDGE('',*,*,#4369,.T.);
#5148 = ORIENTED_EDGE('',*,*,#5125,.F.);
#5149 = ORIENTED_EDGE('',*,*,#4147,.F.);
#5150 = PLANE('',#5151);
#5151 = AXIS2_PLACEMENT_3D('',#5152,#5153,#5154);
#5152 = CARTESIAN_POINT('',(-3.,-2.11,0.2));
#5153 = DIRECTION('',(-0.,0.,-1.));
#5154 = DIRECTION('',(1.,9.95799250103E-17,0.));
#5155 = ADVANCED_FACE('',(#5156),#5167,.F.);
#5156 = FACE_BOUND('',#5157,.F.);
#5157 = EDGE_LOOP('',(#5158,#5164,#5165,#5166));
#5158 = ORIENTED_EDGE('',*,*,#5159,.T.);
#5159 = EDGE_CURVE('',#4132,#4354,#5160,.T.);
#5160 = LINE('',#5161,#5162);
#5161 = CARTESIAN_POINT('',(-3.,-2.11,5.551115123126E-17));
#5162 = VECTOR('',#5163,1.);
#5163 = DIRECTION('',(-9.95799250103E-17,1.,0.));
#5164 = ORIENTED_EDGE('',*,*,#4361,.T.);
#5165 = ORIENTED_EDGE('',*,*,#5142,.F.);
#5166 = ORIENTED_EDGE('',*,*,#4139,.F.);
#5167 = PLANE('',#5168);
#5168 = AXIS2_PLACEMENT_3D('',#5169,#5170,#5171);
#5169 = CARTESIAN_POINT('',(-3.,-2.11,5.551115123126E-17));
#5170 = DIRECTION('',(1.,9.95799250103E-17,0.));
#5171 = DIRECTION('',(0.,-0.,1.));
#5172 = ADVANCED_FACE('',(#5173),#5184,.F.);
#5173 = FACE_BOUND('',#5174,.F.);
#5174 = EDGE_LOOP('',(#5175,#5181,#5182,#5183));
#5175 = ORIENTED_EDGE('',*,*,#5176,.T.);
#5176 = EDGE_CURVE('',#4123,#4345,#5177,.T.);
#5177 = LINE('',#5178,#5179);
#5178 = CARTESIAN_POINT('',(-2.65,-2.11,5.551115123126E-17));
#5179 = VECTOR('',#5180,1.);
#5180 = DIRECTION('',(-9.95799250103E-17,1.,0.));
#5181 = ORIENTED_EDGE('',*,*,#4353,.T.);
#5182 = ORIENTED_EDGE('',*,*,#5159,.F.);
#5183 = ORIENTED_EDGE('',*,*,#4131,.F.);
#5184 = PLANE('',#5185);
#5185 = AXIS2_PLACEMENT_3D('',#5186,#5187,#5188);
#5186 = CARTESIAN_POINT('',(-2.65,-2.11,5.551115123126E-17));
#5187 = DIRECTION('',(0.,0.,1.));
#5188 = DIRECTION('',(-1.,-9.95799250103E-17,0.));
#5189 = ADVANCED_FACE('',(#5190),#5201,.T.);
#5190 = FACE_BOUND('',#5191,.T.);
#5191 = EDGE_LOOP('',(#5192,#5193,#5194,#5195));
#5192 = ORIENTED_EDGE('',*,*,#4122,.T.);
#5193 = ORIENTED_EDGE('',*,*,#5176,.T.);
#5194 = ORIENTED_EDGE('',*,*,#4344,.F.);
#5195 = ORIENTED_EDGE('',*,*,#5196,.F.);
#5196 = EDGE_CURVE('',#4115,#4337,#5197,.T.);
#5197 = LINE('',#5198,#5199);
#5198 = CARTESIAN_POINT('',(-2.35,-2.11,0.3));
#5199 = VECTOR('',#5200,1.);
#5200 = DIRECTION('',(-9.95799250103E-17,1.,0.));
#5201 = CYLINDRICAL_SURFACE('',#5202,0.3);
#5202 = AXIS2_PLACEMENT_3D('',#5203,#5204,#5205);
#5203 = CARTESIAN_POINT('',(-2.65,-2.11,0.3));
#5204 = DIRECTION('',(9.95799250103E-17,-1.,-0.));
#5205 = DIRECTION('',(1.,9.95799250103E-17,3.515706244646E-15));
#5206 = ADVANCED_FACE('',(#5207),#5213,.F.);
#5207 = FACE_BOUND('',#5208,.F.);
#5208 = EDGE_LOOP('',(#5209,#5210,#5211,#5212));
#5209 = ORIENTED_EDGE('',*,*,#4318,.T.);
#5210 = ORIENTED_EDGE('',*,*,#4336,.T.);
#5211 = ORIENTED_EDGE('',*,*,#5196,.F.);
#5212 = ORIENTED_EDGE('',*,*,#4114,.F.);
#5213 = PLANE('',#5214);
#5214 = AXIS2_PLACEMENT_3D('',#5215,#5216,#5217);
#5215 = CARTESIAN_POINT('',(-2.35,-2.11,0.725));
#5216 = DIRECTION('',(-1.,-9.95799250103E-17,1.044915787883E-15));
#5217 = DIRECTION('',(-1.044915787883E-15,-1.040526357994E-31,-1.));
#5218 = ADVANCED_FACE('',(#5219),#5230,.T.);
#5219 = FACE_BOUND('',#5220,.T.);
#5220 = EDGE_LOOP('',(#5221,#5222,#5223,#5224));
#5221 = ORIENTED_EDGE('',*,*,#4486,.T.);
#5222 = ORIENTED_EDGE('',*,*,#5045,.T.);
#5223 = ORIENTED_EDGE('',*,*,#4264,.F.);
#5224 = ORIENTED_EDGE('',*,*,#5225,.F.);
#5225 = EDGE_CURVE('',#4479,#4257,#5226,.T.);
#5226 = LINE('',#5227,#5228);
#5227 = CARTESIAN_POINT('',(-2.55,1.7,0.725));
#5228 = VECTOR('',#5229,1.);
#5229 = DIRECTION('',(-9.95799250103E-17,1.,0.));
#5230 = CYLINDRICAL_SURFACE('',#5231,0.3);
#5231 = AXIS2_PLACEMENT_3D('',#5232,#5233,#5234);
#5232 = CARTESIAN_POINT('',(-2.25,1.7,0.725));
#5233 = DIRECTION('',(9.95799250103E-17,-1.,-0.));
#5234 = DIRECTION('',(-1.,-9.95799250103E-17,3.700743415417E-16));
#5235 = ADVANCED_FACE('',(#5236),#5247,.F.);
#5236 = FACE_BOUND('',#5237,.F.);
#5237 = EDGE_LOOP('',(#5238,#5244,#5245,#5246));
#5238 = ORIENTED_EDGE('',*,*,#5239,.T.);
#5239 = EDGE_CURVE('',#4470,#4248,#5240,.T.);
#5240 = LINE('',#5241,#5242);
#5241 = CARTESIAN_POINT('',(-2.55,1.7,0.3));
#5242 = VECTOR('',#5243,1.);
#5243 = DIRECTION('',(-9.95799250103E-17,1.,0.));
#5244 = ORIENTED_EDGE('',*,*,#4256,.T.);
#5245 = ORIENTED_EDGE('',*,*,#5225,.F.);
#5246 = ORIENTED_EDGE('',*,*,#4478,.F.);
#5247 = PLANE('',#5248);
#5248 = AXIS2_PLACEMENT_3D('',#5249,#5250,#5251);
#5249 = CARTESIAN_POINT('',(-2.55,1.7,0.3));
#5250 = DIRECTION('',(1.,9.95799250103E-17,0.));
#5251 = DIRECTION('',(0.,-0.,1.));
#5252 = ADVANCED_FACE('',(#5253),#5264,.F.);
#5253 = FACE_BOUND('',#5254,.F.);
#5254 = EDGE_LOOP('',(#5255,#5261,#5262,#5263));
#5255 = ORIENTED_EDGE('',*,*,#5256,.T.);
#5256 = EDGE_CURVE('',#4462,#4240,#5257,.T.);
#5257 = LINE('',#5258,#5259);
#5258 = CARTESIAN_POINT('',(-2.65,1.7,0.2));
#5259 = VECTOR('',#5260,1.);
#5260 = DIRECTION('',(-9.95799250103E-17,1.,0.));
#5261 = ORIENTED_EDGE('',*,*,#4247,.T.);
#5262 = ORIENTED_EDGE('',*,*,#5239,.F.);
#5263 = ORIENTED_EDGE('',*,*,#4469,.F.);
#5264 = CYLINDRICAL_SURFACE('',#5265,0.1);
#5265 = AXIS2_PLACEMENT_3D('',#5266,#5267,#5268);
#5266 = CARTESIAN_POINT('',(-2.65,1.7,0.3));
#5267 = DIRECTION('',(9.95799250103E-17,-1.,0.));
#5268 = DIRECTION('',(0.,-0.,-1.));
#5269 = ADVANCED_FACE('',(#5270),#5281,.F.);
#5270 = FACE_BOUND('',#5271,.F.);
#5271 = EDGE_LOOP('',(#5272,#5278,#5279,#5280));
#5272 = ORIENTED_EDGE('',*,*,#5273,.T.);
#5273 = EDGE_CURVE('',#4454,#4232,#5274,.T.);
#5274 = LINE('',#5275,#5276);
#5275 = CARTESIAN_POINT('',(-3.,1.7,0.2));
#5276 = VECTOR('',#5277,1.);
#5277 = DIRECTION('',(-9.95799250103E-17,1.,0.));
#5278 = ORIENTED_EDGE('',*,*,#4239,.T.);
#5279 = ORIENTED_EDGE('',*,*,#5256,.F.);
#5280 = ORIENTED_EDGE('',*,*,#4461,.F.);
#5281 = PLANE('',#5282);
#5282 = AXIS2_PLACEMENT_3D('',#5283,#5284,#5285);
#5283 = CARTESIAN_POINT('',(-3.,1.7,0.2));
#5284 = DIRECTION('',(-0.,0.,-1.));
#5285 = DIRECTION('',(1.,9.95799250103E-17,0.));
#5286 = ADVANCED_FACE('',(#5287),#5298,.F.);
#5287 = FACE_BOUND('',#5288,.F.);
#5288 = EDGE_LOOP('',(#5289,#5295,#5296,#5297));
#5289 = ORIENTED_EDGE('',*,*,#5290,.T.);
#5290 = EDGE_CURVE('',#4446,#4224,#5291,.T.);
#5291 = LINE('',#5292,#5293);
#5292 = CARTESIAN_POINT('',(-3.,1.7,5.551115123126E-17));
#5293 = VECTOR('',#5294,1.);
#5294 = DIRECTION('',(-9.95799250103E-17,1.,0.));
#5295 = ORIENTED_EDGE('',*,*,#4231,.T.);
#5296 = ORIENTED_EDGE('',*,*,#5273,.F.);
#5297 = ORIENTED_EDGE('',*,*,#4453,.F.);
#5298 = PLANE('',#5299);
#5299 = AXIS2_PLACEMENT_3D('',#5300,#5301,#5302);
#5300 = CARTESIAN_POINT('',(-3.,1.7,5.551115123126E-17));
#5301 = DIRECTION('',(1.,9.95799250103E-17,0.));
#5302 = DIRECTION('',(0.,-0.,1.));
#5303 = ADVANCED_FACE('',(#5304),#5315,.F.);
#5304 = FACE_BOUND('',#5305,.F.);
#5305 = EDGE_LOOP('',(#5306,#5312,#5313,#5314));
#5306 = ORIENTED_EDGE('',*,*,#5307,.T.);
#5307 = EDGE_CURVE('',#4437,#4215,#5308,.T.);
#5308 = LINE('',#5309,#5310);
#5309 = CARTESIAN_POINT('',(-2.65,1.7,5.551115123126E-17));
#5310 = VECTOR('',#5311,1.);
#5311 = DIRECTION('',(-9.95799250103E-17,1.,0.));
#5312 = ORIENTED_EDGE('',*,*,#4223,.T.);
#5313 = ORIENTED_EDGE('',*,*,#5290,.F.);
#5314 = ORIENTED_EDGE('',*,*,#4445,.F.);
#5315 = PLANE('',#5316);
#5316 = AXIS2_PLACEMENT_3D('',#5317,#5318,#5319);
#5317 = CARTESIAN_POINT('',(-2.65,1.7,5.551115123126E-17));
#5318 = DIRECTION('',(0.,0.,1.));
#5319 = DIRECTION('',(-1.,-9.95799250103E-17,0.));
#5320 = ADVANCED_FACE('',(#5321),#5332,.T.);
#5321 = FACE_BOUND('',#5322,.T.);
#5322 = EDGE_LOOP('',(#5323,#5324,#5325,#5326));
#5323 = ORIENTED_EDGE('',*,*,#4436,.T.);
#5324 = ORIENTED_EDGE('',*,*,#5307,.T.);
#5325 = ORIENTED_EDGE('',*,*,#4214,.F.);
#5326 = ORIENTED_EDGE('',*,*,#5327,.F.);
#5327 = EDGE_CURVE('',#4429,#4207,#5328,.T.);
#5328 = LINE('',#5329,#5330);
#5329 = CARTESIAN_POINT('',(-2.35,1.7,0.3));
#5330 = VECTOR('',#5331,1.);
#5331 = DIRECTION('',(-9.95799250103E-17,1.,0.));
#5332 = CYLINDRICAL_SURFACE('',#5333,0.3);
#5333 = AXIS2_PLACEMENT_3D('',#5334,#5335,#5336);
#5334 = CARTESIAN_POINT('',(-2.65,1.7,0.3));
#5335 = DIRECTION('',(9.95799250103E-17,-1.,-0.));
#5336 = DIRECTION('',(1.,9.95799250103E-17,3.515706244646E-15));
#5337 = ADVANCED_FACE('',(#5338),#5344,.F.);
#5338 = FACE_BOUND('',#5339,.F.);
#5339 = EDGE_LOOP('',(#5340,#5341,#5342,#5343));
#5340 = ORIENTED_EDGE('',*,*,#4511,.T.);
#5341 = ORIENTED_EDGE('',*,*,#4206,.T.);
#5342 = ORIENTED_EDGE('',*,*,#5327,.F.);
#5343 = ORIENTED_EDGE('',*,*,#4428,.F.);
#5344 = PLANE('',#5345);
#5345 = AXIS2_PLACEMENT_3D('',#5346,#5347,#5348);
#5346 = CARTESIAN_POINT('',(-2.35,1.7,0.725));
#5347 = DIRECTION('',(-1.,-9.95799250103E-17,1.044915787883E-15));
#5348 = DIRECTION('',(-1.044915787883E-15,-1.040526357994E-31,-1.));
#5349 = ADVANCED_FACE('',(#5350),#5361,.T.);
#5350 = FACE_BOUND('',#5351,.T.);
#5351 = EDGE_LOOP('',(#5352,#5353,#5354,#5355));
#5352 = ORIENTED_EDGE('',*,*,#4617,.T.);
#5353 = ORIENTED_EDGE('',*,*,#5026,.T.);
#5354 = ORIENTED_EDGE('',*,*,#4840,.F.);
#5355 = ORIENTED_EDGE('',*,*,#5356,.F.);
#5356 = EDGE_CURVE('',#4610,#4833,#5357,.T.);
#5357 = LINE('',#5358,#5359);
#5358 = CARTESIAN_POINT('',(-2.55,-0.84,0.725));
#5359 = VECTOR('',#5360,1.);
#5360 = DIRECTION('',(-9.95799250103E-17,1.,0.));
#5361 = CYLINDRICAL_SURFACE('',#5362,0.3);
#5362 = AXIS2_PLACEMENT_3D('',#5363,#5364,#5365);
#5363 = CARTESIAN_POINT('',(-2.25,-0.84,0.725));
#5364 = DIRECTION('',(9.95799250103E-17,-1.,-0.));
#5365 = DIRECTION('',(-1.,-9.95799250103E-17,3.700743415417E-16));
#5366 = ADVANCED_FACE('',(#5367),#5378,.F.);
#5367 = FACE_BOUND('',#5368,.F.);
#5368 = EDGE_LOOP('',(#5369,#5375,#5376,#5377));
#5369 = ORIENTED_EDGE('',*,*,#5370,.T.);
#5370 = EDGE_CURVE('',#4601,#4824,#5371,.T.);
#5371 = LINE('',#5372,#5373);
#5372 = CARTESIAN_POINT('',(-2.55,-0.84,0.3));
#5373 = VECTOR('',#5374,1.);
#5374 = DIRECTION('',(-9.95799250103E-17,1.,0.));
#5375 = ORIENTED_EDGE('',*,*,#4832,.T.);
#5376 = ORIENTED_EDGE('',*,*,#5356,.F.);
#5377 = ORIENTED_EDGE('',*,*,#4609,.F.);
#5378 = PLANE('',#5379);
#5379 = AXIS2_PLACEMENT_3D('',#5380,#5381,#5382);
#5380 = CARTESIAN_POINT('',(-2.55,-0.84,0.3));
#5381 = DIRECTION('',(1.,9.95799250103E-17,0.));
#5382 = DIRECTION('',(0.,-0.,1.));
#5383 = ADVANCED_FACE('',(#5384),#5395,.F.);
#5384 = FACE_BOUND('',#5385,.F.);
#5385 = EDGE_LOOP('',(#5386,#5392,#5393,#5394));
#5386 = ORIENTED_EDGE('',*,*,#5387,.T.);
#5387 = EDGE_CURVE('',#4593,#4816,#5388,.T.);
#5388 = LINE('',#5389,#5390);
#5389 = CARTESIAN_POINT('',(-2.65,-0.84,0.2));
#5390 = VECTOR('',#5391,1.);
#5391 = DIRECTION('',(-9.95799250103E-17,1.,0.));
#5392 = ORIENTED_EDGE('',*,*,#4823,.T.);
#5393 = ORIENTED_EDGE('',*,*,#5370,.F.);
#5394 = ORIENTED_EDGE('',*,*,#4600,.F.);
#5395 = CYLINDRICAL_SURFACE('',#5396,0.1);
#5396 = AXIS2_PLACEMENT_3D('',#5397,#5398,#5399);
#5397 = CARTESIAN_POINT('',(-2.65,-0.84,0.3));
#5398 = DIRECTION('',(9.95799250103E-17,-1.,0.));
#5399 = DIRECTION('',(0.,-0.,-1.));
#5400 = ADVANCED_FACE('',(#5401),#5412,.F.);
#5401 = FACE_BOUND('',#5402,.F.);
#5402 = EDGE_LOOP('',(#5403,#5409,#5410,#5411));
#5403 = ORIENTED_EDGE('',*,*,#5404,.T.);
#5404 = EDGE_CURVE('',#4585,#4808,#5405,.T.);
#5405 = LINE('',#5406,#5407);
#5406 = CARTESIAN_POINT('',(-3.,-0.84,0.2));
#5407 = VECTOR('',#5408,1.);
#5408 = DIRECTION('',(-9.95799250103E-17,1.,0.));
#5409 = ORIENTED_EDGE('',*,*,#4815,.T.);
#5410 = ORIENTED_EDGE('',*,*,#5387,.F.);
#5411 = ORIENTED_EDGE('',*,*,#4592,.F.);
#5412 = PLANE('',#5413);
#5413 = AXIS2_PLACEMENT_3D('',#5414,#5415,#5416);
#5414 = CARTESIAN_POINT('',(-3.,-0.84,0.2));
#5415 = DIRECTION('',(-0.,0.,-1.));
#5416 = DIRECTION('',(1.,9.95799250103E-17,0.));
#5417 = ADVANCED_FACE('',(#5418),#5429,.F.);
#5418 = FACE_BOUND('',#5419,.F.);
#5419 = EDGE_LOOP('',(#5420,#5426,#5427,#5428));
#5420 = ORIENTED_EDGE('',*,*,#5421,.T.);
#5421 = EDGE_CURVE('',#4577,#4800,#5422,.T.);
#5422 = LINE('',#5423,#5424);
#5423 = CARTESIAN_POINT('',(-3.,-0.84,5.551115123126E-17));
#5424 = VECTOR('',#5425,1.);
#5425 = DIRECTION('',(-9.95799250103E-17,1.,0.));
#5426 = ORIENTED_EDGE('',*,*,#4807,.T.);
#5427 = ORIENTED_EDGE('',*,*,#5404,.F.);
#5428 = ORIENTED_EDGE('',*,*,#4584,.F.);
#5429 = PLANE('',#5430);
#5430 = AXIS2_PLACEMENT_3D('',#5431,#5432,#5433);
#5431 = CARTESIAN_POINT('',(-3.,-0.84,5.551115123126E-17));
#5432 = DIRECTION('',(1.,9.95799250103E-17,0.));
#5433 = DIRECTION('',(0.,-0.,1.));
#5434 = ADVANCED_FACE('',(#5435),#5446,.F.);
#5435 = FACE_BOUND('',#5436,.F.);
#5436 = EDGE_LOOP('',(#5437,#5443,#5444,#5445));
#5437 = ORIENTED_EDGE('',*,*,#5438,.T.);
#5438 = EDGE_CURVE('',#4568,#4791,#5439,.T.);
#5439 = LINE('',#5440,#5441);
#5440 = CARTESIAN_POINT('',(-2.65,-0.84,5.551115123126E-17));
#5441 = VECTOR('',#5442,1.);
#5442 = DIRECTION('',(-9.95799250103E-17,1.,0.));
#5443 = ORIENTED_EDGE('',*,*,#4799,.T.);
#5444 = ORIENTED_EDGE('',*,*,#5421,.F.);
#5445 = ORIENTED_EDGE('',*,*,#4576,.F.);
#5446 = PLANE('',#5447);
#5447 = AXIS2_PLACEMENT_3D('',#5448,#5449,#5450);
#5448 = CARTESIAN_POINT('',(-2.65,-0.84,5.551115123126E-17));
#5449 = DIRECTION('',(0.,0.,1.));
#5450 = DIRECTION('',(-1.,-9.95799250103E-17,0.));
#5451 = ADVANCED_FACE('',(#5452),#5463,.T.);
#5452 = FACE_BOUND('',#5453,.T.);
#5453 = EDGE_LOOP('',(#5454,#5455,#5456,#5457));
#5454 = ORIENTED_EDGE('',*,*,#4567,.T.);
#5455 = ORIENTED_EDGE('',*,*,#5438,.T.);
#5456 = ORIENTED_EDGE('',*,*,#4790,.F.);
#5457 = ORIENTED_EDGE('',*,*,#5458,.F.);
#5458 = EDGE_CURVE('',#4560,#4783,#5459,.T.);
#5459 = LINE('',#5460,#5461);
#5460 = CARTESIAN_POINT('',(-2.35,-0.84,0.3));
#5461 = VECTOR('',#5462,1.);
#5462 = DIRECTION('',(-9.95799250103E-17,1.,0.));
#5463 = CYLINDRICAL_SURFACE('',#5464,0.3);
#5464 = AXIS2_PLACEMENT_3D('',#5465,#5466,#5467);
#5465 = CARTESIAN_POINT('',(-2.65,-0.84,0.3));
#5466 = DIRECTION('',(9.95799250103E-17,-1.,-0.));
#5467 = DIRECTION('',(1.,9.95799250103E-17,3.515706244646E-15));
#5468 = ADVANCED_FACE('',(#5469),#5475,.F.);
#5469 = FACE_BOUND('',#5470,.F.);
#5470 = EDGE_LOOP('',(#5471,#5472,#5473,#5474));
#5471 = ORIENTED_EDGE('',*,*,#4764,.T.);
#5472 = ORIENTED_EDGE('',*,*,#4782,.T.);
#5473 = ORIENTED_EDGE('',*,*,#5458,.F.);
#5474 = ORIENTED_EDGE('',*,*,#4559,.F.);
#5475 = PLANE('',#5476);
#5476 = AXIS2_PLACEMENT_3D('',#5477,#5478,#5479);
#5477 = CARTESIAN_POINT('',(-2.35,-0.84,0.725));
#5478 = DIRECTION('',(-1.,-9.95799250103E-17,1.044915787883E-15));
#5479 = DIRECTION('',(-1.044915787883E-15,-1.040526357994E-31,-1.));
#5480 = ADVANCED_FACE('',(#5481),#5492,.T.);
#5481 = FACE_BOUND('',#5482,.T.);
#5482 = EDGE_LOOP('',(#5483,#5484,#5485,#5486));
#5483 = ORIENTED_EDGE('',*,*,#4932,.T.);
#5484 = ORIENTED_EDGE('',*,*,#5064,.T.);
#5485 = ORIENTED_EDGE('',*,*,#4709,.F.);
#5486 = ORIENTED_EDGE('',*,*,#5487,.F.);
#5487 = EDGE_CURVE('',#4925,#4702,#5488,.T.);
#5488 = LINE('',#5489,#5490);
#5489 = CARTESIAN_POINT('',(-2.55,0.43,0.725));
#5490 = VECTOR('',#5491,1.);
#5491 = DIRECTION('',(-9.95799250103E-17,1.,0.));
#5492 = CYLINDRICAL_SURFACE('',#5493,0.3);
#5493 = AXIS2_PLACEMENT_3D('',#5494,#5495,#5496);
#5494 = CARTESIAN_POINT('',(-2.25,0.43,0.725));
#5495 = DIRECTION('',(9.95799250103E-17,-1.,-0.));
#5496 = DIRECTION('',(-1.,-9.95799250103E-17,3.700743415417E-16));
#5497 = ADVANCED_FACE('',(#5498),#5509,.F.);
#5498 = FACE_BOUND('',#5499,.F.);
#5499 = EDGE_LOOP('',(#5500,#5506,#5507,#5508));
#5500 = ORIENTED_EDGE('',*,*,#5501,.T.);
#5501 = EDGE_CURVE('',#4916,#4693,#5502,.T.);
#5502 = LINE('',#5503,#5504);
#5503 = CARTESIAN_POINT('',(-2.55,0.43,0.3));
#5504 = VECTOR('',#5505,1.);
#5505 = DIRECTION('',(-9.95799250103E-17,1.,0.));
#5506 = ORIENTED_EDGE('',*,*,#4701,.T.);
#5507 = ORIENTED_EDGE('',*,*,#5487,.F.);
#5508 = ORIENTED_EDGE('',*,*,#4924,.F.);
#5509 = PLANE('',#5510);
#5510 = AXIS2_PLACEMENT_3D('',#5511,#5512,#5513);
#5511 = CARTESIAN_POINT('',(-2.55,0.43,0.3));
#5512 = DIRECTION('',(1.,9.95799250103E-17,0.));
#5513 = DIRECTION('',(0.,-0.,1.));
#5514 = ADVANCED_FACE('',(#5515),#5526,.F.);
#5515 = FACE_BOUND('',#5516,.F.);
#5516 = EDGE_LOOP('',(#5517,#5523,#5524,#5525));
#5517 = ORIENTED_EDGE('',*,*,#5518,.T.);
#5518 = EDGE_CURVE('',#4908,#4685,#5519,.T.);
#5519 = LINE('',#5520,#5521);
#5520 = CARTESIAN_POINT('',(-2.65,0.43,0.2));
#5521 = VECTOR('',#5522,1.);
#5522 = DIRECTION('',(-9.95799250103E-17,1.,0.));
#5523 = ORIENTED_EDGE('',*,*,#4692,.T.);
#5524 = ORIENTED_EDGE('',*,*,#5501,.F.);
#5525 = ORIENTED_EDGE('',*,*,#4915,.F.);
#5526 = CYLINDRICAL_SURFACE('',#5527,0.1);
#5527 = AXIS2_PLACEMENT_3D('',#5528,#5529,#5530);
#5528 = CARTESIAN_POINT('',(-2.65,0.43,0.3));
#5529 = DIRECTION('',(9.95799250103E-17,-1.,0.));
#5530 = DIRECTION('',(0.,-0.,-1.));
#5531 = ADVANCED_FACE('',(#5532),#5543,.F.);
#5532 = FACE_BOUND('',#5533,.F.);
#5533 = EDGE_LOOP('',(#5534,#5540,#5541,#5542));
#5534 = ORIENTED_EDGE('',*,*,#5535,.T.);
#5535 = EDGE_CURVE('',#4900,#4677,#5536,.T.);
#5536 = LINE('',#5537,#5538);
#5537 = CARTESIAN_POINT('',(-3.,0.43,0.2));
#5538 = VECTOR('',#5539,1.);
#5539 = DIRECTION('',(-9.95799250103E-17,1.,0.));
#5540 = ORIENTED_EDGE('',*,*,#4684,.T.);
#5541 = ORIENTED_EDGE('',*,*,#5518,.F.);
#5542 = ORIENTED_EDGE('',*,*,#4907,.F.);
#5543 = PLANE('',#5544);
#5544 = AXIS2_PLACEMENT_3D('',#5545,#5546,#5547);
#5545 = CARTESIAN_POINT('',(-3.,0.43,0.2));
#5546 = DIRECTION('',(-0.,0.,-1.));
#5547 = DIRECTION('',(1.,9.95799250103E-17,0.));
#5548 = ADVANCED_FACE('',(#5549),#5560,.F.);
#5549 = FACE_BOUND('',#5550,.F.);
#5550 = EDGE_LOOP('',(#5551,#5557,#5558,#5559));
#5551 = ORIENTED_EDGE('',*,*,#5552,.T.);
#5552 = EDGE_CURVE('',#4892,#4669,#5553,.T.);
#5553 = LINE('',#5554,#5555);
#5554 = CARTESIAN_POINT('',(-3.,0.43,5.551115123126E-17));
#5555 = VECTOR('',#5556,1.);
#5556 = DIRECTION('',(-9.95799250103E-17,1.,0.));
#5557 = ORIENTED_EDGE('',*,*,#4676,.T.);
#5558 = ORIENTED_EDGE('',*,*,#5535,.F.);
#5559 = ORIENTED_EDGE('',*,*,#4899,.F.);
#5560 = PLANE('',#5561);
#5561 = AXIS2_PLACEMENT_3D('',#5562,#5563,#5564);
#5562 = CARTESIAN_POINT('',(-3.,0.43,5.551115123126E-17));
#5563 = DIRECTION('',(1.,9.95799250103E-17,0.));
#5564 = DIRECTION('',(0.,-0.,1.));
#5565 = ADVANCED_FACE('',(#5566),#5577,.F.);
#5566 = FACE_BOUND('',#5567,.F.);
#5567 = EDGE_LOOP('',(#5568,#5574,#5575,#5576));
#5568 = ORIENTED_EDGE('',*,*,#5569,.T.);
#5569 = EDGE_CURVE('',#4883,#4660,#5570,.T.);
#5570 = LINE('',#5571,#5572);
#5571 = CARTESIAN_POINT('',(-2.65,0.43,5.551115123126E-17));
#5572 = VECTOR('',#5573,1.);
#5573 = DIRECTION('',(-9.95799250103E-17,1.,0.));
#5574 = ORIENTED_EDGE('',*,*,#4668,.T.);
#5575 = ORIENTED_EDGE('',*,*,#5552,.F.);
#5576 = ORIENTED_EDGE('',*,*,#4891,.F.);
#5577 = PLANE('',#5578);
#5578 = AXIS2_PLACEMENT_3D('',#5579,#5580,#5581);
#5579 = CARTESIAN_POINT('',(-2.65,0.43,5.551115123126E-17));
#5580 = DIRECTION('',(0.,0.,1.));
#5581 = DIRECTION('',(-1.,-9.95799250103E-17,0.));
#5582 = ADVANCED_FACE('',(#5583),#5594,.T.);
#5583 = FACE_BOUND('',#5584,.T.);
#5584 = EDGE_LOOP('',(#5585,#5586,#5587,#5588));
#5585 = ORIENTED_EDGE('',*,*,#4882,.T.);
#5586 = ORIENTED_EDGE('',*,*,#5569,.T.);
#5587 = ORIENTED_EDGE('',*,*,#4659,.F.);
#5588 = ORIENTED_EDGE('',*,*,#5589,.F.);
#5589 = EDGE_CURVE('',#4875,#4652,#5590,.T.);
#5590 = LINE('',#5591,#5592);
#5591 = CARTESIAN_POINT('',(-2.35,0.43,0.3));
#5592 = VECTOR('',#5593,1.);
#5593 = DIRECTION('',(-9.95799250103E-17,1.,0.));
#5594 = CYLINDRICAL_SURFACE('',#5595,0.3);
#5595 = AXIS2_PLACEMENT_3D('',#5596,#5597,#5598);
#5596 = CARTESIAN_POINT('',(-2.65,0.43,0.3));
#5597 = DIRECTION('',(9.95799250103E-17,-1.,-0.));
#5598 = DIRECTION('',(1.,9.95799250103E-17,3.515706244646E-15));
#5599 = ADVANCED_FACE('',(#5600),#5606,.F.);
#5600 = FACE_BOUND('',#5601,.F.);
#5601 = EDGE_LOOP('',(#5602,#5603,#5604,#5605));
#5602 = ORIENTED_EDGE('',*,*,#4957,.T.);
#5603 = ORIENTED_EDGE('',*,*,#4651,.T.);
#5604 = ORIENTED_EDGE('',*,*,#5589,.F.);
#5605 = ORIENTED_EDGE('',*,*,#4874,.F.);
#5606 = PLANE('',#5607);
#5607 = AXIS2_PLACEMENT_3D('',#5608,#5609,#5610);
#5608 = CARTESIAN_POINT('',(-2.35,0.43,0.725));
#5609 = DIRECTION('',(-1.,-9.95799250103E-17,1.044915787883E-15));
#5610 = DIRECTION('',(-1.044915787883E-15,-1.040526357994E-31,-1.));
#5611 = ( GEOMETRIC_REPRESENTATION_CONTEXT(3) 
GLOBAL_UNCERTAINTY_ASSIGNED_CONTEXT((#5615)) 
GLOBAL_UNIT_ASSIGNED_CONTEXT((#5612,#5613,#5614)) REPRESENTATION_CONTEXT
('Context #1','3D Context with UNIT and UNCERTAINTY') );
#5612 = ( LENGTH_UNIT() NAMED_UNIT(*) SI_UNIT(.MILLI.,.METRE.) );
#5613 = ( NAMED_UNIT(*) PLANE_ANGLE_UNIT() SI_UNIT($,.RADIAN.) );
#5614 = ( NAMED_UNIT(*) SI_UNIT($,.STERADIAN.) SOLID_ANGLE_UNIT() );
#5615 = UNCERTAINTY_MEASURE_WITH_UNIT(LENGTH_MEASURE(2.E-06),#5612,
  'distance_accuracy_value','confusion accuracy');
#5616 = CONTEXT_DEPENDENT_SHAPE_REPRESENTATION(#5617,#5619);
#5617 = ( REPRESENTATION_RELATIONSHIP('','',#1003,#980) 
REPRESENTATION_RELATIONSHIP_WITH_TRANSFORMATION(#5618) 
SHAPE_REPRESENTATION_RELATIONSHIP() );
#5618 = ITEM_DEFINED_TRANSFORMATION('','',#11,#981);
#5619 = PRODUCT_DEFINITION_SHAPE('Placement','Placement of an item',
  #5620);
#5620 = NEXT_ASSEMBLY_USAGE_OCCURRENCE('3','=>[0:1:1:5]','',#975,#998,$
  );
#5621 = PRODUCT_RELATED_PRODUCT_CATEGORY('part',$,(#1000));
#5622 = CONTEXT_DEPENDENT_SHAPE_REPRESENTATION(#5623,#5625);
#5623 = ( REPRESENTATION_RELATIONSHIP('','',#84,#10) 
REPRESENTATION_RELATIONSHIP_WITH_TRANSFORMATION(#5624) 
SHAPE_REPRESENTATION_RELATIONSHIP() );
#5624 = ITEM_DEFINED_TRANSFORMATION('','',#11,#23);
#5625 = PRODUCT_DEFINITION_SHAPE('Placement','Placement of an item',
  #5626);
#5626 = NEXT_ASSEMBLY_USAGE_OCCURRENCE('5','C2','',#5,#79,$);
#5627 = CONTEXT_DEPENDENT_SHAPE_REPRESENTATION(#5628,#5630);
#5628 = ( REPRESENTATION_RELATIONSHIP('','',#84,#10) 
REPRESENTATION_RELATIONSHIP_WITH_TRANSFORMATION(#5629) 
SHAPE_REPRESENTATION_RELATIONSHIP() );
#5629 = ITEM_DEFINED_TRANSFORMATION('','',#11,#27);
#5630 = PRODUCT_DEFINITION_SHAPE('Placement','Placement of an item',
  #5631);
#5631 = NEXT_ASSEMBLY_USAGE_OCCURRENCE('6','C18','',#5,#79,$);
#5632 = SHAPE_DEFINITION_REPRESENTATION(#5633,#5639);
#5633 = PRODUCT_DEFINITION_SHAPE('','',#5634);
#5634 = PRODUCT_DEFINITION('design','',#5635,#5638);
#5635 = PRODUCT_DEFINITION_FORMATION('','',#5636);
#5636 = PRODUCT('R_0603_1608Metric','R_0603_1608Metric','',(#5637));
#5637 = PRODUCT_CONTEXT('',#2,'mechanical');
#5638 = PRODUCT_DEFINITION_CONTEXT('part definition',#2,'design');
#5639 = SHAPE_REPRESENTATION('',(#11,#5640),#5644);
#5640 = AXIS2_PLACEMENT_3D('',#5641,#5642,#5643);
#5641 = CARTESIAN_POINT('',(0.,0.,0.));
#5642 = DIRECTION('',(0.,0.,1.));
#5643 = DIRECTION('',(1.,0.,-0.));
#5644 = ( GEOMETRIC_REPRESENTATION_CONTEXT(3) 
GLOBAL_UNCERTAINTY_ASSIGNED_CONTEXT((#5648)) 
GLOBAL_UNIT_ASSIGNED_CONTEXT((#5645,#5646,#5647)) REPRESENTATION_CONTEXT
('Context #1','3D Context with UNIT and UNCERTAINTY') );
#5645 = ( LENGTH_UNIT() NAMED_UNIT(*) SI_UNIT(.MILLI.,.METRE.) );
#5646 = ( NAMED_UNIT(*) PLANE_ANGLE_UNIT() SI_UNIT($,.RADIAN.) );
#5647 = ( NAMED_UNIT(*) SI_UNIT($,.STERADIAN.) SOLID_ANGLE_UNIT() );
#5648 = UNCERTAINTY_MEASURE_WITH_UNIT(LENGTH_MEASURE(1.E-07),#5645,
  'distance_accuracy_value','confusion accuracy');
#5649 = CONTEXT_DEPENDENT_SHAPE_REPRESENTATION(#5650,#5652);
#5650 = ( REPRESENTATION_RELATIONSHIP('','',#5639,#10) 
REPRESENTATION_RELATIONSHIP_WITH_TRANSFORMATION(#5651) 
SHAPE_REPRESENTATION_RELATIONSHIP() );
#5651 = ITEM_DEFINED_TRANSFORMATION('','',#11,#31);
#5652 = PRODUCT_DEFINITION_SHAPE('Placement','Placement of an item',
  #5653);
#5653 = NEXT_ASSEMBLY_USAGE_OCCURRENCE('8','R1','',#5,#5634,$);
#5654 = PRODUCT_RELATED_PRODUCT_CATEGORY('part',$,(#5636));
#5655 = SHAPE_DEFINITION_REPRESENTATION(#5656,#5662);
#5656 = PRODUCT_DEFINITION_SHAPE('','',#5657);
#5657 = PRODUCT_DEFINITION('design','',#5658,#5661);
#5658 = PRODUCT_DEFINITION_FORMATION('','',#5659);
#5659 = PRODUCT('R_0603_1608Metric','R_0603_1608Metric','',(#5660));
#5660 = PRODUCT_CONTEXT('',#2,'mechanical');
#5661 = PRODUCT_DEFINITION_CONTEXT('part definition',#2,'design');
#5662 = ADVANCED_BREP_SHAPE_REPRESENTATION('',(#11,#5663),#6453);
#5663 = MANIFOLD_SOLID_BREP('',#5664);
#5664 = CLOSED_SHELL('',(#5665,#5705,#5788,#5813,#5838,#5905,#5922,#5939
    ,#5988,#6005,#6022,#6071,#6088,#6157,#6188,#6212,#6281,#6305,#6322,
    #6339,#6356,#6373,#6390,#6407,#6424,#6441));
#5665 = ADVANCED_FACE('',(#5666),#5700,.F.);
#5666 = FACE_BOUND('',#5667,.F.);
#5667 = EDGE_LOOP('',(#5668,#5678,#5686,#5694));
#5668 = ORIENTED_EDGE('',*,*,#5669,.F.);
#5669 = EDGE_CURVE('',#5670,#5672,#5674,.T.);
#5670 = VERTEX_POINT('',#5671);
#5671 = CARTESIAN_POINT('',(-0.8,-0.4,4.5E-02));
#5672 = VERTEX_POINT('',#5673);
#5673 = CARTESIAN_POINT('',(-0.8,-0.4,0.405));
#5674 = LINE('',#5675,#5676);
#5675 = CARTESIAN_POINT('',(-0.8,-0.4,0.));
#5676 = VECTOR('',#5677,1.);
#5677 = DIRECTION('',(0.,0.,1.));
#5678 = ORIENTED_EDGE('',*,*,#5679,.T.);
#5679 = EDGE_CURVE('',#5670,#5680,#5682,.T.);
#5680 = VERTEX_POINT('',#5681);
#5681 = CARTESIAN_POINT('',(-0.8,0.4,4.5E-02));
#5682 = LINE('',#5683,#5684);
#5683 = CARTESIAN_POINT('',(-0.8,-0.4,4.5E-02));
#5684 = VECTOR('',#5685,1.);
#5685 = DIRECTION('',(0.,1.,0.));
#5686 = ORIENTED_EDGE('',*,*,#5687,.T.);
#5687 = EDGE_CURVE('',#5680,#5688,#5690,.T.);
#5688 = VERTEX_POINT('',#5689);
#5689 = CARTESIAN_POINT('',(-0.8,0.4,0.405));
#5690 = LINE('',#5691,#5692);
#5691 = CARTESIAN_POINT('',(-0.8,0.4,0.));
#5692 = VECTOR('',#5693,1.);
#5693 = DIRECTION('',(0.,0.,1.));
#5694 = ORIENTED_EDGE('',*,*,#5695,.F.);
#5695 = EDGE_CURVE('',#5672,#5688,#5696,.T.);
#5696 = LINE('',#5697,#5698);
#5697 = CARTESIAN_POINT('',(-0.8,-0.4,0.405));
#5698 = VECTOR('',#5699,1.);
#5699 = DIRECTION('',(0.,1.,0.));
#5700 = PLANE('',#5701);
#5701 = AXIS2_PLACEMENT_3D('',#5702,#5703,#5704);
#5702 = CARTESIAN_POINT('',(-0.8,-0.4,0.));
#5703 = DIRECTION('',(1.,0.,0.));
#5704 = DIRECTION('',(0.,0.,1.));
#5705 = ADVANCED_FACE('',(#5706),#5783,.F.);
#5706 = FACE_BOUND('',#5707,.F.);
#5707 = EDGE_LOOP('',(#5708,#5718,#5725,#5726,#5735,#5743,#5752,#5760,
    #5768,#5776));
#5708 = ORIENTED_EDGE('',*,*,#5709,.F.);
#5709 = EDGE_CURVE('',#5710,#5712,#5714,.T.);
#5710 = VERTEX_POINT('',#5711);
#5711 = CARTESIAN_POINT('',(-0.755,-0.4,-2.775557561563E-17));
#5712 = VERTEX_POINT('',#5713);
#5713 = CARTESIAN_POINT('',(-0.545,-0.4,-2.775557561563E-17));
#5714 = LINE('',#5715,#5716);
#5715 = CARTESIAN_POINT('',(-0.8,-0.4,0.));
#5716 = VECTOR('',#5717,1.);
#5717 = DIRECTION('',(1.,0.,0.));
#5718 = ORIENTED_EDGE('',*,*,#5719,.F.);
#5719 = EDGE_CURVE('',#5670,#5710,#5720,.T.);
#5720 = CIRCLE('',#5721,4.5E-02);
#5721 = AXIS2_PLACEMENT_3D('',#5722,#5723,#5724);
#5722 = CARTESIAN_POINT('',(-0.755,-0.4,4.5E-02));
#5723 = DIRECTION('',(0.,-1.,0.));
#5724 = DIRECTION('',(0.,0.,1.));
#5725 = ORIENTED_EDGE('',*,*,#5669,.T.);
#5726 = ORIENTED_EDGE('',*,*,#5727,.T.);
#5727 = EDGE_CURVE('',#5672,#5728,#5730,.T.);
#5728 = VERTEX_POINT('',#5729);
#5729 = CARTESIAN_POINT('',(-0.755,-0.4,0.45));
#5730 = CIRCLE('',#5731,4.5E-02);
#5731 = AXIS2_PLACEMENT_3D('',#5732,#5733,#5734);
#5732 = CARTESIAN_POINT('',(-0.755,-0.4,0.405));
#5733 = DIRECTION('',(0.,1.,0.));
#5734 = DIRECTION('',(0.,-0.,1.));
#5735 = ORIENTED_EDGE('',*,*,#5736,.T.);
#5736 = EDGE_CURVE('',#5728,#5737,#5739,.T.);
#5737 = VERTEX_POINT('',#5738);
#5738 = CARTESIAN_POINT('',(-0.545,-0.4,0.45));
#5739 = LINE('',#5740,#5741);
#5740 = CARTESIAN_POINT('',(-0.8,-0.4,0.45));
#5741 = VECTOR('',#5742,1.);
#5742 = DIRECTION('',(1.,0.,0.));
#5743 = ORIENTED_EDGE('',*,*,#5744,.F.);
#5744 = EDGE_CURVE('',#5745,#5737,#5747,.T.);
#5745 = VERTEX_POINT('',#5746);
#5746 = CARTESIAN_POINT('',(-0.5,-0.4,0.405));
#5747 = CIRCLE('',#5748,4.5E-02);
#5748 = AXIS2_PLACEMENT_3D('',#5749,#5750,#5751);
#5749 = CARTESIAN_POINT('',(-0.545,-0.4,0.405));
#5750 = DIRECTION('',(0.,-1.,0.));
#5751 = DIRECTION('',(0.,0.,1.));
#5752 = ORIENTED_EDGE('',*,*,#5753,.F.);
#5753 = EDGE_CURVE('',#5754,#5745,#5756,.T.);
#5754 = VERTEX_POINT('',#5755);
#5755 = CARTESIAN_POINT('',(-0.755,-0.4,0.405));
#5756 = LINE('',#5757,#5758);
#5757 = CARTESIAN_POINT('',(-0.755,-0.4,0.405));
#5758 = VECTOR('',#5759,1.);
#5759 = DIRECTION('',(1.,0.,0.));
#5760 = ORIENTED_EDGE('',*,*,#5761,.F.);
#5761 = EDGE_CURVE('',#5762,#5754,#5764,.T.);
#5762 = VERTEX_POINT('',#5763);
#5763 = CARTESIAN_POINT('',(-0.755,-0.4,4.5E-02));
#5764 = LINE('',#5765,#5766);
#5765 = CARTESIAN_POINT('',(-0.755,-0.4,4.5E-02));
#5766 = VECTOR('',#5767,1.);
#5767 = DIRECTION('',(0.,0.,1.));
#5768 = ORIENTED_EDGE('',*,*,#5769,.T.);
#5769 = EDGE_CURVE('',#5762,#5770,#5772,.T.);
#5770 = VERTEX_POINT('',#5771);
#5771 = CARTESIAN_POINT('',(-0.5,-0.4,4.5E-02));
#5772 = LINE('',#5773,#5774);
#5773 = CARTESIAN_POINT('',(-0.755,-0.4,4.5E-02));
#5774 = VECTOR('',#5775,1.);
#5775 = DIRECTION('',(1.,0.,0.));
#5776 = ORIENTED_EDGE('',*,*,#5777,.T.);
#5777 = EDGE_CURVE('',#5770,#5712,#5778,.T.);
#5778 = CIRCLE('',#5779,4.5E-02);
#5779 = AXIS2_PLACEMENT_3D('',#5780,#5781,#5782);
#5780 = CARTESIAN_POINT('',(-0.545,-0.4,4.5E-02));
#5781 = DIRECTION('',(0.,1.,0.));
#5782 = DIRECTION('',(0.,-0.,1.));
#5783 = PLANE('',#5784);
#5784 = AXIS2_PLACEMENT_3D('',#5785,#5786,#5787);
#5785 = CARTESIAN_POINT('',(-0.8,-0.4,0.));
#5786 = DIRECTION('',(0.,1.,0.));
#5787 = DIRECTION('',(0.,-0.,1.));
#5788 = ADVANCED_FACE('',(#5789),#5808,.T.);
#5789 = FACE_BOUND('',#5790,.T.);
#5790 = EDGE_LOOP('',(#5791,#5792,#5801,#5807));
#5791 = ORIENTED_EDGE('',*,*,#5679,.T.);
#5792 = ORIENTED_EDGE('',*,*,#5793,.T.);
#5793 = EDGE_CURVE('',#5680,#5794,#5796,.T.);
#5794 = VERTEX_POINT('',#5795);
#5795 = CARTESIAN_POINT('',(-0.755,0.4,-2.775557561563E-17));
#5796 = CIRCLE('',#5797,4.5E-02);
#5797 = AXIS2_PLACEMENT_3D('',#5798,#5799,#5800);
#5798 = CARTESIAN_POINT('',(-0.755,0.4,4.5E-02));
#5799 = DIRECTION('',(0.,-1.,0.));
#5800 = DIRECTION('',(0.,0.,1.));
#5801 = ORIENTED_EDGE('',*,*,#5802,.F.);
#5802 = EDGE_CURVE('',#5710,#5794,#5803,.T.);
#5803 = LINE('',#5804,#5805);
#5804 = CARTESIAN_POINT('',(-0.755,-0.4,-2.775557561563E-17));
#5805 = VECTOR('',#5806,1.);
#5806 = DIRECTION('',(0.,1.,0.));
#5807 = ORIENTED_EDGE('',*,*,#5719,.F.);
#5808 = CYLINDRICAL_SURFACE('',#5809,4.5E-02);
#5809 = AXIS2_PLACEMENT_3D('',#5810,#5811,#5812);
#5810 = CARTESIAN_POINT('',(-0.755,-0.4,4.5E-02));
#5811 = DIRECTION('',(0.,1.,0.));
#5812 = DIRECTION('',(-1.,0.,0.));
#5813 = ADVANCED_FACE('',(#5814),#5833,.T.);
#5814 = FACE_BOUND('',#5815,.T.);
#5815 = EDGE_LOOP('',(#5816,#5817,#5825,#5832));
#5816 = ORIENTED_EDGE('',*,*,#5727,.T.);
#5817 = ORIENTED_EDGE('',*,*,#5818,.T.);
#5818 = EDGE_CURVE('',#5728,#5819,#5821,.T.);
#5819 = VERTEX_POINT('',#5820);
#5820 = CARTESIAN_POINT('',(-0.755,0.4,0.45));
#5821 = LINE('',#5822,#5823);
#5822 = CARTESIAN_POINT('',(-0.755,-0.4,0.45));
#5823 = VECTOR('',#5824,1.);
#5824 = DIRECTION('',(0.,1.,0.));
#5825 = ORIENTED_EDGE('',*,*,#5826,.F.);
#5826 = EDGE_CURVE('',#5688,#5819,#5827,.T.);
#5827 = CIRCLE('',#5828,4.5E-02);
#5828 = AXIS2_PLACEMENT_3D('',#5829,#5830,#5831);
#5829 = CARTESIAN_POINT('',(-0.755,0.4,0.405));
#5830 = DIRECTION('',(0.,1.,0.));
#5831 = DIRECTION('',(0.,-0.,1.));
#5832 = ORIENTED_EDGE('',*,*,#5695,.F.);
#5833 = CYLINDRICAL_SURFACE('',#5834,4.5E-02);
#5834 = AXIS2_PLACEMENT_3D('',#5835,#5836,#5837);
#5835 = CARTESIAN_POINT('',(-0.755,-0.4,0.405));
#5836 = DIRECTION('',(0.,1.,0.));
#5837 = DIRECTION('',(-1.,0.,0.));
#5838 = ADVANCED_FACE('',(#5839),#5900,.T.);
#5839 = FACE_BOUND('',#5840,.T.);
#5840 = EDGE_LOOP('',(#5841,#5849,#5850,#5851,#5852,#5860,#5869,#5877,
    #5885,#5893));
#5841 = ORIENTED_EDGE('',*,*,#5842,.F.);
#5842 = EDGE_CURVE('',#5794,#5843,#5845,.T.);
#5843 = VERTEX_POINT('',#5844);
#5844 = CARTESIAN_POINT('',(-0.545,0.4,-2.775557561563E-17));
#5845 = LINE('',#5846,#5847);
#5846 = CARTESIAN_POINT('',(-0.8,0.4,0.));
#5847 = VECTOR('',#5848,1.);
#5848 = DIRECTION('',(1.,0.,0.));
#5849 = ORIENTED_EDGE('',*,*,#5793,.F.);
#5850 = ORIENTED_EDGE('',*,*,#5687,.T.);
#5851 = ORIENTED_EDGE('',*,*,#5826,.T.);
#5852 = ORIENTED_EDGE('',*,*,#5853,.T.);
#5853 = EDGE_CURVE('',#5819,#5854,#5856,.T.);
#5854 = VERTEX_POINT('',#5855);
#5855 = CARTESIAN_POINT('',(-0.545,0.4,0.45));
#5856 = LINE('',#5857,#5858);
#5857 = CARTESIAN_POINT('',(-0.8,0.4,0.45));
#5858 = VECTOR('',#5859,1.);
#5859 = DIRECTION('',(1.,0.,0.));
#5860 = ORIENTED_EDGE('',*,*,#5861,.F.);
#5861 = EDGE_CURVE('',#5862,#5854,#5864,.T.);
#5862 = VERTEX_POINT('',#5863);
#5863 = CARTESIAN_POINT('',(-0.5,0.4,0.405));
#5864 = CIRCLE('',#5865,4.5E-02);
#5865 = AXIS2_PLACEMENT_3D('',#5866,#5867,#5868);
#5866 = CARTESIAN_POINT('',(-0.545,0.4,0.405));
#5867 = DIRECTION('',(0.,-1.,0.));
#5868 = DIRECTION('',(0.,0.,1.));
#5869 = ORIENTED_EDGE('',*,*,#5870,.F.);
#5870 = EDGE_CURVE('',#5871,#5862,#5873,.T.);
#5871 = VERTEX_POINT('',#5872);
#5872 = CARTESIAN_POINT('',(-0.755,0.4,0.405));
#5873 = LINE('',#5874,#5875);
#5874 = CARTESIAN_POINT('',(-0.755,0.4,0.405));
#5875 = VECTOR('',#5876,1.);
#5876 = DIRECTION('',(1.,0.,0.));
#5877 = ORIENTED_EDGE('',*,*,#5878,.F.);
#5878 = EDGE_CURVE('',#5879,#5871,#5881,.T.);
#5879 = VERTEX_POINT('',#5880);
#5880 = CARTESIAN_POINT('',(-0.755,0.4,4.5E-02));
#5881 = LINE('',#5882,#5883);
#5882 = CARTESIAN_POINT('',(-0.755,0.4,4.5E-02));
#5883 = VECTOR('',#5884,1.);
#5884 = DIRECTION('',(0.,0.,1.));
#5885 = ORIENTED_EDGE('',*,*,#5886,.T.);
#5886 = EDGE_CURVE('',#5879,#5887,#5889,.T.);
#5887 = VERTEX_POINT('',#5888);
#5888 = CARTESIAN_POINT('',(-0.5,0.4,4.5E-02));
#5889 = LINE('',#5890,#5891);
#5890 = CARTESIAN_POINT('',(-0.755,0.4,4.5E-02));
#5891 = VECTOR('',#5892,1.);
#5892 = DIRECTION('',(1.,0.,0.));
#5893 = ORIENTED_EDGE('',*,*,#5894,.T.);
#5894 = EDGE_CURVE('',#5887,#5843,#5895,.T.);
#5895 = CIRCLE('',#5896,4.5E-02);
#5896 = AXIS2_PLACEMENT_3D('',#5897,#5898,#5899);
#5897 = CARTESIAN_POINT('',(-0.545,0.4,4.5E-02));
#5898 = DIRECTION('',(0.,1.,0.));
#5899 = DIRECTION('',(0.,-0.,1.));
#5900 = PLANE('',#5901);
#5901 = AXIS2_PLACEMENT_3D('',#5902,#5903,#5904);
#5902 = CARTESIAN_POINT('',(-0.8,0.4,0.));
#5903 = DIRECTION('',(0.,1.,0.));
#5904 = DIRECTION('',(0.,-0.,1.));
#5905 = ADVANCED_FACE('',(#5906),#5917,.F.);
#5906 = FACE_BOUND('',#5907,.F.);
#5907 = EDGE_LOOP('',(#5908,#5909,#5910,#5911));
#5908 = ORIENTED_EDGE('',*,*,#5842,.F.);
#5909 = ORIENTED_EDGE('',*,*,#5802,.F.);
#5910 = ORIENTED_EDGE('',*,*,#5709,.T.);
#5911 = ORIENTED_EDGE('',*,*,#5912,.T.);
#5912 = EDGE_CURVE('',#5712,#5843,#5913,.T.);
#5913 = LINE('',#5914,#5915);
#5914 = CARTESIAN_POINT('',(-0.545,-0.4,-2.775557561563E-17));
#5915 = VECTOR('',#5916,1.);
#5916 = DIRECTION('',(0.,1.,0.));
#5917 = PLANE('',#5918);
#5918 = AXIS2_PLACEMENT_3D('',#5919,#5920,#5921);
#5919 = CARTESIAN_POINT('',(-0.8,-0.4,0.));
#5920 = DIRECTION('',(0.,0.,1.));
#5921 = DIRECTION('',(1.,0.,-0.));
#5922 = ADVANCED_FACE('',(#5923),#5934,.T.);
#5923 = FACE_BOUND('',#5924,.T.);
#5924 = EDGE_LOOP('',(#5925,#5926,#5927,#5928));
#5925 = ORIENTED_EDGE('',*,*,#5777,.T.);
#5926 = ORIENTED_EDGE('',*,*,#5912,.T.);
#5927 = ORIENTED_EDGE('',*,*,#5894,.F.);
#5928 = ORIENTED_EDGE('',*,*,#5929,.F.);
#5929 = EDGE_CURVE('',#5770,#5887,#5930,.T.);
#5930 = LINE('',#5931,#5932);
#5931 = CARTESIAN_POINT('',(-0.5,-0.4,4.5E-02));
#5932 = VECTOR('',#5933,1.);
#5933 = DIRECTION('',(0.,1.,0.));
#5934 = CYLINDRICAL_SURFACE('',#5935,4.5E-02);
#5935 = AXIS2_PLACEMENT_3D('',#5936,#5937,#5938);
#5936 = CARTESIAN_POINT('',(-0.545,-0.4,4.5E-02));
#5937 = DIRECTION('',(0.,1.,0.));
#5938 = DIRECTION('',(1.,0.,0.));
#5939 = ADVANCED_FACE('',(#5940),#5983,.F.);
#5940 = FACE_BOUND('',#5941,.F.);
#5941 = EDGE_LOOP('',(#5942,#5943,#5944,#5945,#5953,#5961,#5969,#5977));
#5942 = ORIENTED_EDGE('',*,*,#5769,.F.);
#5943 = ORIENTED_EDGE('',*,*,#5761,.T.);
#5944 = ORIENTED_EDGE('',*,*,#5753,.T.);
#5945 = ORIENTED_EDGE('',*,*,#5946,.T.);
#5946 = EDGE_CURVE('',#5745,#5947,#5949,.T.);
#5947 = VERTEX_POINT('',#5948);
#5948 = CARTESIAN_POINT('',(0.5,-0.4,0.405));
#5949 = LINE('',#5950,#5951);
#5950 = CARTESIAN_POINT('',(-0.5,-0.4,0.405));
#5951 = VECTOR('',#5952,1.);
#5952 = DIRECTION('',(1.,0.,0.));
#5953 = ORIENTED_EDGE('',*,*,#5954,.T.);
#5954 = EDGE_CURVE('',#5947,#5955,#5957,.T.);
#5955 = VERTEX_POINT('',#5956);
#5956 = CARTESIAN_POINT('',(0.755,-0.4,0.405));
#5957 = LINE('',#5958,#5959);
#5958 = CARTESIAN_POINT('',(-0.755,-0.4,0.405));
#5959 = VECTOR('',#5960,1.);
#5960 = DIRECTION('',(1.,0.,0.));
#5961 = ORIENTED_EDGE('',*,*,#5962,.F.);
#5962 = EDGE_CURVE('',#5963,#5955,#5965,.T.);
#5963 = VERTEX_POINT('',#5964);
#5964 = CARTESIAN_POINT('',(0.755,-0.4,4.5E-02));
#5965 = LINE('',#5966,#5967);
#5966 = CARTESIAN_POINT('',(0.755,-0.4,4.5E-02));
#5967 = VECTOR('',#5968,1.);
#5968 = DIRECTION('',(0.,0.,1.));
#5969 = ORIENTED_EDGE('',*,*,#5970,.F.);
#5970 = EDGE_CURVE('',#5971,#5963,#5973,.T.);
#5971 = VERTEX_POINT('',#5972);
#5972 = CARTESIAN_POINT('',(0.5,-0.4,4.5E-02));
#5973 = LINE('',#5974,#5975);
#5974 = CARTESIAN_POINT('',(-0.755,-0.4,4.5E-02));
#5975 = VECTOR('',#5976,1.);
#5976 = DIRECTION('',(1.,0.,0.));
#5977 = ORIENTED_EDGE('',*,*,#5978,.F.);
#5978 = EDGE_CURVE('',#5770,#5971,#5979,.T.);
#5979 = LINE('',#5980,#5981);
#5980 = CARTESIAN_POINT('',(-0.755,-0.4,4.5E-02));
#5981 = VECTOR('',#5982,1.);
#5982 = DIRECTION('',(1.,0.,0.));
#5983 = PLANE('',#5984);
#5984 = AXIS2_PLACEMENT_3D('',#5985,#5986,#5987);
#5985 = CARTESIAN_POINT('',(-0.755,-0.4,4.5E-02));
#5986 = DIRECTION('',(0.,1.,0.));
#5987 = DIRECTION('',(0.,-0.,1.));
#5988 = ADVANCED_FACE('',(#5989),#6000,.T.);
#5989 = FACE_BOUND('',#5990,.T.);
#5990 = EDGE_LOOP('',(#5991,#5992,#5993,#5994));
#5991 = ORIENTED_EDGE('',*,*,#5853,.F.);
#5992 = ORIENTED_EDGE('',*,*,#5818,.F.);
#5993 = ORIENTED_EDGE('',*,*,#5736,.T.);
#5994 = ORIENTED_EDGE('',*,*,#5995,.T.);
#5995 = EDGE_CURVE('',#5737,#5854,#5996,.T.);
#5996 = LINE('',#5997,#5998);
#5997 = CARTESIAN_POINT('',(-0.545,-0.4,0.45));
#5998 = VECTOR('',#5999,1.);
#5999 = DIRECTION('',(0.,1.,0.));
#6000 = PLANE('',#6001);
#6001 = AXIS2_PLACEMENT_3D('',#6002,#6003,#6004);
#6002 = CARTESIAN_POINT('',(-0.8,-0.4,0.45));
#6003 = DIRECTION('',(0.,0.,1.));
#6004 = DIRECTION('',(1.,0.,-0.));
#6005 = ADVANCED_FACE('',(#6006),#6017,.T.);
#6006 = FACE_BOUND('',#6007,.T.);
#6007 = EDGE_LOOP('',(#6008,#6014,#6015,#6016));
#6008 = ORIENTED_EDGE('',*,*,#6009,.T.);
#6009 = EDGE_CURVE('',#5745,#5862,#6010,.T.);
#6010 = LINE('',#6011,#6012);
#6011 = CARTESIAN_POINT('',(-0.5,-0.4,0.405));
#6012 = VECTOR('',#6013,1.);
#6013 = DIRECTION('',(0.,1.,0.));
#6014 = ORIENTED_EDGE('',*,*,#5861,.T.);
#6015 = ORIENTED_EDGE('',*,*,#5995,.F.);
#6016 = ORIENTED_EDGE('',*,*,#5744,.F.);
#6017 = CYLINDRICAL_SURFACE('',#6018,4.5E-02);
#6018 = AXIS2_PLACEMENT_3D('',#6019,#6020,#6021);
#6019 = CARTESIAN_POINT('',(-0.545,-0.4,0.405));
#6020 = DIRECTION('',(0.,1.,0.));
#6021 = DIRECTION('',(1.,0.,0.));
#6022 = ADVANCED_FACE('',(#6023),#6066,.T.);
#6023 = FACE_BOUND('',#6024,.T.);
#6024 = EDGE_LOOP('',(#6025,#6026,#6027,#6028,#6036,#6044,#6052,#6060));
#6025 = ORIENTED_EDGE('',*,*,#5886,.F.);
#6026 = ORIENTED_EDGE('',*,*,#5878,.T.);
#6027 = ORIENTED_EDGE('',*,*,#5870,.T.);
#6028 = ORIENTED_EDGE('',*,*,#6029,.T.);
#6029 = EDGE_CURVE('',#5862,#6030,#6032,.T.);
#6030 = VERTEX_POINT('',#6031);
#6031 = CARTESIAN_POINT('',(0.5,0.4,0.405));
#6032 = LINE('',#6033,#6034);
#6033 = CARTESIAN_POINT('',(-0.5,0.4,0.405));
#6034 = VECTOR('',#6035,1.);
#6035 = DIRECTION('',(1.,0.,0.));
#6036 = ORIENTED_EDGE('',*,*,#6037,.T.);
#6037 = EDGE_CURVE('',#6030,#6038,#6040,.T.);
#6038 = VERTEX_POINT('',#6039);
#6039 = CARTESIAN_POINT('',(0.755,0.4,0.405));
#6040 = LINE('',#6041,#6042);
#6041 = CARTESIAN_POINT('',(-0.755,0.4,0.405));
#6042 = VECTOR('',#6043,1.);
#6043 = DIRECTION('',(1.,0.,0.));
#6044 = ORIENTED_EDGE('',*,*,#6045,.F.);
#6045 = EDGE_CURVE('',#6046,#6038,#6048,.T.);
#6046 = VERTEX_POINT('',#6047);
#6047 = CARTESIAN_POINT('',(0.755,0.4,4.5E-02));
#6048 = LINE('',#6049,#6050);
#6049 = CARTESIAN_POINT('',(0.755,0.4,4.5E-02));
#6050 = VECTOR('',#6051,1.);
#6051 = DIRECTION('',(0.,0.,1.));
#6052 = ORIENTED_EDGE('',*,*,#6053,.F.);
#6053 = EDGE_CURVE('',#6054,#6046,#6056,.T.);
#6054 = VERTEX_POINT('',#6055);
#6055 = CARTESIAN_POINT('',(0.5,0.4,4.5E-02));
#6056 = LINE('',#6057,#6058);
#6057 = CARTESIAN_POINT('',(-0.755,0.4,4.5E-02));
#6058 = VECTOR('',#6059,1.);
#6059 = DIRECTION('',(1.,0.,0.));
#6060 = ORIENTED_EDGE('',*,*,#6061,.F.);
#6061 = EDGE_CURVE('',#5887,#6054,#6062,.T.);
#6062 = LINE('',#6063,#6064);
#6063 = CARTESIAN_POINT('',(-0.755,0.4,4.5E-02));
#6064 = VECTOR('',#6065,1.);
#6065 = DIRECTION('',(1.,0.,0.));
#6066 = PLANE('',#6067);
#6067 = AXIS2_PLACEMENT_3D('',#6068,#6069,#6070);
#6068 = CARTESIAN_POINT('',(-0.755,0.4,4.5E-02));
#6069 = DIRECTION('',(0.,1.,0.));
#6070 = DIRECTION('',(0.,-0.,1.));
#6071 = ADVANCED_FACE('',(#6072),#6083,.F.);
#6072 = FACE_BOUND('',#6073,.F.);
#6073 = EDGE_LOOP('',(#6074,#6075,#6076,#6082));
#6074 = ORIENTED_EDGE('',*,*,#5929,.F.);
#6075 = ORIENTED_EDGE('',*,*,#5978,.T.);
#6076 = ORIENTED_EDGE('',*,*,#6077,.T.);
#6077 = EDGE_CURVE('',#5971,#6054,#6078,.T.);
#6078 = LINE('',#6079,#6080);
#6079 = CARTESIAN_POINT('',(0.5,-0.4,4.5E-02));
#6080 = VECTOR('',#6081,1.);
#6081 = DIRECTION('',(0.,1.,0.));
#6082 = ORIENTED_EDGE('',*,*,#6061,.F.);
#6083 = PLANE('',#6084);
#6084 = AXIS2_PLACEMENT_3D('',#6085,#6086,#6087);
#6085 = CARTESIAN_POINT('',(-0.755,-0.4,4.5E-02));
#6086 = DIRECTION('',(0.,0.,1.));
#6087 = DIRECTION('',(1.,0.,-0.));
#6088 = ADVANCED_FACE('',(#6089),#6152,.F.);
#6089 = FACE_BOUND('',#6090,.F.);
#6090 = EDGE_LOOP('',(#6091,#6101,#6108,#6109,#6110,#6111,#6120,#6128,
    #6137,#6145));
#6091 = ORIENTED_EDGE('',*,*,#6092,.F.);
#6092 = EDGE_CURVE('',#6093,#6095,#6097,.T.);
#6093 = VERTEX_POINT('',#6094);
#6094 = CARTESIAN_POINT('',(0.545,-0.4,-2.775557561563E-17));
#6095 = VERTEX_POINT('',#6096);
#6096 = CARTESIAN_POINT('',(0.755,-0.4,-2.775557561563E-17));
#6097 = LINE('',#6098,#6099);
#6098 = CARTESIAN_POINT('',(0.5,-0.4,0.));
#6099 = VECTOR('',#6100,1.);
#6100 = DIRECTION('',(1.,0.,0.));
#6101 = ORIENTED_EDGE('',*,*,#6102,.F.);
#6102 = EDGE_CURVE('',#5971,#6093,#6103,.T.);
#6103 = CIRCLE('',#6104,4.5E-02);
#6104 = AXIS2_PLACEMENT_3D('',#6105,#6106,#6107);
#6105 = CARTESIAN_POINT('',(0.545,-0.4,4.5E-02));
#6106 = DIRECTION('',(0.,-1.,0.));
#6107 = DIRECTION('',(0.,0.,1.));
#6108 = ORIENTED_EDGE('',*,*,#5970,.T.);
#6109 = ORIENTED_EDGE('',*,*,#5962,.T.);
#6110 = ORIENTED_EDGE('',*,*,#5954,.F.);
#6111 = ORIENTED_EDGE('',*,*,#6112,.T.);
#6112 = EDGE_CURVE('',#5947,#6113,#6115,.T.);
#6113 = VERTEX_POINT('',#6114);
#6114 = CARTESIAN_POINT('',(0.545,-0.4,0.45));
#6115 = CIRCLE('',#6116,4.5E-02);
#6116 = AXIS2_PLACEMENT_3D('',#6117,#6118,#6119);
#6117 = CARTESIAN_POINT('',(0.545,-0.4,0.405));
#6118 = DIRECTION('',(0.,1.,0.));
#6119 = DIRECTION('',(0.,-0.,1.));
#6120 = ORIENTED_EDGE('',*,*,#6121,.T.);
#6121 = EDGE_CURVE('',#6113,#6122,#6124,.T.);
#6122 = VERTEX_POINT('',#6123);
#6123 = CARTESIAN_POINT('',(0.755,-0.4,0.45));
#6124 = LINE('',#6125,#6126);
#6125 = CARTESIAN_POINT('',(0.5,-0.4,0.45));
#6126 = VECTOR('',#6127,1.);
#6127 = DIRECTION('',(1.,0.,0.));
#6128 = ORIENTED_EDGE('',*,*,#6129,.F.);
#6129 = EDGE_CURVE('',#6130,#6122,#6132,.T.);
#6130 = VERTEX_POINT('',#6131);
#6131 = CARTESIAN_POINT('',(0.8,-0.4,0.405));
#6132 = CIRCLE('',#6133,4.5E-02);
#6133 = AXIS2_PLACEMENT_3D('',#6134,#6135,#6136);
#6134 = CARTESIAN_POINT('',(0.755,-0.4,0.405));
#6135 = DIRECTION('',(0.,-1.,0.));
#6136 = DIRECTION('',(0.,0.,1.));
#6137 = ORIENTED_EDGE('',*,*,#6138,.F.);
#6138 = EDGE_CURVE('',#6139,#6130,#6141,.T.);
#6139 = VERTEX_POINT('',#6140);
#6140 = CARTESIAN_POINT('',(0.8,-0.4,4.5E-02));
#6141 = LINE('',#6142,#6143);
#6142 = CARTESIAN_POINT('',(0.8,-0.4,0.));
#6143 = VECTOR('',#6144,1.);
#6144 = DIRECTION('',(0.,0.,1.));
#6145 = ORIENTED_EDGE('',*,*,#6146,.T.);
#6146 = EDGE_CURVE('',#6139,#6095,#6147,.T.);
#6147 = CIRCLE('',#6148,4.5E-02);
#6148 = AXIS2_PLACEMENT_3D('',#6149,#6150,#6151);
#6149 = CARTESIAN_POINT('',(0.755,-0.4,4.5E-02));
#6150 = DIRECTION('',(0.,1.,0.));
#6151 = DIRECTION('',(0.,-0.,1.));
#6152 = PLANE('',#6153);
#6153 = AXIS2_PLACEMENT_3D('',#6154,#6155,#6156);
#6154 = CARTESIAN_POINT('',(0.5,-0.4,0.));
#6155 = DIRECTION('',(0.,1.,0.));
#6156 = DIRECTION('',(0.,-0.,1.));
#6157 = ADVANCED_FACE('',(#6158),#6183,.F.);
#6158 = FACE_BOUND('',#6159,.F.);
#6159 = EDGE_LOOP('',(#6160,#6161,#6169,#6177));
#6160 = ORIENTED_EDGE('',*,*,#5946,.F.);
#6161 = ORIENTED_EDGE('',*,*,#6162,.T.);
#6162 = EDGE_CURVE('',#5745,#6163,#6165,.T.);
#6163 = VERTEX_POINT('',#6164);
#6164 = CARTESIAN_POINT('',(-0.5,-0.4,0.45));
#6165 = LINE('',#6166,#6167);
#6166 = CARTESIAN_POINT('',(-0.5,-0.4,0.405));
#6167 = VECTOR('',#6168,1.);
#6168 = DIRECTION('',(0.,0.,1.));
#6169 = ORIENTED_EDGE('',*,*,#6170,.T.);
#6170 = EDGE_CURVE('',#6163,#6171,#6173,.T.);
#6171 = VERTEX_POINT('',#6172);
#6172 = CARTESIAN_POINT('',(0.5,-0.4,0.45));
#6173 = LINE('',#6174,#6175);
#6174 = CARTESIAN_POINT('',(-0.5,-0.4,0.45));
#6175 = VECTOR('',#6176,1.);
#6176 = DIRECTION('',(1.,0.,0.));
#6177 = ORIENTED_EDGE('',*,*,#6178,.F.);
#6178 = EDGE_CURVE('',#5947,#6171,#6179,.T.);
#6179 = LINE('',#6180,#6181);
#6180 = CARTESIAN_POINT('',(0.5,-0.4,0.405));
#6181 = VECTOR('',#6182,1.);
#6182 = DIRECTION('',(0.,0.,1.));
#6183 = PLANE('',#6184);
#6184 = AXIS2_PLACEMENT_3D('',#6185,#6186,#6187);
#6185 = CARTESIAN_POINT('',(-0.5,-0.4,0.405));
#6186 = DIRECTION('',(0.,1.,0.));
#6187 = DIRECTION('',(0.,-0.,1.));
#6188 = ADVANCED_FACE('',(#6189),#6207,.F.);
#6189 = FACE_BOUND('',#6190,.F.);
#6190 = EDGE_LOOP('',(#6191,#6192,#6193,#6201));
#6191 = ORIENTED_EDGE('',*,*,#6162,.F.);
#6192 = ORIENTED_EDGE('',*,*,#6009,.T.);
#6193 = ORIENTED_EDGE('',*,*,#6194,.T.);
#6194 = EDGE_CURVE('',#5862,#6195,#6197,.T.);
#6195 = VERTEX_POINT('',#6196);
#6196 = CARTESIAN_POINT('',(-0.5,0.4,0.45));
#6197 = LINE('',#6198,#6199);
#6198 = CARTESIAN_POINT('',(-0.5,0.4,0.405));
#6199 = VECTOR('',#6200,1.);
#6200 = DIRECTION('',(0.,0.,1.));
#6201 = ORIENTED_EDGE('',*,*,#6202,.F.);
#6202 = EDGE_CURVE('',#6163,#6195,#6203,.T.);
#6203 = LINE('',#6204,#6205);
#6204 = CARTESIAN_POINT('',(-0.5,-0.4,0.45));
#6205 = VECTOR('',#6206,1.);
#6206 = DIRECTION('',(0.,1.,0.));
#6207 = PLANE('',#6208);
#6208 = AXIS2_PLACEMENT_3D('',#6209,#6210,#6211);
#6209 = CARTESIAN_POINT('',(-0.5,-0.4,0.405));
#6210 = DIRECTION('',(1.,0.,0.));
#6211 = DIRECTION('',(0.,0.,1.));
#6212 = ADVANCED_FACE('',(#6213),#6276,.T.);
#6213 = FACE_BOUND('',#6214,.T.);
#6214 = EDGE_LOOP('',(#6215,#6225,#6232,#6233,#6234,#6235,#6244,#6252,
    #6261,#6269));
#6215 = ORIENTED_EDGE('',*,*,#6216,.F.);
#6216 = EDGE_CURVE('',#6217,#6219,#6221,.T.);
#6217 = VERTEX_POINT('',#6218);
#6218 = CARTESIAN_POINT('',(0.545,0.4,-2.775557561563E-17));
#6219 = VERTEX_POINT('',#6220);
#6220 = CARTESIAN_POINT('',(0.755,0.4,-2.775557561563E-17));
#6221 = LINE('',#6222,#6223);
#6222 = CARTESIAN_POINT('',(0.5,0.4,0.));
#6223 = VECTOR('',#6224,1.);
#6224 = DIRECTION('',(1.,0.,0.));
#6225 = ORIENTED_EDGE('',*,*,#6226,.F.);
#6226 = EDGE_CURVE('',#6054,#6217,#6227,.T.);
#6227 = CIRCLE('',#6228,4.5E-02);
#6228 = AXIS2_PLACEMENT_3D('',#6229,#6230,#6231);
#6229 = CARTESIAN_POINT('',(0.545,0.4,4.5E-02));
#6230 = DIRECTION('',(0.,-1.,0.));
#6231 = DIRECTION('',(0.,0.,1.));
#6232 = ORIENTED_EDGE('',*,*,#6053,.T.);
#6233 = ORIENTED_EDGE('',*,*,#6045,.T.);
#6234 = ORIENTED_EDGE('',*,*,#6037,.F.);
#6235 = ORIENTED_EDGE('',*,*,#6236,.T.);
#6236 = EDGE_CURVE('',#6030,#6237,#6239,.T.);
#6237 = VERTEX_POINT('',#6238);
#6238 = CARTESIAN_POINT('',(0.545,0.4,0.45));
#6239 = CIRCLE('',#6240,4.5E-02);
#6240 = AXIS2_PLACEMENT_3D('',#6241,#6242,#6243);
#6241 = CARTESIAN_POINT('',(0.545,0.4,0.405));
#6242 = DIRECTION('',(0.,1.,0.));
#6243 = DIRECTION('',(0.,-0.,1.));
#6244 = ORIENTED_EDGE('',*,*,#6245,.T.);
#6245 = EDGE_CURVE('',#6237,#6246,#6248,.T.);
#6246 = VERTEX_POINT('',#6247);
#6247 = CARTESIAN_POINT('',(0.755,0.4,0.45));
#6248 = LINE('',#6249,#6250);
#6249 = CARTESIAN_POINT('',(0.5,0.4,0.45));
#6250 = VECTOR('',#6251,1.);
#6251 = DIRECTION('',(1.,0.,0.));
#6252 = ORIENTED_EDGE('',*,*,#6253,.F.);
#6253 = EDGE_CURVE('',#6254,#6246,#6256,.T.);
#6254 = VERTEX_POINT('',#6255);
#6255 = CARTESIAN_POINT('',(0.8,0.4,0.405));
#6256 = CIRCLE('',#6257,4.5E-02);
#6257 = AXIS2_PLACEMENT_3D('',#6258,#6259,#6260);
#6258 = CARTESIAN_POINT('',(0.755,0.4,0.405));
#6259 = DIRECTION('',(0.,-1.,0.));
#6260 = DIRECTION('',(0.,0.,1.));
#6261 = ORIENTED_EDGE('',*,*,#6262,.F.);
#6262 = EDGE_CURVE('',#6263,#6254,#6265,.T.);
#6263 = VERTEX_POINT('',#6264);
#6264 = CARTESIAN_POINT('',(0.8,0.4,4.5E-02));
#6265 = LINE('',#6266,#6267);
#6266 = CARTESIAN_POINT('',(0.8,0.4,0.));
#6267 = VECTOR('',#6268,1.);
#6268 = DIRECTION('',(0.,0.,1.));
#6269 = ORIENTED_EDGE('',*,*,#6270,.T.);
#6270 = EDGE_CURVE('',#6263,#6219,#6271,.T.);
#6271 = CIRCLE('',#6272,4.5E-02);
#6272 = AXIS2_PLACEMENT_3D('',#6273,#6274,#6275);
#6273 = CARTESIAN_POINT('',(0.755,0.4,4.5E-02));
#6274 = DIRECTION('',(0.,1.,0.));
#6275 = DIRECTION('',(0.,-0.,1.));
#6276 = PLANE('',#6277);
#6277 = AXIS2_PLACEMENT_3D('',#6278,#6279,#6280);
#6278 = CARTESIAN_POINT('',(0.5,0.4,0.));
#6279 = DIRECTION('',(0.,1.,0.));
#6280 = DIRECTION('',(0.,-0.,1.));
#6281 = ADVANCED_FACE('',(#6282),#6300,.T.);
#6282 = FACE_BOUND('',#6283,.T.);
#6283 = EDGE_LOOP('',(#6284,#6285,#6286,#6294));
#6284 = ORIENTED_EDGE('',*,*,#6029,.F.);
#6285 = ORIENTED_EDGE('',*,*,#6194,.T.);
#6286 = ORIENTED_EDGE('',*,*,#6287,.T.);
#6287 = EDGE_CURVE('',#6195,#6288,#6290,.T.);
#6288 = VERTEX_POINT('',#6289);
#6289 = CARTESIAN_POINT('',(0.5,0.4,0.45));
#6290 = LINE('',#6291,#6292);
#6291 = CARTESIAN_POINT('',(-0.5,0.4,0.45));
#6292 = VECTOR('',#6293,1.);
#6293 = DIRECTION('',(1.,0.,0.));
#6294 = ORIENTED_EDGE('',*,*,#6295,.F.);
#6295 = EDGE_CURVE('',#6030,#6288,#6296,.T.);
#6296 = LINE('',#6297,#6298);
#6297 = CARTESIAN_POINT('',(0.5,0.4,0.405));
#6298 = VECTOR('',#6299,1.);
#6299 = DIRECTION('',(0.,0.,1.));
#6300 = PLANE('',#6301);
#6301 = AXIS2_PLACEMENT_3D('',#6302,#6303,#6304);
#6302 = CARTESIAN_POINT('',(-0.5,0.4,0.405));
#6303 = DIRECTION('',(0.,1.,0.));
#6304 = DIRECTION('',(0.,-0.,1.));
#6305 = ADVANCED_FACE('',(#6306),#6317,.T.);
#6306 = FACE_BOUND('',#6307,.T.);
#6307 = EDGE_LOOP('',(#6308,#6309,#6310,#6316));
#6308 = ORIENTED_EDGE('',*,*,#6077,.T.);
#6309 = ORIENTED_EDGE('',*,*,#6226,.T.);
#6310 = ORIENTED_EDGE('',*,*,#6311,.F.);
#6311 = EDGE_CURVE('',#6093,#6217,#6312,.T.);
#6312 = LINE('',#6313,#6314);
#6313 = CARTESIAN_POINT('',(0.545,-0.4,-2.775557561563E-17));
#6314 = VECTOR('',#6315,1.);
#6315 = DIRECTION('',(0.,1.,0.));
#6316 = ORIENTED_EDGE('',*,*,#6102,.F.);
#6317 = CYLINDRICAL_SURFACE('',#6318,4.5E-02);
#6318 = AXIS2_PLACEMENT_3D('',#6319,#6320,#6321);
#6319 = CARTESIAN_POINT('',(0.545,-0.4,4.5E-02));
#6320 = DIRECTION('',(0.,1.,0.));
#6321 = DIRECTION('',(-1.,0.,0.));
#6322 = ADVANCED_FACE('',(#6323),#6334,.F.);
#6323 = FACE_BOUND('',#6324,.F.);
#6324 = EDGE_LOOP('',(#6325,#6326,#6327,#6328));
#6325 = ORIENTED_EDGE('',*,*,#6216,.F.);
#6326 = ORIENTED_EDGE('',*,*,#6311,.F.);
#6327 = ORIENTED_EDGE('',*,*,#6092,.T.);
#6328 = ORIENTED_EDGE('',*,*,#6329,.T.);
#6329 = EDGE_CURVE('',#6095,#6219,#6330,.T.);
#6330 = LINE('',#6331,#6332);
#6331 = CARTESIAN_POINT('',(0.755,-0.4,-2.775557561563E-17));
#6332 = VECTOR('',#6333,1.);
#6333 = DIRECTION('',(0.,1.,0.));
#6334 = PLANE('',#6335);
#6335 = AXIS2_PLACEMENT_3D('',#6336,#6337,#6338);
#6336 = CARTESIAN_POINT('',(0.5,-0.4,0.));
#6337 = DIRECTION('',(0.,0.,1.));
#6338 = DIRECTION('',(1.,0.,-0.));
#6339 = ADVANCED_FACE('',(#6340),#6351,.T.);
#6340 = FACE_BOUND('',#6341,.T.);
#6341 = EDGE_LOOP('',(#6342,#6343,#6344,#6345));
#6342 = ORIENTED_EDGE('',*,*,#6146,.T.);
#6343 = ORIENTED_EDGE('',*,*,#6329,.T.);
#6344 = ORIENTED_EDGE('',*,*,#6270,.F.);
#6345 = ORIENTED_EDGE('',*,*,#6346,.F.);
#6346 = EDGE_CURVE('',#6139,#6263,#6347,.T.);
#6347 = LINE('',#6348,#6349);
#6348 = CARTESIAN_POINT('',(0.8,-0.4,4.5E-02));
#6349 = VECTOR('',#6350,1.);
#6350 = DIRECTION('',(0.,1.,0.));
#6351 = CYLINDRICAL_SURFACE('',#6352,4.5E-02);
#6352 = AXIS2_PLACEMENT_3D('',#6353,#6354,#6355);
#6353 = CARTESIAN_POINT('',(0.755,-0.4,4.5E-02));
#6354 = DIRECTION('',(0.,1.,0.));
#6355 = DIRECTION('',(1.,0.,0.));
#6356 = ADVANCED_FACE('',(#6357),#6368,.T.);
#6357 = FACE_BOUND('',#6358,.T.);
#6358 = EDGE_LOOP('',(#6359,#6360,#6361,#6362));
#6359 = ORIENTED_EDGE('',*,*,#6138,.F.);
#6360 = ORIENTED_EDGE('',*,*,#6346,.T.);
#6361 = ORIENTED_EDGE('',*,*,#6262,.T.);
#6362 = ORIENTED_EDGE('',*,*,#6363,.F.);
#6363 = EDGE_CURVE('',#6130,#6254,#6364,.T.);
#6364 = LINE('',#6365,#6366);
#6365 = CARTESIAN_POINT('',(0.8,-0.4,0.405));
#6366 = VECTOR('',#6367,1.);
#6367 = DIRECTION('',(0.,1.,0.));
#6368 = PLANE('',#6369);
#6369 = AXIS2_PLACEMENT_3D('',#6370,#6371,#6372);
#6370 = CARTESIAN_POINT('',(0.8,-0.4,0.));
#6371 = DIRECTION('',(1.,0.,0.));
#6372 = DIRECTION('',(0.,0.,1.));
#6373 = ADVANCED_FACE('',(#6374),#6385,.T.);
#6374 = FACE_BOUND('',#6375,.T.);
#6375 = EDGE_LOOP('',(#6376,#6377,#6378,#6384));
#6376 = ORIENTED_EDGE('',*,*,#6363,.T.);
#6377 = ORIENTED_EDGE('',*,*,#6253,.T.);
#6378 = ORIENTED_EDGE('',*,*,#6379,.F.);
#6379 = EDGE_CURVE('',#6122,#6246,#6380,.T.);
#6380 = LINE('',#6381,#6382);
#6381 = CARTESIAN_POINT('',(0.755,-0.4,0.45));
#6382 = VECTOR('',#6383,1.);
#6383 = DIRECTION('',(0.,1.,0.));
#6384 = ORIENTED_EDGE('',*,*,#6129,.F.);
#6385 = CYLINDRICAL_SURFACE('',#6386,4.5E-02);
#6386 = AXIS2_PLACEMENT_3D('',#6387,#6388,#6389);
#6387 = CARTESIAN_POINT('',(0.755,-0.4,0.405));
#6388 = DIRECTION('',(0.,1.,0.));
#6389 = DIRECTION('',(1.,0.,0.));
#6390 = ADVANCED_FACE('',(#6391),#6402,.T.);
#6391 = FACE_BOUND('',#6392,.T.);
#6392 = EDGE_LOOP('',(#6393,#6394,#6400,#6401));
#6393 = ORIENTED_EDGE('',*,*,#6245,.F.);
#6394 = ORIENTED_EDGE('',*,*,#6395,.F.);
#6395 = EDGE_CURVE('',#6113,#6237,#6396,.T.);
#6396 = LINE('',#6397,#6398);
#6397 = CARTESIAN_POINT('',(0.545,-0.4,0.45));
#6398 = VECTOR('',#6399,1.);
#6399 = DIRECTION('',(0.,1.,0.));
#6400 = ORIENTED_EDGE('',*,*,#6121,.T.);
#6401 = ORIENTED_EDGE('',*,*,#6379,.T.);
#6402 = PLANE('',#6403);
#6403 = AXIS2_PLACEMENT_3D('',#6404,#6405,#6406);
#6404 = CARTESIAN_POINT('',(0.5,-0.4,0.45));
#6405 = DIRECTION('',(0.,0.,1.));
#6406 = DIRECTION('',(1.,0.,-0.));
#6407 = ADVANCED_FACE('',(#6408),#6419,.T.);
#6408 = FACE_BOUND('',#6409,.T.);
#6409 = EDGE_LOOP('',(#6410,#6411,#6412,#6413));
#6410 = ORIENTED_EDGE('',*,*,#6112,.T.);
#6411 = ORIENTED_EDGE('',*,*,#6395,.T.);
#6412 = ORIENTED_EDGE('',*,*,#6236,.F.);
#6413 = ORIENTED_EDGE('',*,*,#6414,.F.);
#6414 = EDGE_CURVE('',#5947,#6030,#6415,.T.);
#6415 = LINE('',#6416,#6417);
#6416 = CARTESIAN_POINT('',(0.5,-0.4,0.405));
#6417 = VECTOR('',#6418,1.);
#6418 = DIRECTION('',(0.,1.,0.));
#6419 = CYLINDRICAL_SURFACE('',#6420,4.5E-02);
#6420 = AXIS2_PLACEMENT_3D('',#6421,#6422,#6423);
#6421 = CARTESIAN_POINT('',(0.545,-0.4,0.405));
#6422 = DIRECTION('',(0.,1.,0.));
#6423 = DIRECTION('',(-1.,0.,0.));
#6424 = ADVANCED_FACE('',(#6425),#6436,.T.);
#6425 = FACE_BOUND('',#6426,.T.);
#6426 = EDGE_LOOP('',(#6427,#6428,#6429,#6430));
#6427 = ORIENTED_EDGE('',*,*,#6178,.F.);
#6428 = ORIENTED_EDGE('',*,*,#6414,.T.);
#6429 = ORIENTED_EDGE('',*,*,#6295,.T.);
#6430 = ORIENTED_EDGE('',*,*,#6431,.F.);
#6431 = EDGE_CURVE('',#6171,#6288,#6432,.T.);
#6432 = LINE('',#6433,#6434);
#6433 = CARTESIAN_POINT('',(0.5,-0.4,0.45));
#6434 = VECTOR('',#6435,1.);
#6435 = DIRECTION('',(0.,1.,0.));
#6436 = PLANE('',#6437);
#6437 = AXIS2_PLACEMENT_3D('',#6438,#6439,#6440);
#6438 = CARTESIAN_POINT('',(0.5,-0.4,0.405));
#6439 = DIRECTION('',(1.,0.,0.));
#6440 = DIRECTION('',(0.,0.,1.));
#6441 = ADVANCED_FACE('',(#6442),#6448,.T.);
#6442 = FACE_BOUND('',#6443,.T.);
#6443 = EDGE_LOOP('',(#6444,#6445,#6446,#6447));
#6444 = ORIENTED_EDGE('',*,*,#6202,.F.);
#6445 = ORIENTED_EDGE('',*,*,#6170,.T.);
#6446 = ORIENTED_EDGE('',*,*,#6431,.T.);
#6447 = ORIENTED_EDGE('',*,*,#6287,.F.);
#6448 = PLANE('',#6449);
#6449 = AXIS2_PLACEMENT_3D('',#6450,#6451,#6452);
#6450 = CARTESIAN_POINT('',(-0.5,-0.4,0.45));
#6451 = DIRECTION('',(0.,0.,1.));
#6452 = DIRECTION('',(1.,0.,-0.));
#6453 = ( GEOMETRIC_REPRESENTATION_CONTEXT(3) 
GLOBAL_UNCERTAINTY_ASSIGNED_CONTEXT((#6457)) 
GLOBAL_UNIT_ASSIGNED_CONTEXT((#6454,#6455,#6456)) REPRESENTATION_CONTEXT
('Context #1','3D Context with UNIT and UNCERTAINTY') );
#6454 = ( LENGTH_UNIT() NAMED_UNIT(*) SI_UNIT(.MILLI.,.METRE.) );
#6455 = ( NAMED_UNIT(*) PLANE_ANGLE_UNIT() SI_UNIT($,.RADIAN.) );
#6456 = ( NAMED_UNIT(*) SI_UNIT($,.STERADIAN.) SOLID_ANGLE_UNIT() );
#6457 = UNCERTAINTY_MEASURE_WITH_UNIT(LENGTH_MEASURE(1.E-07),#6454,
  'distance_accuracy_value','confusion accuracy');
#6458 = CONTEXT_DEPENDENT_SHAPE_REPRESENTATION(#6459,#6461);
#6459 = ( REPRESENTATION_RELATIONSHIP('','',#5662,#5639) 
REPRESENTATION_RELATIONSHIP_WITH_TRANSFORMATION(#6460) 
SHAPE_REPRESENTATION_RELATIONSHIP() );
#6460 = ITEM_DEFINED_TRANSFORMATION('','',#11,#5640);
#6461 = PRODUCT_DEFINITION_SHAPE('Placement','Placement of an item',
  #6462);
#6462 = NEXT_ASSEMBLY_USAGE_OCCURRENCE('7','=>[0:1:1:7]','',#5634,#5657,
  $);
#6463 = PRODUCT_RELATED_PRODUCT_CATEGORY('part',$,(#5659));
#6464 = CONTEXT_DEPENDENT_SHAPE_REPRESENTATION(#6465,#6467);
#6465 = ( REPRESENTATION_RELATIONSHIP('','',#5639,#10) 
REPRESENTATION_RELATIONSHIP_WITH_TRANSFORMATION(#6466) 
SHAPE_REPRESENTATION_RELATIONSHIP() );
#6466 = ITEM_DEFINED_TRANSFORMATION('','',#11,#35);
#6467 = PRODUCT_DEFINITION_SHAPE('Placement','Placement of an item',
  #6468);
#6468 = NEXT_ASSEMBLY_USAGE_OCCURRENCE('9','R2','',#5,#5634,$);
#6469 = SHAPE_DEFINITION_REPRESENTATION(#6470,#6476);
#6470 = PRODUCT_DEFINITION_SHAPE('','',#6471);
#6471 = PRODUCT_DEFINITION('design','',#6472,#6475);
#6472 = PRODUCT_DEFINITION_FORMATION('','',#6473);
#6473 = PRODUCT('SOT-23-5','SOT-23-5','',(#6474));
#6474 = PRODUCT_CONTEXT('',#2,'mechanical');
#6475 = PRODUCT_DEFINITION_CONTEXT('part definition',#2,'design');
#6476 = SHAPE_REPRESENTATION('',(#11,#6477),#6481);
#6477 = AXIS2_PLACEMENT_3D('',#6478,#6479,#6480);
#6478 = CARTESIAN_POINT('',(0.,0.,0.));
#6479 = DIRECTION('',(0.,0.,1.));
#6480 = DIRECTION('',(1.,0.,-0.));
#6481 = ( GEOMETRIC_REPRESENTATION_CONTEXT(3) 
GLOBAL_UNCERTAINTY_ASSIGNED_CONTEXT((#6485)) 
GLOBAL_UNIT_ASSIGNED_CONTEXT((#6482,#6483,#6484)) REPRESENTATION_CONTEXT
('Context #1','3D Context with UNIT and UNCERTAINTY') );
#6482 = ( LENGTH_UNIT() NAMED_UNIT(*) SI_UNIT(.MILLI.,.METRE.) );
#6483 = ( NAMED_UNIT(*) PLANE_ANGLE_UNIT() SI_UNIT($,.RADIAN.) );
#6484 = ( NAMED_UNIT(*) SI_UNIT($,.STERADIAN.) SOLID_ANGLE_UNIT() );
#6485 = UNCERTAINTY_MEASURE_WITH_UNIT(LENGTH_MEASURE(2.E-06),#6482,
  'distance_accuracy_value','confusion accuracy');
#6486 = CONTEXT_DEPENDENT_SHAPE_REPRESENTATION(#6487,#6489);
#6487 = ( REPRESENTATION_RELATIONSHIP('','',#6476,#10) 
REPRESENTATION_RELATIONSHIP_WITH_TRANSFORMATION(#6488) 
SHAPE_REPRESENTATION_RELATIONSHIP() );
#6488 = ITEM_DEFINED_TRANSFORMATION('','',#11,#39);
#6489 = PRODUCT_DEFINITION_SHAPE('Placement','Placement of an item',
  #6490);
#6490 = NEXT_ASSEMBLY_USAGE_OCCURRENCE('11','U5','',#5,#6471,$);
#6491 = PRODUCT_RELATED_PRODUCT_CATEGORY('part',$,(#6473));
#6492 = SHAPE_DEFINITION_REPRESENTATION(#6493,#6499);
#6493 = PRODUCT_DEFINITION_SHAPE('','',#6494);
#6494 = PRODUCT_DEFINITION('design','',#6495,#6498);
#6495 = PRODUCT_DEFINITION_FORMATION('','',#6496);
#6496 = PRODUCT('SOT_23_5','SOT_23_5','',(#6497));
#6497 = PRODUCT_CONTEXT('',#2,'mechanical');
#6498 = PRODUCT_DEFINITION_CONTEXT('part definition',#2,'design');
#6499 = ADVANCED_BREP_SHAPE_REPRESENTATION('',(#11,#6500),#9661);
#6500 = MANIFOLD_SOLID_BREP('',#6501);
#6501 = CLOSED_SHELL('',(#6502,#6540,#6603,#6626,#6655,#6678,#6733,#6756
    ,#6779,#6802,#6867,#6890,#6919,#6942,#6966,#6996,#7027,#7058,#7089,
    #7112,#7135,#7158,#7182,#7206,#7237,#7268,#7299,#7330,#7361,#7384,
    #7413,#7436,#7460,#7552,#7644,#7674,#7699,#7783,#7875,#7892,#7923,
    #7946,#7969,#7992,#8016,#8108,#8200,#8224,#8249,#8333,#8425,#8442,
    #8473,#8565,#8657,#8688,#8705,#8728,#8784,#8800,#8830,#8849,#8866,
    #8883,#8900,#8917,#8934,#8951,#8968,#8980,#8999,#9016,#9033,#9050,
    #9067,#9084,#9101,#9118,#9130,#9146,#9162,#9178,#9211,#9230,#9247,
    #9264,#9281,#9298,#9315,#9332,#9349,#9361,#9380,#9397,#9414,#9431,
    #9448,#9465,#9482,#9499,#9511,#9530,#9547,#9564,#9581,#9598,#9615,
    #9632,#9649));
#6502 = ADVANCED_FACE('',(#6503),#6535,.F.);
#6503 = FACE_BOUND('',#6504,.F.);
#6504 = EDGE_LOOP('',(#6505,#6515,#6522,#6530));
#6505 = ORIENTED_EDGE('',*,*,#6506,.T.);
#6506 = EDGE_CURVE('',#6507,#6509,#6511,.T.);
#6507 = VERTEX_POINT('',#6508);
#6508 = CARTESIAN_POINT('',(-0.659324228722,1.358648457443,0.1));
#6509 = VERTEX_POINT('',#6510);
#6510 = CARTESIAN_POINT('',(0.659324228722,1.358648457443,0.1));
#6511 = LINE('',#6512,#6513);
#6512 = CARTESIAN_POINT('',(-0.659324228722,1.358648457443,0.1));
#6513 = VECTOR('',#6514,1.);
#6514 = DIRECTION('',(1.,2.22044604925E-16,0.));
#6515 = ORIENTED_EDGE('',*,*,#6516,.T.);
#6516 = EDGE_CURVE('',#6509,#6517,#6519,.T.);
#6517 = VERTEX_POINT('',#6518);
#6518 = CARTESIAN_POINT('',(0.705,1.45,0.75));
#6519 = B_SPLINE_CURVE_WITH_KNOTS('',1,(#6520,#6521),.UNSPECIFIED.,.F.,
  .F.,(2,2),(0.,1.),.PIECEWISE_BEZIER_KNOTS.);
#6520 = CARTESIAN_POINT('',(0.659324228722,1.358648457443,0.1));
#6521 = CARTESIAN_POINT('',(0.705,1.45,0.75));
#6522 = ORIENTED_EDGE('',*,*,#6523,.F.);
#6523 = EDGE_CURVE('',#6524,#6517,#6526,.T.);
#6524 = VERTEX_POINT('',#6525);
#6525 = CARTESIAN_POINT('',(-0.705,1.45,0.75));
#6526 = LINE('',#6527,#6528);
#6527 = CARTESIAN_POINT('',(-0.705,1.45,0.75));
#6528 = VECTOR('',#6529,1.);
#6529 = DIRECTION('',(1.,2.22044604925E-16,0.));
#6530 = ORIENTED_EDGE('',*,*,#6531,.F.);
#6531 = EDGE_CURVE('',#6507,#6524,#6532,.T.);
#6532 = B_SPLINE_CURVE_WITH_KNOTS('',1,(#6533,#6534),.UNSPECIFIED.,.F.,
  .F.,(2,2),(0.,1.),.PIECEWISE_BEZIER_KNOTS.);
#6533 = CARTESIAN_POINT('',(-0.659324228722,1.358648457443,0.1));
#6534 = CARTESIAN_POINT('',(-0.705,1.45,0.75));
#6535 = B_SPLINE_SURFACE_WITH_KNOTS('',1,1,(
    (#6536,#6537)
    ,(#6538,#6539
    )),.UNSPECIFIED.,.F.,.F.,.F.,(2,2),(2,2),(0.,1.41),(0.,1.),
  .PIECEWISE_BEZIER_KNOTS.);
#6536 = CARTESIAN_POINT('',(-0.659324228722,1.358648457443,0.1));
#6537 = CARTESIAN_POINT('',(-0.705,1.45,0.75));
#6538 = CARTESIAN_POINT('',(0.659324228722,1.358648457443,0.1));
#6539 = CARTESIAN_POINT('',(0.705,1.45,0.75));
#6540 = ADVANCED_FACE('',(#6541),#6598,.F.);
#6541 = FACE_BOUND('',#6542,.T.);
#6542 = EDGE_LOOP('',(#6543,#6544,#6552,#6560,#6568,#6576,#6584,#6592));
#6543 = ORIENTED_EDGE('',*,*,#6506,.T.);
#6544 = ORIENTED_EDGE('',*,*,#6545,.T.);
#6545 = EDGE_CURVE('',#6509,#6546,#6548,.T.);
#6546 = VERTEX_POINT('',#6547);
#6547 = CARTESIAN_POINT('',(0.708648457443,1.309324228722,0.1));
#6548 = LINE('',#6549,#6550);
#6549 = CARTESIAN_POINT('',(0.659324228722,1.358648457443,0.1));
#6550 = VECTOR('',#6551,1.);
#6551 = DIRECTION('',(0.707106781187,-0.707106781187,0.));
#6552 = ORIENTED_EDGE('',*,*,#6553,.T.);
#6553 = EDGE_CURVE('',#6546,#6554,#6556,.T.);
#6554 = VERTEX_POINT('',#6555);
#6555 = CARTESIAN_POINT('',(0.708648457443,-1.309324228722,0.1));
#6556 = LINE('',#6557,#6558);
#6557 = CARTESIAN_POINT('',(0.708648457443,1.309324228722,0.1));
#6558 = VECTOR('',#6559,1.);
#6559 = DIRECTION('',(2.22044604925E-16,-1.,0.));
#6560 = ORIENTED_EDGE('',*,*,#6561,.T.);
#6561 = EDGE_CURVE('',#6554,#6562,#6564,.T.);
#6562 = VERTEX_POINT('',#6563);
#6563 = CARTESIAN_POINT('',(0.659324228722,-1.358648457443,0.1));
#6564 = LINE('',#6565,#6566);
#6565 = CARTESIAN_POINT('',(0.708648457443,-1.309324228722,0.1));
#6566 = VECTOR('',#6567,1.);
#6567 = DIRECTION('',(-0.707106781187,-0.707106781187,0.));
#6568 = ORIENTED_EDGE('',*,*,#6569,.T.);
#6569 = EDGE_CURVE('',#6562,#6570,#6572,.T.);
#6570 = VERTEX_POINT('',#6571);
#6571 = CARTESIAN_POINT('',(-0.659324228722,-1.358648457443,0.1));
#6572 = LINE('',#6573,#6574);
#6573 = CARTESIAN_POINT('',(0.659324228722,-1.358648457443,0.1));
#6574 = VECTOR('',#6575,1.);
#6575 = DIRECTION('',(-1.,-2.22044604925E-16,0.));
#6576 = ORIENTED_EDGE('',*,*,#6577,.T.);
#6577 = EDGE_CURVE('',#6570,#6578,#6580,.T.);
#6578 = VERTEX_POINT('',#6579);
#6579 = CARTESIAN_POINT('',(-0.708648457443,-1.309324228722,0.1));
#6580 = LINE('',#6581,#6582);
#6581 = CARTESIAN_POINT('',(-0.659324228722,-1.358648457443,0.1));
#6582 = VECTOR('',#6583,1.);
#6583 = DIRECTION('',(-0.707106781187,0.707106781187,0.));
#6584 = ORIENTED_EDGE('',*,*,#6585,.T.);
#6585 = EDGE_CURVE('',#6578,#6586,#6588,.T.);
#6586 = VERTEX_POINT('',#6587);
#6587 = CARTESIAN_POINT('',(-0.708648457443,1.309324228722,0.1));
#6588 = LINE('',#6589,#6590);
#6589 = CARTESIAN_POINT('',(-0.708648457443,-1.309324228722,0.1));
#6590 = VECTOR('',#6591,1.);
#6591 = DIRECTION('',(-2.22044604925E-16,1.,0.));
#6592 = ORIENTED_EDGE('',*,*,#6593,.T.);
#6593 = EDGE_CURVE('',#6586,#6507,#6594,.T.);
#6594 = LINE('',#6595,#6596);
#6595 = CARTESIAN_POINT('',(-0.708648457443,1.309324228722,0.1));
#6596 = VECTOR('',#6597,1.);
#6597 = DIRECTION('',(0.707106781187,0.707106781187,0.));
#6598 = PLANE('',#6599);
#6599 = AXIS2_PLACEMENT_3D('',#6600,#6601,#6602);
#6600 = CARTESIAN_POINT('',(-0.659324228722,1.358648457443,0.1));
#6601 = DIRECTION('',(0.,0.,1.));
#6602 = DIRECTION('',(0.436587433964,-0.899661832304,0.));
#6603 = ADVANCED_FACE('',(#6604),#6621,.F.);
#6604 = FACE_BOUND('',#6605,.F.);
#6605 = EDGE_LOOP('',(#6606,#6607,#6614,#6620));
#6606 = ORIENTED_EDGE('',*,*,#6545,.T.);
#6607 = ORIENTED_EDGE('',*,*,#6608,.T.);
#6608 = EDGE_CURVE('',#6546,#6609,#6611,.T.);
#6609 = VERTEX_POINT('',#6610);
#6610 = CARTESIAN_POINT('',(0.8,1.355,0.75));
#6611 = B_SPLINE_CURVE_WITH_KNOTS('',1,(#6612,#6613),.UNSPECIFIED.,.F.,
  .F.,(2,2),(0.,1.),.PIECEWISE_BEZIER_KNOTS.);
#6612 = CARTESIAN_POINT('',(0.708648457443,1.309324228722,0.1));
#6613 = CARTESIAN_POINT('',(0.8,1.355,0.75));
#6614 = ORIENTED_EDGE('',*,*,#6615,.F.);
#6615 = EDGE_CURVE('',#6517,#6609,#6616,.T.);
#6616 = LINE('',#6617,#6618);
#6617 = CARTESIAN_POINT('',(0.705,1.45,0.75));
#6618 = VECTOR('',#6619,1.);
#6619 = DIRECTION('',(0.707106781187,-0.707106781187,0.));
#6620 = ORIENTED_EDGE('',*,*,#6516,.F.);
#6621 = B_SPLINE_SURFACE_WITH_KNOTS('',1,1,(
    (#6622,#6623)
    ,(#6624,#6625
    )),.UNSPECIFIED.,.F.,.F.,.F.,(2,2),(2,2),(0.,0.134350288425),(0.,1.)
  ,.PIECEWISE_BEZIER_KNOTS.);
#6622 = CARTESIAN_POINT('',(0.659324228722,1.358648457443,0.1));
#6623 = CARTESIAN_POINT('',(0.705,1.45,0.75));
#6624 = CARTESIAN_POINT('',(0.708648457443,1.309324228722,0.1));
#6625 = CARTESIAN_POINT('',(0.8,1.355,0.75));
#6626 = ADVANCED_FACE('',(#6627),#6650,.F.);
#6627 = FACE_BOUND('',#6628,.F.);
#6628 = EDGE_LOOP('',(#6629,#6630,#6637,#6645));
#6629 = ORIENTED_EDGE('',*,*,#6523,.T.);
#6630 = ORIENTED_EDGE('',*,*,#6631,.T.);
#6631 = EDGE_CURVE('',#6517,#6632,#6634,.T.);
#6632 = VERTEX_POINT('',#6633);
#6633 = CARTESIAN_POINT('',(0.705,1.45,0.9));
#6634 = B_SPLINE_CURVE_WITH_KNOTS('',1,(#6635,#6636),.UNSPECIFIED.,.F.,
  .F.,(2,2),(0.,1.),.PIECEWISE_BEZIER_KNOTS.);
#6635 = CARTESIAN_POINT('',(0.705,1.45,0.75));
#6636 = CARTESIAN_POINT('',(0.705,1.45,0.9));
#6637 = ORIENTED_EDGE('',*,*,#6638,.F.);
#6638 = EDGE_CURVE('',#6639,#6632,#6641,.T.);
#6639 = VERTEX_POINT('',#6640);
#6640 = CARTESIAN_POINT('',(-0.705,1.45,0.9));
#6641 = LINE('',#6642,#6643);
#6642 = CARTESIAN_POINT('',(-0.705,1.45,0.9));
#6643 = VECTOR('',#6644,1.);
#6644 = DIRECTION('',(1.,2.22044604925E-16,0.));
#6645 = ORIENTED_EDGE('',*,*,#6646,.F.);
#6646 = EDGE_CURVE('',#6524,#6639,#6647,.T.);
#6647 = B_SPLINE_CURVE_WITH_KNOTS('',1,(#6648,#6649),.UNSPECIFIED.,.F.,
  .F.,(2,2),(0.,1.),.PIECEWISE_BEZIER_KNOTS.);
#6648 = CARTESIAN_POINT('',(-0.705,1.45,0.75));
#6649 = CARTESIAN_POINT('',(-0.705,1.45,0.9));
#6650 = PLANE('',#6651);
#6651 = AXIS2_PLACEMENT_3D('',#6652,#6653,#6654);
#6652 = CARTESIAN_POINT('',(-0.705,1.45,0.9));
#6653 = DIRECTION('',(2.22044604925E-16,-1.,0.));
#6654 = DIRECTION('',(1.,2.22044604925E-16,0.));
#6655 = ADVANCED_FACE('',(#6656),#6673,.F.);
#6656 = FACE_BOUND('',#6657,.F.);
#6657 = EDGE_LOOP('',(#6658,#6659,#6660,#6668));
#6658 = ORIENTED_EDGE('',*,*,#6593,.T.);
#6659 = ORIENTED_EDGE('',*,*,#6531,.T.);
#6660 = ORIENTED_EDGE('',*,*,#6661,.F.);
#6661 = EDGE_CURVE('',#6662,#6524,#6664,.T.);
#6662 = VERTEX_POINT('',#6663);
#6663 = CARTESIAN_POINT('',(-0.8,1.355,0.75));
#6664 = LINE('',#6665,#6666);
#6665 = CARTESIAN_POINT('',(-0.8,1.355,0.75));
#6666 = VECTOR('',#6667,1.);
#6667 = DIRECTION('',(0.707106781187,0.707106781187,0.));
#6668 = ORIENTED_EDGE('',*,*,#6669,.F.);
#6669 = EDGE_CURVE('',#6586,#6662,#6670,.T.);
#6670 = B_SPLINE_CURVE_WITH_KNOTS('',1,(#6671,#6672),.UNSPECIFIED.,.F.,
  .F.,(2,2),(0.,1.),.PIECEWISE_BEZIER_KNOTS.);
#6671 = CARTESIAN_POINT('',(-0.708648457443,1.309324228722,0.1));
#6672 = CARTESIAN_POINT('',(-0.8,1.355,0.75));
#6673 = B_SPLINE_SURFACE_WITH_KNOTS('',1,1,(
    (#6674,#6675)
    ,(#6676,#6677
    )),.UNSPECIFIED.,.F.,.F.,.F.,(2,2),(2,2),(0.,0.134350288425),(0.,1.)
  ,.PIECEWISE_BEZIER_KNOTS.);
#6674 = CARTESIAN_POINT('',(-0.708648457443,1.309324228722,0.1));
#6675 = CARTESIAN_POINT('',(-0.8,1.355,0.75));
#6676 = CARTESIAN_POINT('',(-0.659324228722,1.358648457443,0.1));
#6677 = CARTESIAN_POINT('',(-0.705,1.45,0.75));
#6678 = ADVANCED_FACE('',(#6679),#6728,.F.);
#6679 = FACE_BOUND('',#6680,.F.);
#6680 = EDGE_LOOP('',(#6681,#6682,#6689,#6697,#6705,#6713,#6721,#6727));
#6681 = ORIENTED_EDGE('',*,*,#6553,.T.);
#6682 = ORIENTED_EDGE('',*,*,#6683,.T.);
#6683 = EDGE_CURVE('',#6554,#6684,#6686,.T.);
#6684 = VERTEX_POINT('',#6685);
#6685 = CARTESIAN_POINT('',(0.8,-1.355,0.75));
#6686 = B_SPLINE_CURVE_WITH_KNOTS('',1,(#6687,#6688),.UNSPECIFIED.,.F.,
  .F.,(2,2),(0.,1.),.PIECEWISE_BEZIER_KNOTS.);
#6687 = CARTESIAN_POINT('',(0.708648457443,-1.309324228722,0.1));
#6688 = CARTESIAN_POINT('',(0.8,-1.355,0.75));
#6689 = ORIENTED_EDGE('',*,*,#6690,.F.);
#6690 = EDGE_CURVE('',#6691,#6684,#6693,.T.);
#6691 = VERTEX_POINT('',#6692);
#6692 = CARTESIAN_POINT('',(0.8,-1.2,0.75));
#6693 = LINE('',#6694,#6695);
#6694 = CARTESIAN_POINT('',(0.8,1.355,0.75));
#6695 = VECTOR('',#6696,1.);
#6696 = DIRECTION('',(2.22044604925E-16,-1.,0.));
#6697 = ORIENTED_EDGE('',*,*,#6698,.F.);
#6698 = EDGE_CURVE('',#6699,#6691,#6701,.T.);
#6699 = VERTEX_POINT('',#6700);
#6700 = CARTESIAN_POINT('',(0.8,-0.7,0.75));
#6701 = LINE('',#6702,#6703);
#6702 = CARTESIAN_POINT('',(0.8,1.355,0.75));
#6703 = VECTOR('',#6704,1.);
#6704 = DIRECTION('',(2.22044604925E-16,-1.,0.));
#6705 = ORIENTED_EDGE('',*,*,#6706,.F.);
#6706 = EDGE_CURVE('',#6707,#6699,#6709,.T.);
#6707 = VERTEX_POINT('',#6708);
#6708 = CARTESIAN_POINT('',(0.8,0.7,0.75));
#6709 = LINE('',#6710,#6711);
#6710 = CARTESIAN_POINT('',(0.8,1.355,0.75));
#6711 = VECTOR('',#6712,1.);
#6712 = DIRECTION('',(2.22044604925E-16,-1.,0.));
#6713 = ORIENTED_EDGE('',*,*,#6714,.F.);
#6714 = EDGE_CURVE('',#6715,#6707,#6717,.T.);
#6715 = VERTEX_POINT('',#6716);
#6716 = CARTESIAN_POINT('',(0.8,1.2,0.75));
#6717 = LINE('',#6718,#6719);
#6718 = CARTESIAN_POINT('',(0.8,1.355,0.75));
#6719 = VECTOR('',#6720,1.);
#6720 = DIRECTION('',(2.22044604925E-16,-1.,0.));
#6721 = ORIENTED_EDGE('',*,*,#6722,.F.);
#6722 = EDGE_CURVE('',#6609,#6715,#6723,.T.);
#6723 = LINE('',#6724,#6725);
#6724 = CARTESIAN_POINT('',(0.8,1.355,0.75));
#6725 = VECTOR('',#6726,1.);
#6726 = DIRECTION('',(2.22044604925E-16,-1.,0.));
#6727 = ORIENTED_EDGE('',*,*,#6608,.F.);
#6728 = B_SPLINE_SURFACE_WITH_KNOTS('',1,1,(
    (#6729,#6730)
    ,(#6731,#6732
    )),.UNSPECIFIED.,.F.,.F.,.F.,(2,2),(2,2),(0.,2.71),(0.,1.),
  .PIECEWISE_BEZIER_KNOTS.);
#6729 = CARTESIAN_POINT('',(0.708648457443,1.309324228722,0.1));
#6730 = CARTESIAN_POINT('',(0.8,1.355,0.75));
#6731 = CARTESIAN_POINT('',(0.708648457443,-1.309324228722,0.1));
#6732 = CARTESIAN_POINT('',(0.8,-1.355,0.75));
#6733 = ADVANCED_FACE('',(#6734),#6751,.F.);
#6734 = FACE_BOUND('',#6735,.F.);
#6735 = EDGE_LOOP('',(#6736,#6737,#6744,#6750));
#6736 = ORIENTED_EDGE('',*,*,#6561,.T.);
#6737 = ORIENTED_EDGE('',*,*,#6738,.T.);
#6738 = EDGE_CURVE('',#6562,#6739,#6741,.T.);
#6739 = VERTEX_POINT('',#6740);
#6740 = CARTESIAN_POINT('',(0.705,-1.45,0.75));
#6741 = B_SPLINE_CURVE_WITH_KNOTS('',1,(#6742,#6743),.UNSPECIFIED.,.F.,
  .F.,(2,2),(0.,1.),.PIECEWISE_BEZIER_KNOTS.);
#6742 = CARTESIAN_POINT('',(0.659324228722,-1.358648457443,0.1));
#6743 = CARTESIAN_POINT('',(0.705,-1.45,0.75));
#6744 = ORIENTED_EDGE('',*,*,#6745,.F.);
#6745 = EDGE_CURVE('',#6684,#6739,#6746,.T.);
#6746 = LINE('',#6747,#6748);
#6747 = CARTESIAN_POINT('',(0.8,-1.355,0.75));
#6748 = VECTOR('',#6749,1.);
#6749 = DIRECTION('',(-0.707106781187,-0.707106781187,0.));
#6750 = ORIENTED_EDGE('',*,*,#6683,.F.);
#6751 = B_SPLINE_SURFACE_WITH_KNOTS('',1,1,(
    (#6752,#6753)
    ,(#6754,#6755
    )),.UNSPECIFIED.,.F.,.F.,.F.,(2,2),(2,2),(0.,0.134350288425),(0.,1.)
  ,.PIECEWISE_BEZIER_KNOTS.);
#6752 = CARTESIAN_POINT('',(0.708648457443,-1.309324228722,0.1));
#6753 = CARTESIAN_POINT('',(0.8,-1.355,0.75));
#6754 = CARTESIAN_POINT('',(0.659324228722,-1.358648457443,0.1));
#6755 = CARTESIAN_POINT('',(0.705,-1.45,0.75));
#6756 = ADVANCED_FACE('',(#6757),#6774,.F.);
#6757 = FACE_BOUND('',#6758,.F.);
#6758 = EDGE_LOOP('',(#6759,#6760,#6767,#6773));
#6759 = ORIENTED_EDGE('',*,*,#6569,.T.);
#6760 = ORIENTED_EDGE('',*,*,#6761,.T.);
#6761 = EDGE_CURVE('',#6570,#6762,#6764,.T.);
#6762 = VERTEX_POINT('',#6763);
#6763 = CARTESIAN_POINT('',(-0.705,-1.45,0.75));
#6764 = B_SPLINE_CURVE_WITH_KNOTS('',1,(#6765,#6766),.UNSPECIFIED.,.F.,
  .F.,(2,2),(0.,1.),.PIECEWISE_BEZIER_KNOTS.);
#6765 = CARTESIAN_POINT('',(-0.659324228722,-1.358648457443,0.1));
#6766 = CARTESIAN_POINT('',(-0.705,-1.45,0.75));
#6767 = ORIENTED_EDGE('',*,*,#6768,.F.);
#6768 = EDGE_CURVE('',#6739,#6762,#6769,.T.);
#6769 = LINE('',#6770,#6771);
#6770 = CARTESIAN_POINT('',(0.705,-1.45,0.75));
#6771 = VECTOR('',#6772,1.);
#6772 = DIRECTION('',(-1.,-2.22044604925E-16,0.));
#6773 = ORIENTED_EDGE('',*,*,#6738,.F.);
#6774 = B_SPLINE_SURFACE_WITH_KNOTS('',1,1,(
    (#6775,#6776)
    ,(#6777,#6778
    )),.UNSPECIFIED.,.F.,.F.,.F.,(2,2),(2,2),(0.,1.41),(0.,1.),
  .PIECEWISE_BEZIER_KNOTS.);
#6775 = CARTESIAN_POINT('',(0.659324228722,-1.358648457443,0.1));
#6776 = CARTESIAN_POINT('',(0.705,-1.45,0.75));
#6777 = CARTESIAN_POINT('',(-0.659324228722,-1.358648457443,0.1));
#6778 = CARTESIAN_POINT('',(-0.705,-1.45,0.75));
#6779 = ADVANCED_FACE('',(#6780),#6797,.F.);
#6780 = FACE_BOUND('',#6781,.F.);
#6781 = EDGE_LOOP('',(#6782,#6783,#6790,#6796));
#6782 = ORIENTED_EDGE('',*,*,#6577,.T.);
#6783 = ORIENTED_EDGE('',*,*,#6784,.T.);
#6784 = EDGE_CURVE('',#6578,#6785,#6787,.T.);
#6785 = VERTEX_POINT('',#6786);
#6786 = CARTESIAN_POINT('',(-0.8,-1.355,0.75));
#6787 = B_SPLINE_CURVE_WITH_KNOTS('',1,(#6788,#6789),.UNSPECIFIED.,.F.,
  .F.,(2,2),(0.,1.),.PIECEWISE_BEZIER_KNOTS.);
#6788 = CARTESIAN_POINT('',(-0.708648457443,-1.309324228722,0.1));
#6789 = CARTESIAN_POINT('',(-0.8,-1.355,0.75));
#6790 = ORIENTED_EDGE('',*,*,#6791,.F.);
#6791 = EDGE_CURVE('',#6762,#6785,#6792,.T.);
#6792 = LINE('',#6793,#6794);
#6793 = CARTESIAN_POINT('',(-0.705,-1.45,0.75));
#6794 = VECTOR('',#6795,1.);
#6795 = DIRECTION('',(-0.707106781187,0.707106781187,0.));
#6796 = ORIENTED_EDGE('',*,*,#6761,.F.);
#6797 = B_SPLINE_SURFACE_WITH_KNOTS('',1,1,(
    (#6798,#6799)
    ,(#6800,#6801
    )),.UNSPECIFIED.,.F.,.F.,.F.,(2,2),(2,2),(0.,0.134350288425),(0.,1.)
  ,.PIECEWISE_BEZIER_KNOTS.);
#6798 = CARTESIAN_POINT('',(-0.659324228722,-1.358648457443,0.1));
#6799 = CARTESIAN_POINT('',(-0.705,-1.45,0.75));
#6800 = CARTESIAN_POINT('',(-0.708648457443,-1.309324228722,0.1));
#6801 = CARTESIAN_POINT('',(-0.8,-1.355,0.75));
#6802 = ADVANCED_FACE('',(#6803),#6862,.F.);
#6803 = FACE_BOUND('',#6804,.F.);
#6804 = EDGE_LOOP('',(#6805,#6806,#6807,#6815,#6823,#6831,#6839,#6847,
    #6855,#6861));
#6805 = ORIENTED_EDGE('',*,*,#6585,.T.);
#6806 = ORIENTED_EDGE('',*,*,#6669,.T.);
#6807 = ORIENTED_EDGE('',*,*,#6808,.F.);
#6808 = EDGE_CURVE('',#6809,#6662,#6811,.T.);
#6809 = VERTEX_POINT('',#6810);
#6810 = CARTESIAN_POINT('',(-0.8,1.2,0.75));
#6811 = LINE('',#6812,#6813);
#6812 = CARTESIAN_POINT('',(-0.8,-1.355,0.75));
#6813 = VECTOR('',#6814,1.);
#6814 = DIRECTION('',(-2.22044604925E-16,1.,0.));
#6815 = ORIENTED_EDGE('',*,*,#6816,.F.);
#6816 = EDGE_CURVE('',#6817,#6809,#6819,.T.);
#6817 = VERTEX_POINT('',#6818);
#6818 = CARTESIAN_POINT('',(-0.8,0.7,0.75));
#6819 = LINE('',#6820,#6821);
#6820 = CARTESIAN_POINT('',(-0.8,-1.355,0.75));
#6821 = VECTOR('',#6822,1.);
#6822 = DIRECTION('',(-2.22044604925E-16,1.,0.));
#6823 = ORIENTED_EDGE('',*,*,#6824,.F.);
#6824 = EDGE_CURVE('',#6825,#6817,#6827,.T.);
#6825 = VERTEX_POINT('',#6826);
#6826 = CARTESIAN_POINT('',(-0.8,0.25,0.75));
#6827 = LINE('',#6828,#6829);
#6828 = CARTESIAN_POINT('',(-0.8,-1.355,0.75));
#6829 = VECTOR('',#6830,1.);
#6830 = DIRECTION('',(-2.22044604925E-16,1.,0.));
#6831 = ORIENTED_EDGE('',*,*,#6832,.F.);
#6832 = EDGE_CURVE('',#6833,#6825,#6835,.T.);
#6833 = VERTEX_POINT('',#6834);
#6834 = CARTESIAN_POINT('',(-0.8,-0.25,0.75));
#6835 = LINE('',#6836,#6837);
#6836 = CARTESIAN_POINT('',(-0.8,-1.355,0.75));
#6837 = VECTOR('',#6838,1.);
#6838 = DIRECTION('',(-2.22044604925E-16,1.,0.));
#6839 = ORIENTED_EDGE('',*,*,#6840,.F.);
#6840 = EDGE_CURVE('',#6841,#6833,#6843,.T.);
#6841 = VERTEX_POINT('',#6842);
#6842 = CARTESIAN_POINT('',(-0.8,-0.7,0.75));
#6843 = LINE('',#6844,#6845);
#6844 = CARTESIAN_POINT('',(-0.8,-1.355,0.75));
#6845 = VECTOR('',#6846,1.);
#6846 = DIRECTION('',(-2.22044604925E-16,1.,0.));
#6847 = ORIENTED_EDGE('',*,*,#6848,.F.);
#6848 = EDGE_CURVE('',#6849,#6841,#6851,.T.);
#6849 = VERTEX_POINT('',#6850);
#6850 = CARTESIAN_POINT('',(-0.8,-1.2,0.75));
#6851 = LINE('',#6852,#6853);
#6852 = CARTESIAN_POINT('',(-0.8,-1.355,0.75));
#6853 = VECTOR('',#6854,1.);
#6854 = DIRECTION('',(-2.22044604925E-16,1.,0.));
#6855 = ORIENTED_EDGE('',*,*,#6856,.F.);
#6856 = EDGE_CURVE('',#6785,#6849,#6857,.T.);
#6857 = LINE('',#6858,#6859);
#6858 = CARTESIAN_POINT('',(-0.8,-1.355,0.75));
#6859 = VECTOR('',#6860,1.);
#6860 = DIRECTION('',(-2.22044604925E-16,1.,0.));
#6861 = ORIENTED_EDGE('',*,*,#6784,.F.);
#6862 = B_SPLINE_SURFACE_WITH_KNOTS('',1,1,(
    (#6863,#6864)
    ,(#6865,#6866
    )),.UNSPECIFIED.,.F.,.F.,.F.,(2,2),(2,2),(0.,2.71),(0.,1.),
  .PIECEWISE_BEZIER_KNOTS.);
#6863 = CARTESIAN_POINT('',(-0.708648457443,-1.309324228722,0.1));
#6864 = CARTESIAN_POINT('',(-0.8,-1.355,0.75));
#6865 = CARTESIAN_POINT('',(-0.708648457443,1.309324228722,0.1));
#6866 = CARTESIAN_POINT('',(-0.8,1.355,0.75));
#6867 = ADVANCED_FACE('',(#6868),#6885,.F.);
#6868 = FACE_BOUND('',#6869,.F.);
#6869 = EDGE_LOOP('',(#6870,#6871,#6878,#6884));
#6870 = ORIENTED_EDGE('',*,*,#6615,.T.);
#6871 = ORIENTED_EDGE('',*,*,#6872,.T.);
#6872 = EDGE_CURVE('',#6609,#6873,#6875,.T.);
#6873 = VERTEX_POINT('',#6874);
#6874 = CARTESIAN_POINT('',(0.8,1.355,0.9));
#6875 = B_SPLINE_CURVE_WITH_KNOTS('',1,(#6876,#6877),.UNSPECIFIED.,.F.,
  .F.,(2,2),(0.,1.),.PIECEWISE_BEZIER_KNOTS.);
#6876 = CARTESIAN_POINT('',(0.8,1.355,0.75));
#6877 = CARTESIAN_POINT('',(0.8,1.355,0.9));
#6878 = ORIENTED_EDGE('',*,*,#6879,.F.);
#6879 = EDGE_CURVE('',#6632,#6873,#6880,.T.);
#6880 = LINE('',#6881,#6882);
#6881 = CARTESIAN_POINT('',(0.705,1.45,0.9));
#6882 = VECTOR('',#6883,1.);
#6883 = DIRECTION('',(0.707106781187,-0.707106781187,0.));
#6884 = ORIENTED_EDGE('',*,*,#6631,.F.);
#6885 = PLANE('',#6886);
#6886 = AXIS2_PLACEMENT_3D('',#6887,#6888,#6889);
#6887 = CARTESIAN_POINT('',(0.705,1.45,0.9));
#6888 = DIRECTION('',(-0.707106781187,-0.707106781187,0.));
#6889 = DIRECTION('',(0.707106781187,-0.707106781187,0.));
#6890 = ADVANCED_FACE('',(#6891),#6914,.F.);
#6891 = FACE_BOUND('',#6892,.F.);
#6892 = EDGE_LOOP('',(#6893,#6894,#6901,#6909));
#6893 = ORIENTED_EDGE('',*,*,#6638,.T.);
#6894 = ORIENTED_EDGE('',*,*,#6895,.T.);
#6895 = EDGE_CURVE('',#6632,#6896,#6898,.T.);
#6896 = VERTEX_POINT('',#6897);
#6897 = CARTESIAN_POINT('',(0.6925,1.425,0.9));
#6898 = B_SPLINE_CURVE_WITH_KNOTS('',1,(#6899,#6900),.UNSPECIFIED.,.F.,
  .F.,(2,2),(0.,1.),.PIECEWISE_BEZIER_KNOTS.);
#6899 = CARTESIAN_POINT('',(0.705,1.45,0.9));
#6900 = CARTESIAN_POINT('',(0.6925,1.425,0.9));
#6901 = ORIENTED_EDGE('',*,*,#6902,.F.);
#6902 = EDGE_CURVE('',#6903,#6896,#6905,.T.);
#6903 = VERTEX_POINT('',#6904);
#6904 = CARTESIAN_POINT('',(-0.6925,1.425,0.9));
#6905 = LINE('',#6906,#6907);
#6906 = CARTESIAN_POINT('',(-0.6925,1.425,0.9));
#6907 = VECTOR('',#6908,1.);
#6908 = DIRECTION('',(1.,2.22044604925E-16,0.));
#6909 = ORIENTED_EDGE('',*,*,#6910,.F.);
#6910 = EDGE_CURVE('',#6639,#6903,#6911,.T.);
#6911 = B_SPLINE_CURVE_WITH_KNOTS('',1,(#6912,#6913),.UNSPECIFIED.,.F.,
  .F.,(2,2),(0.,1.),.PIECEWISE_BEZIER_KNOTS.);
#6912 = CARTESIAN_POINT('',(-0.705,1.45,0.9));
#6913 = CARTESIAN_POINT('',(-0.6925,1.425,0.9));
#6914 = B_SPLINE_SURFACE_WITH_KNOTS('',1,1,(
    (#6915,#6916)
    ,(#6917,#6918
    )),.UNSPECIFIED.,.F.,.F.,.F.,(2,2),(2,2),(0.,1.41),(0.,1.),
  .PIECEWISE_BEZIER_KNOTS.);
#6915 = CARTESIAN_POINT('',(-0.705,1.45,0.9));
#6916 = CARTESIAN_POINT('',(-0.6925,1.425,0.9));
#6917 = CARTESIAN_POINT('',(0.705,1.45,0.9));
#6918 = CARTESIAN_POINT('',(0.6925,1.425,0.9));
#6919 = ADVANCED_FACE('',(#6920),#6937,.F.);
#6920 = FACE_BOUND('',#6921,.F.);
#6921 = EDGE_LOOP('',(#6922,#6923,#6924,#6932));
#6922 = ORIENTED_EDGE('',*,*,#6661,.T.);
#6923 = ORIENTED_EDGE('',*,*,#6646,.T.);
#6924 = ORIENTED_EDGE('',*,*,#6925,.F.);
#6925 = EDGE_CURVE('',#6926,#6639,#6928,.T.);
#6926 = VERTEX_POINT('',#6927);
#6927 = CARTESIAN_POINT('',(-0.8,1.355,0.9));
#6928 = LINE('',#6929,#6930);
#6929 = CARTESIAN_POINT('',(-0.8,1.355,0.9));
#6930 = VECTOR('',#6931,1.);
#6931 = DIRECTION('',(0.707106781187,0.707106781187,0.));
#6932 = ORIENTED_EDGE('',*,*,#6933,.F.);
#6933 = EDGE_CURVE('',#6662,#6926,#6934,.T.);
#6934 = B_SPLINE_CURVE_WITH_KNOTS('',1,(#6935,#6936),.UNSPECIFIED.,.F.,
  .F.,(2,2),(0.,1.),.PIECEWISE_BEZIER_KNOTS.);
#6935 = CARTESIAN_POINT('',(-0.8,1.355,0.75));
#6936 = CARTESIAN_POINT('',(-0.8,1.355,0.9));
#6937 = PLANE('',#6938);
#6938 = AXIS2_PLACEMENT_3D('',#6939,#6940,#6941);
#6939 = CARTESIAN_POINT('',(-0.8,1.355,0.9));
#6940 = DIRECTION('',(0.707106781187,-0.707106781187,0.));
#6941 = DIRECTION('',(0.707106781187,0.707106781187,0.));
#6942 = ADVANCED_FACE('',(#6943),#6961,.F.);
#6943 = FACE_BOUND('',#6944,.F.);
#6944 = EDGE_LOOP('',(#6945,#6946,#6947,#6955));
#6945 = ORIENTED_EDGE('',*,*,#6872,.F.);
#6946 = ORIENTED_EDGE('',*,*,#6722,.T.);
#6947 = ORIENTED_EDGE('',*,*,#6948,.T.);
#6948 = EDGE_CURVE('',#6715,#6949,#6951,.T.);
#6949 = VERTEX_POINT('',#6950);
#6950 = CARTESIAN_POINT('',(0.8,1.2,0.9));
#6951 = LINE('',#6952,#6953);
#6952 = CARTESIAN_POINT('',(0.8,1.2,0.661544864752));
#6953 = VECTOR('',#6954,1.);
#6954 = DIRECTION('',(0.,0.,1.));
#6955 = ORIENTED_EDGE('',*,*,#6956,.F.);
#6956 = EDGE_CURVE('',#6873,#6949,#6957,.T.);
#6957 = LINE('',#6958,#6959);
#6958 = CARTESIAN_POINT('',(0.8,1.355,0.9));
#6959 = VECTOR('',#6960,1.);
#6960 = DIRECTION('',(2.22044604925E-16,-1.,0.));
#6961 = PLANE('',#6962);
#6962 = AXIS2_PLACEMENT_3D('',#6963,#6964,#6965);
#6963 = CARTESIAN_POINT('',(0.8,1.355,0.9));
#6964 = DIRECTION('',(-1.,-2.22044604925E-16,0.));
#6965 = DIRECTION('',(2.22044604925E-16,-1.,0.));
#6966 = ADVANCED_FACE('',(#6967),#6991,.F.);
#6967 = FACE_BOUND('',#6968,.F.);
#6968 = EDGE_LOOP('',(#6969,#6977,#6978,#6985));
#6969 = ORIENTED_EDGE('',*,*,#6970,.F.);
#6970 = EDGE_CURVE('',#6691,#6971,#6973,.T.);
#6971 = VERTEX_POINT('',#6972);
#6972 = CARTESIAN_POINT('',(0.8,-1.2,0.9));
#6973 = LINE('',#6974,#6975);
#6974 = CARTESIAN_POINT('',(0.8,-1.2,0.661544864752));
#6975 = VECTOR('',#6976,1.);
#6976 = DIRECTION('',(0.,0.,1.));
#6977 = ORIENTED_EDGE('',*,*,#6690,.T.);
#6978 = ORIENTED_EDGE('',*,*,#6979,.T.);
#6979 = EDGE_CURVE('',#6684,#6980,#6982,.T.);
#6980 = VERTEX_POINT('',#6981);
#6981 = CARTESIAN_POINT('',(0.8,-1.355,0.9));
#6982 = B_SPLINE_CURVE_WITH_KNOTS('',1,(#6983,#6984),.UNSPECIFIED.,.F.,
  .F.,(2,2),(0.,1.),.PIECEWISE_BEZIER_KNOTS.);
#6983 = CARTESIAN_POINT('',(0.8,-1.355,0.75));
#6984 = CARTESIAN_POINT('',(0.8,-1.355,0.9));
#6985 = ORIENTED_EDGE('',*,*,#6986,.F.);
#6986 = EDGE_CURVE('',#6971,#6980,#6987,.T.);
#6987 = LINE('',#6988,#6989);
#6988 = CARTESIAN_POINT('',(0.8,1.355,0.9));
#6989 = VECTOR('',#6990,1.);
#6990 = DIRECTION('',(2.22044604925E-16,-1.,0.));
#6991 = PLANE('',#6992);
#6992 = AXIS2_PLACEMENT_3D('',#6993,#6994,#6995);
#6993 = CARTESIAN_POINT('',(0.8,1.355,0.9));
#6994 = DIRECTION('',(-1.,-2.22044604925E-16,0.));
#6995 = DIRECTION('',(2.22044604925E-16,-1.,0.));
#6996 = ADVANCED_FACE('',(#6997),#7022,.F.);
#6997 = FACE_BOUND('',#6998,.F.);
#6998 = EDGE_LOOP('',(#6999,#7007,#7008,#7016));
#6999 = ORIENTED_EDGE('',*,*,#7000,.F.);
#7000 = EDGE_CURVE('',#6715,#7001,#7003,.T.);
#7001 = VERTEX_POINT('',#7002);
#7002 = CARTESIAN_POINT('',(0.85,1.2,0.75));
#7003 = LINE('',#7004,#7005);
#7004 = CARTESIAN_POINT('',(0.75,1.2,0.75));
#7005 = VECTOR('',#7006,1.);
#7006 = DIRECTION('',(1.,2.22044604925E-16,0.));
#7007 = ORIENTED_EDGE('',*,*,#6714,.T.);
#7008 = ORIENTED_EDGE('',*,*,#7009,.T.);
#7009 = EDGE_CURVE('',#6707,#7010,#7012,.T.);
#7010 = VERTEX_POINT('',#7011);
#7011 = CARTESIAN_POINT('',(0.85,0.7,0.75));
#7012 = LINE('',#7013,#7014);
#7013 = CARTESIAN_POINT('',(0.75,0.7,0.75));
#7014 = VECTOR('',#7015,1.);
#7015 = DIRECTION('',(1.,2.22044604925E-16,0.));
#7016 = ORIENTED_EDGE('',*,*,#7017,.F.);
#7017 = EDGE_CURVE('',#7001,#7010,#7018,.T.);
#7018 = LINE('',#7019,#7020);
#7019 = CARTESIAN_POINT('',(0.85,1.2,0.75));
#7020 = VECTOR('',#7021,1.);
#7021 = DIRECTION('',(2.22044604925E-16,-1.,0.));
#7022 = PLANE('',#7023);
#7023 = AXIS2_PLACEMENT_3D('',#7024,#7025,#7026);
#7024 = CARTESIAN_POINT('',(0.75,1.2,0.75));
#7025 = DIRECTION('',(0.,0.,1.));
#7026 = DIRECTION('',(1.,2.22044604925E-16,-0.));
#7027 = ADVANCED_FACE('',(#7028),#7053,.F.);
#7028 = FACE_BOUND('',#7029,.F.);
#7029 = EDGE_LOOP('',(#7030,#7038,#7039,#7047));
#7030 = ORIENTED_EDGE('',*,*,#7031,.F.);
#7031 = EDGE_CURVE('',#6699,#7032,#7034,.T.);
#7032 = VERTEX_POINT('',#7033);
#7033 = CARTESIAN_POINT('',(0.85,-0.7,0.75));
#7034 = LINE('',#7035,#7036);
#7035 = CARTESIAN_POINT('',(0.75,-0.7,0.75));
#7036 = VECTOR('',#7037,1.);
#7037 = DIRECTION('',(1.,2.22044604925E-16,0.));
#7038 = ORIENTED_EDGE('',*,*,#6698,.T.);
#7039 = ORIENTED_EDGE('',*,*,#7040,.T.);
#7040 = EDGE_CURVE('',#6691,#7041,#7043,.T.);
#7041 = VERTEX_POINT('',#7042);
#7042 = CARTESIAN_POINT('',(0.85,-1.2,0.75));
#7043 = LINE('',#7044,#7045);
#7044 = CARTESIAN_POINT('',(0.75,-1.2,0.75));
#7045 = VECTOR('',#7046,1.);
#7046 = DIRECTION('',(1.,2.22044604925E-16,0.));
#7047 = ORIENTED_EDGE('',*,*,#7048,.F.);
#7048 = EDGE_CURVE('',#7032,#7041,#7049,.T.);
#7049 = LINE('',#7050,#7051);
#7050 = CARTESIAN_POINT('',(0.85,-0.7,0.75));
#7051 = VECTOR('',#7052,1.);
#7052 = DIRECTION('',(2.22044604925E-16,-1.,0.));
#7053 = PLANE('',#7054);
#7054 = AXIS2_PLACEMENT_3D('',#7055,#7056,#7057);
#7055 = CARTESIAN_POINT('',(0.75,-0.7,0.75));
#7056 = DIRECTION('',(0.,0.,1.));
#7057 = DIRECTION('',(1.,2.22044604925E-16,-0.));
#7058 = ADVANCED_FACE('',(#7059),#7084,.F.);
#7059 = FACE_BOUND('',#7060,.F.);
#7060 = EDGE_LOOP('',(#7061,#7069,#7070,#7078));
#7061 = ORIENTED_EDGE('',*,*,#7062,.F.);
#7062 = EDGE_CURVE('',#6707,#7063,#7065,.T.);
#7063 = VERTEX_POINT('',#7064);
#7064 = CARTESIAN_POINT('',(0.8,0.7,0.9));
#7065 = LINE('',#7066,#7067);
#7066 = CARTESIAN_POINT('',(0.8,0.7,0.661544864752));
#7067 = VECTOR('',#7068,1.);
#7068 = DIRECTION('',(0.,0.,1.));
#7069 = ORIENTED_EDGE('',*,*,#6706,.T.);
#7070 = ORIENTED_EDGE('',*,*,#7071,.T.);
#7071 = EDGE_CURVE('',#6699,#7072,#7074,.T.);
#7072 = VERTEX_POINT('',#7073);
#7073 = CARTESIAN_POINT('',(0.8,-0.7,0.9));
#7074 = LINE('',#7075,#7076);
#7075 = CARTESIAN_POINT('',(0.8,-0.7,0.661544864752));
#7076 = VECTOR('',#7077,1.);
#7077 = DIRECTION('',(0.,0.,1.));
#7078 = ORIENTED_EDGE('',*,*,#7079,.F.);
#7079 = EDGE_CURVE('',#7063,#7072,#7080,.T.);
#7080 = LINE('',#7081,#7082);
#7081 = CARTESIAN_POINT('',(0.8,1.355,0.9));
#7082 = VECTOR('',#7083,1.);
#7083 = DIRECTION('',(2.22044604925E-16,-1.,0.));
#7084 = PLANE('',#7085);
#7085 = AXIS2_PLACEMENT_3D('',#7086,#7087,#7088);
#7086 = CARTESIAN_POINT('',(0.8,1.355,0.9));
#7087 = DIRECTION('',(-1.,-2.22044604925E-16,0.));
#7088 = DIRECTION('',(2.22044604925E-16,-1.,0.));
#7089 = ADVANCED_FACE('',(#7090),#7107,.F.);
#7090 = FACE_BOUND('',#7091,.F.);
#7091 = EDGE_LOOP('',(#7092,#7093,#7100,#7106));
#7092 = ORIENTED_EDGE('',*,*,#6745,.T.);
#7093 = ORIENTED_EDGE('',*,*,#7094,.T.);
#7094 = EDGE_CURVE('',#6739,#7095,#7097,.T.);
#7095 = VERTEX_POINT('',#7096);
#7096 = CARTESIAN_POINT('',(0.705,-1.45,0.9));
#7097 = B_SPLINE_CURVE_WITH_KNOTS('',1,(#7098,#7099),.UNSPECIFIED.,.F.,
  .F.,(2,2),(0.,1.),.PIECEWISE_BEZIER_KNOTS.);
#7098 = CARTESIAN_POINT('',(0.705,-1.45,0.75));
#7099 = CARTESIAN_POINT('',(0.705,-1.45,0.9));
#7100 = ORIENTED_EDGE('',*,*,#7101,.F.);
#7101 = EDGE_CURVE('',#6980,#7095,#7102,.T.);
#7102 = LINE('',#7103,#7104);
#7103 = CARTESIAN_POINT('',(0.8,-1.355,0.9));
#7104 = VECTOR('',#7105,1.);
#7105 = DIRECTION('',(-0.707106781187,-0.707106781187,0.));
#7106 = ORIENTED_EDGE('',*,*,#6979,.F.);
#7107 = PLANE('',#7108);
#7108 = AXIS2_PLACEMENT_3D('',#7109,#7110,#7111);
#7109 = CARTESIAN_POINT('',(0.8,-1.355,0.9));
#7110 = DIRECTION('',(-0.707106781187,0.707106781187,0.));
#7111 = DIRECTION('',(-0.707106781187,-0.707106781187,0.));
#7112 = ADVANCED_FACE('',(#7113),#7130,.F.);
#7113 = FACE_BOUND('',#7114,.F.);
#7114 = EDGE_LOOP('',(#7115,#7116,#7123,#7129));
#7115 = ORIENTED_EDGE('',*,*,#6768,.T.);
#7116 = ORIENTED_EDGE('',*,*,#7117,.T.);
#7117 = EDGE_CURVE('',#6762,#7118,#7120,.T.);
#7118 = VERTEX_POINT('',#7119);
#7119 = CARTESIAN_POINT('',(-0.705,-1.45,0.9));
#7120 = B_SPLINE_CURVE_WITH_KNOTS('',1,(#7121,#7122),.UNSPECIFIED.,.F.,
  .F.,(2,2),(0.,1.),.PIECEWISE_BEZIER_KNOTS.);
#7121 = CARTESIAN_POINT('',(-0.705,-1.45,0.75));
#7122 = CARTESIAN_POINT('',(-0.705,-1.45,0.9));
#7123 = ORIENTED_EDGE('',*,*,#7124,.F.);
#7124 = EDGE_CURVE('',#7095,#7118,#7125,.T.);
#7125 = LINE('',#7126,#7127);
#7126 = CARTESIAN_POINT('',(0.705,-1.45,0.9));
#7127 = VECTOR('',#7128,1.);
#7128 = DIRECTION('',(-1.,-2.22044604925E-16,0.));
#7129 = ORIENTED_EDGE('',*,*,#7094,.F.);
#7130 = PLANE('',#7131);
#7131 = AXIS2_PLACEMENT_3D('',#7132,#7133,#7134);
#7132 = CARTESIAN_POINT('',(0.705,-1.45,0.9));
#7133 = DIRECTION('',(-2.22044604925E-16,1.,0.));
#7134 = DIRECTION('',(-1.,-2.22044604925E-16,0.));
#7135 = ADVANCED_FACE('',(#7136),#7153,.F.);
#7136 = FACE_BOUND('',#7137,.F.);
#7137 = EDGE_LOOP('',(#7138,#7139,#7146,#7152));
#7138 = ORIENTED_EDGE('',*,*,#6791,.T.);
#7139 = ORIENTED_EDGE('',*,*,#7140,.T.);
#7140 = EDGE_CURVE('',#6785,#7141,#7143,.T.);
#7141 = VERTEX_POINT('',#7142);
#7142 = CARTESIAN_POINT('',(-0.8,-1.355,0.9));
#7143 = B_SPLINE_CURVE_WITH_KNOTS('',1,(#7144,#7145),.UNSPECIFIED.,.F.,
  .F.,(2,2),(0.,1.),.PIECEWISE_BEZIER_KNOTS.);
#7144 = CARTESIAN_POINT('',(-0.8,-1.355,0.75));
#7145 = CARTESIAN_POINT('',(-0.8,-1.355,0.9));
#7146 = ORIENTED_EDGE('',*,*,#7147,.F.);
#7147 = EDGE_CURVE('',#7118,#7141,#7148,.T.);
#7148 = LINE('',#7149,#7150);
#7149 = CARTESIAN_POINT('',(-0.705,-1.45,0.9));
#7150 = VECTOR('',#7151,1.);
#7151 = DIRECTION('',(-0.707106781187,0.707106781187,0.));
#7152 = ORIENTED_EDGE('',*,*,#7117,.F.);
#7153 = PLANE('',#7154);
#7154 = AXIS2_PLACEMENT_3D('',#7155,#7156,#7157);
#7155 = CARTESIAN_POINT('',(-0.705,-1.45,0.9));
#7156 = DIRECTION('',(0.707106781187,0.707106781187,0.));
#7157 = DIRECTION('',(-0.707106781187,0.707106781187,0.));
#7158 = ADVANCED_FACE('',(#7159),#7177,.F.);
#7159 = FACE_BOUND('',#7160,.F.);
#7160 = EDGE_LOOP('',(#7161,#7162,#7163,#7171));
#7161 = ORIENTED_EDGE('',*,*,#7140,.F.);
#7162 = ORIENTED_EDGE('',*,*,#6856,.T.);
#7163 = ORIENTED_EDGE('',*,*,#7164,.T.);
#7164 = EDGE_CURVE('',#6849,#7165,#7167,.T.);
#7165 = VERTEX_POINT('',#7166);
#7166 = CARTESIAN_POINT('',(-0.8,-1.2,0.9));
#7167 = LINE('',#7168,#7169);
#7168 = CARTESIAN_POINT('',(-0.8,-1.2,0.661544864752));
#7169 = VECTOR('',#7170,1.);
#7170 = DIRECTION('',(0.,0.,1.));
#7171 = ORIENTED_EDGE('',*,*,#7172,.F.);
#7172 = EDGE_CURVE('',#7141,#7165,#7173,.T.);
#7173 = LINE('',#7174,#7175);
#7174 = CARTESIAN_POINT('',(-0.8,-1.355,0.9));
#7175 = VECTOR('',#7176,1.);
#7176 = DIRECTION('',(-2.22044604925E-16,1.,0.));
#7177 = PLANE('',#7178);
#7178 = AXIS2_PLACEMENT_3D('',#7179,#7180,#7181);
#7179 = CARTESIAN_POINT('',(-0.8,-1.355,0.9));
#7180 = DIRECTION('',(1.,2.22044604925E-16,0.));
#7181 = DIRECTION('',(-2.22044604925E-16,1.,0.));
#7182 = ADVANCED_FACE('',(#7183),#7201,.F.);
#7183 = FACE_BOUND('',#7184,.F.);
#7184 = EDGE_LOOP('',(#7185,#7193,#7194,#7195));
#7185 = ORIENTED_EDGE('',*,*,#7186,.F.);
#7186 = EDGE_CURVE('',#6809,#7187,#7189,.T.);
#7187 = VERTEX_POINT('',#7188);
#7188 = CARTESIAN_POINT('',(-0.8,1.2,0.9));
#7189 = LINE('',#7190,#7191);
#7190 = CARTESIAN_POINT('',(-0.8,1.2,0.661544864752));
#7191 = VECTOR('',#7192,1.);
#7192 = DIRECTION('',(0.,0.,1.));
#7193 = ORIENTED_EDGE('',*,*,#6808,.T.);
#7194 = ORIENTED_EDGE('',*,*,#6933,.T.);
#7195 = ORIENTED_EDGE('',*,*,#7196,.F.);
#7196 = EDGE_CURVE('',#7187,#6926,#7197,.T.);
#7197 = LINE('',#7198,#7199);
#7198 = CARTESIAN_POINT('',(-0.8,-1.355,0.9));
#7199 = VECTOR('',#7200,1.);
#7200 = DIRECTION('',(-2.22044604925E-16,1.,0.));
#7201 = PLANE('',#7202);
#7202 = AXIS2_PLACEMENT_3D('',#7203,#7204,#7205);
#7203 = CARTESIAN_POINT('',(-0.8,-1.355,0.9));
#7204 = DIRECTION('',(1.,2.22044604925E-16,0.));
#7205 = DIRECTION('',(-2.22044604925E-16,1.,0.));
#7206 = ADVANCED_FACE('',(#7207),#7232,.F.);
#7207 = FACE_BOUND('',#7208,.F.);
#7208 = EDGE_LOOP('',(#7209,#7217,#7218,#7226));
#7209 = ORIENTED_EDGE('',*,*,#7210,.F.);
#7210 = EDGE_CURVE('',#6849,#7211,#7213,.T.);
#7211 = VERTEX_POINT('',#7212);
#7212 = CARTESIAN_POINT('',(-0.85,-1.2,0.75));
#7213 = LINE('',#7214,#7215);
#7214 = CARTESIAN_POINT('',(-0.75,-1.2,0.75));
#7215 = VECTOR('',#7216,1.);
#7216 = DIRECTION('',(-1.,-9.95799250103E-17,0.));
#7217 = ORIENTED_EDGE('',*,*,#6848,.T.);
#7218 = ORIENTED_EDGE('',*,*,#7219,.T.);
#7219 = EDGE_CURVE('',#6841,#7220,#7222,.T.);
#7220 = VERTEX_POINT('',#7221);
#7221 = CARTESIAN_POINT('',(-0.85,-0.7,0.75));
#7222 = LINE('',#7223,#7224);
#7223 = CARTESIAN_POINT('',(-0.75,-0.7,0.75));
#7224 = VECTOR('',#7225,1.);
#7225 = DIRECTION('',(-1.,-9.95799250103E-17,0.));
#7226 = ORIENTED_EDGE('',*,*,#7227,.F.);
#7227 = EDGE_CURVE('',#7211,#7220,#7228,.T.);
#7228 = LINE('',#7229,#7230);
#7229 = CARTESIAN_POINT('',(-0.85,-1.2,0.75));
#7230 = VECTOR('',#7231,1.);
#7231 = DIRECTION('',(-9.95799250103E-17,1.,0.));
#7232 = PLANE('',#7233);
#7233 = AXIS2_PLACEMENT_3D('',#7234,#7235,#7236);
#7234 = CARTESIAN_POINT('',(-0.75,-1.2,0.75));
#7235 = DIRECTION('',(0.,0.,1.));
#7236 = DIRECTION('',(-1.,-9.95799250103E-17,0.));
#7237 = ADVANCED_FACE('',(#7238),#7263,.F.);
#7238 = FACE_BOUND('',#7239,.F.);
#7239 = EDGE_LOOP('',(#7240,#7248,#7249,#7257));
#7240 = ORIENTED_EDGE('',*,*,#7241,.F.);
#7241 = EDGE_CURVE('',#6817,#7242,#7244,.T.);
#7242 = VERTEX_POINT('',#7243);
#7243 = CARTESIAN_POINT('',(-0.85,0.7,0.75));
#7244 = LINE('',#7245,#7246);
#7245 = CARTESIAN_POINT('',(-0.75,0.7,0.75));
#7246 = VECTOR('',#7247,1.);
#7247 = DIRECTION('',(-1.,-9.95799250103E-17,0.));
#7248 = ORIENTED_EDGE('',*,*,#6816,.T.);
#7249 = ORIENTED_EDGE('',*,*,#7250,.T.);
#7250 = EDGE_CURVE('',#6809,#7251,#7253,.T.);
#7251 = VERTEX_POINT('',#7252);
#7252 = CARTESIAN_POINT('',(-0.85,1.2,0.75));
#7253 = LINE('',#7254,#7255);
#7254 = CARTESIAN_POINT('',(-0.75,1.2,0.75));
#7255 = VECTOR('',#7256,1.);
#7256 = DIRECTION('',(-1.,-9.95799250103E-17,0.));
#7257 = ORIENTED_EDGE('',*,*,#7258,.F.);
#7258 = EDGE_CURVE('',#7242,#7251,#7259,.T.);
#7259 = LINE('',#7260,#7261);
#7260 = CARTESIAN_POINT('',(-0.85,0.7,0.75));
#7261 = VECTOR('',#7262,1.);
#7262 = DIRECTION('',(-9.95799250103E-17,1.,0.));
#7263 = PLANE('',#7264);
#7264 = AXIS2_PLACEMENT_3D('',#7265,#7266,#7267);
#7265 = CARTESIAN_POINT('',(-0.75,0.7,0.75));
#7266 = DIRECTION('',(0.,0.,1.));
#7267 = DIRECTION('',(-1.,-9.95799250103E-17,0.));
#7268 = ADVANCED_FACE('',(#7269),#7294,.F.);
#7269 = FACE_BOUND('',#7270,.F.);
#7270 = EDGE_LOOP('',(#7271,#7279,#7280,#7288));
#7271 = ORIENTED_EDGE('',*,*,#7272,.F.);
#7272 = EDGE_CURVE('',#6841,#7273,#7275,.T.);
#7273 = VERTEX_POINT('',#7274);
#7274 = CARTESIAN_POINT('',(-0.8,-0.7,0.9));
#7275 = LINE('',#7276,#7277);
#7276 = CARTESIAN_POINT('',(-0.8,-0.7,0.661544864752));
#7277 = VECTOR('',#7278,1.);
#7278 = DIRECTION('',(0.,0.,1.));
#7279 = ORIENTED_EDGE('',*,*,#6840,.T.);
#7280 = ORIENTED_EDGE('',*,*,#7281,.T.);
#7281 = EDGE_CURVE('',#6833,#7282,#7284,.T.);
#7282 = VERTEX_POINT('',#7283);
#7283 = CARTESIAN_POINT('',(-0.8,-0.25,0.9));
#7284 = LINE('',#7285,#7286);
#7285 = CARTESIAN_POINT('',(-0.8,-0.25,0.661544864752));
#7286 = VECTOR('',#7287,1.);
#7287 = DIRECTION('',(0.,0.,1.));
#7288 = ORIENTED_EDGE('',*,*,#7289,.F.);
#7289 = EDGE_CURVE('',#7273,#7282,#7290,.T.);
#7290 = LINE('',#7291,#7292);
#7291 = CARTESIAN_POINT('',(-0.8,-1.355,0.9));
#7292 = VECTOR('',#7293,1.);
#7293 = DIRECTION('',(-2.22044604925E-16,1.,0.));
#7294 = PLANE('',#7295);
#7295 = AXIS2_PLACEMENT_3D('',#7296,#7297,#7298);
#7296 = CARTESIAN_POINT('',(-0.8,-1.355,0.9));
#7297 = DIRECTION('',(1.,2.22044604925E-16,0.));
#7298 = DIRECTION('',(-2.22044604925E-16,1.,0.));
#7299 = ADVANCED_FACE('',(#7300),#7325,.F.);
#7300 = FACE_BOUND('',#7301,.F.);
#7301 = EDGE_LOOP('',(#7302,#7310,#7311,#7319));
#7302 = ORIENTED_EDGE('',*,*,#7303,.F.);
#7303 = EDGE_CURVE('',#6825,#7304,#7306,.T.);
#7304 = VERTEX_POINT('',#7305);
#7305 = CARTESIAN_POINT('',(-0.8,0.25,0.9));
#7306 = LINE('',#7307,#7308);
#7307 = CARTESIAN_POINT('',(-0.8,0.25,0.661544864752));
#7308 = VECTOR('',#7309,1.);
#7309 = DIRECTION('',(0.,0.,1.));
#7310 = ORIENTED_EDGE('',*,*,#6824,.T.);
#7311 = ORIENTED_EDGE('',*,*,#7312,.T.);
#7312 = EDGE_CURVE('',#6817,#7313,#7315,.T.);
#7313 = VERTEX_POINT('',#7314);
#7314 = CARTESIAN_POINT('',(-0.8,0.7,0.9));
#7315 = LINE('',#7316,#7317);
#7316 = CARTESIAN_POINT('',(-0.8,0.7,0.661544864752));
#7317 = VECTOR('',#7318,1.);
#7318 = DIRECTION('',(0.,0.,1.));
#7319 = ORIENTED_EDGE('',*,*,#7320,.F.);
#7320 = EDGE_CURVE('',#7304,#7313,#7321,.T.);
#7321 = LINE('',#7322,#7323);
#7322 = CARTESIAN_POINT('',(-0.8,-1.355,0.9));
#7323 = VECTOR('',#7324,1.);
#7324 = DIRECTION('',(-2.22044604925E-16,1.,0.));
#7325 = PLANE('',#7326);
#7326 = AXIS2_PLACEMENT_3D('',#7327,#7328,#7329);
#7327 = CARTESIAN_POINT('',(-0.8,-1.355,0.9));
#7328 = DIRECTION('',(1.,2.22044604925E-16,0.));
#7329 = DIRECTION('',(-2.22044604925E-16,1.,0.));
#7330 = ADVANCED_FACE('',(#7331),#7356,.F.);
#7331 = FACE_BOUND('',#7332,.F.);
#7332 = EDGE_LOOP('',(#7333,#7341,#7342,#7350));
#7333 = ORIENTED_EDGE('',*,*,#7334,.F.);
#7334 = EDGE_CURVE('',#6833,#7335,#7337,.T.);
#7335 = VERTEX_POINT('',#7336);
#7336 = CARTESIAN_POINT('',(-0.85,-0.25,0.75));
#7337 = LINE('',#7338,#7339);
#7338 = CARTESIAN_POINT('',(-0.75,-0.25,0.75));
#7339 = VECTOR('',#7340,1.);
#7340 = DIRECTION('',(-1.,-9.95799250103E-17,0.));
#7341 = ORIENTED_EDGE('',*,*,#6832,.T.);
#7342 = ORIENTED_EDGE('',*,*,#7343,.T.);
#7343 = EDGE_CURVE('',#6825,#7344,#7346,.T.);
#7344 = VERTEX_POINT('',#7345);
#7345 = CARTESIAN_POINT('',(-0.85,0.25,0.75));
#7346 = LINE('',#7347,#7348);
#7347 = CARTESIAN_POINT('',(-0.75,0.25,0.75));
#7348 = VECTOR('',#7349,1.);
#7349 = DIRECTION('',(-1.,-9.95799250103E-17,0.));
#7350 = ORIENTED_EDGE('',*,*,#7351,.F.);
#7351 = EDGE_CURVE('',#7335,#7344,#7352,.T.);
#7352 = LINE('',#7353,#7354);
#7353 = CARTESIAN_POINT('',(-0.85,-0.25,0.75));
#7354 = VECTOR('',#7355,1.);
#7355 = DIRECTION('',(-9.95799250103E-17,1.,0.));
#7356 = PLANE('',#7357);
#7357 = AXIS2_PLACEMENT_3D('',#7358,#7359,#7360);
#7358 = CARTESIAN_POINT('',(-0.75,-0.25,0.75));
#7359 = DIRECTION('',(0.,0.,1.));
#7360 = DIRECTION('',(-1.,-9.95799250103E-17,0.));
#7361 = ADVANCED_FACE('',(#7362),#7379,.F.);
#7362 = FACE_BOUND('',#7363,.F.);
#7363 = EDGE_LOOP('',(#7364,#7365,#7372,#7378));
#7364 = ORIENTED_EDGE('',*,*,#6879,.T.);
#7365 = ORIENTED_EDGE('',*,*,#7366,.T.);
#7366 = EDGE_CURVE('',#6873,#7367,#7369,.T.);
#7367 = VERTEX_POINT('',#7368);
#7368 = CARTESIAN_POINT('',(0.775,1.3425,0.9));
#7369 = B_SPLINE_CURVE_WITH_KNOTS('',1,(#7370,#7371),.UNSPECIFIED.,.F.,
  .F.,(2,2),(0.,1.),.PIECEWISE_BEZIER_KNOTS.);
#7370 = CARTESIAN_POINT('',(0.8,1.355,0.9));
#7371 = CARTESIAN_POINT('',(0.775,1.3425,0.9));
#7372 = ORIENTED_EDGE('',*,*,#7373,.F.);
#7373 = EDGE_CURVE('',#6896,#7367,#7374,.T.);
#7374 = LINE('',#7375,#7376);
#7375 = CARTESIAN_POINT('',(0.6925,1.425,0.9));
#7376 = VECTOR('',#7377,1.);
#7377 = DIRECTION('',(0.707106781187,-0.707106781187,0.));
#7378 = ORIENTED_EDGE('',*,*,#6895,.F.);
#7379 = B_SPLINE_SURFACE_WITH_KNOTS('',1,1,(
    (#7380,#7381)
    ,(#7382,#7383
    )),.UNSPECIFIED.,.F.,.F.,.F.,(2,2),(2,2),(0.,0.134350288425),(0.,1.)
  ,.PIECEWISE_BEZIER_KNOTS.);
#7380 = CARTESIAN_POINT('',(0.705,1.45,0.9));
#7381 = CARTESIAN_POINT('',(0.6925,1.425,0.9));
#7382 = CARTESIAN_POINT('',(0.8,1.355,0.9));
#7383 = CARTESIAN_POINT('',(0.775,1.3425,0.9));
#7384 = ADVANCED_FACE('',(#7385),#7408,.F.);
#7385 = FACE_BOUND('',#7386,.F.);
#7386 = EDGE_LOOP('',(#7387,#7388,#7395,#7403));
#7387 = ORIENTED_EDGE('',*,*,#6902,.T.);
#7388 = ORIENTED_EDGE('',*,*,#7389,.T.);
#7389 = EDGE_CURVE('',#6896,#7390,#7392,.T.);
#7390 = VERTEX_POINT('',#7391);
#7391 = CARTESIAN_POINT('',(0.646824228722,1.333648457443,1.55));
#7392 = B_SPLINE_CURVE_WITH_KNOTS('',1,(#7393,#7394),.UNSPECIFIED.,.F.,
  .F.,(2,2),(0.,1.),.PIECEWISE_BEZIER_KNOTS.);
#7393 = CARTESIAN_POINT('',(0.6925,1.425,0.9));
#7394 = CARTESIAN_POINT('',(0.646824228722,1.333648457443,1.55));
#7395 = ORIENTED_EDGE('',*,*,#7396,.F.);
#7396 = EDGE_CURVE('',#7397,#7390,#7399,.T.);
#7397 = VERTEX_POINT('',#7398);
#7398 = CARTESIAN_POINT('',(-0.646824228722,1.333648457443,1.55));
#7399 = LINE('',#7400,#7401);
#7400 = CARTESIAN_POINT('',(-0.646824228722,1.333648457443,1.55));
#7401 = VECTOR('',#7402,1.);
#7402 = DIRECTION('',(1.,2.22044604925E-16,0.));
#7403 = ORIENTED_EDGE('',*,*,#7404,.F.);
#7404 = EDGE_CURVE('',#6903,#7397,#7405,.T.);
#7405 = B_SPLINE_CURVE_WITH_KNOTS('',1,(#7406,#7407),.UNSPECIFIED.,.F.,
  .F.,(2,2),(0.,1.),.PIECEWISE_BEZIER_KNOTS.);
#7406 = CARTESIAN_POINT('',(-0.6925,1.425,0.9));
#7407 = CARTESIAN_POINT('',(-0.646824228722,1.333648457443,1.55));
#7408 = B_SPLINE_SURFACE_WITH_KNOTS('',1,1,(
    (#7409,#7410)
    ,(#7411,#7412
    )),.UNSPECIFIED.,.F.,.F.,.F.,(2,2),(2,2),(0.,1.385),(0.,1.),
  .PIECEWISE_BEZIER_KNOTS.);
#7409 = CARTESIAN_POINT('',(-0.6925,1.425,0.9));
#7410 = CARTESIAN_POINT('',(-0.646824228722,1.333648457443,1.55));
#7411 = CARTESIAN_POINT('',(0.6925,1.425,0.9));
#7412 = CARTESIAN_POINT('',(0.646824228722,1.333648457443,1.55));
#7413 = ADVANCED_FACE('',(#7414),#7431,.F.);
#7414 = FACE_BOUND('',#7415,.F.);
#7415 = EDGE_LOOP('',(#7416,#7417,#7418,#7426));
#7416 = ORIENTED_EDGE('',*,*,#6925,.T.);
#7417 = ORIENTED_EDGE('',*,*,#6910,.T.);
#7418 = ORIENTED_EDGE('',*,*,#7419,.F.);
#7419 = EDGE_CURVE('',#7420,#6903,#7422,.T.);
#7420 = VERTEX_POINT('',#7421);
#7421 = CARTESIAN_POINT('',(-0.775,1.3425,0.9));
#7422 = LINE('',#7423,#7424);
#7423 = CARTESIAN_POINT('',(-0.775,1.3425,0.9));
#7424 = VECTOR('',#7425,1.);
#7425 = DIRECTION('',(0.707106781187,0.707106781187,0.));
#7426 = ORIENTED_EDGE('',*,*,#7427,.F.);
#7427 = EDGE_CURVE('',#6926,#7420,#7428,.T.);
#7428 = B_SPLINE_CURVE_WITH_KNOTS('',1,(#7429,#7430),.UNSPECIFIED.,.F.,
  .F.,(2,2),(0.,1.),.PIECEWISE_BEZIER_KNOTS.);
#7429 = CARTESIAN_POINT('',(-0.8,1.355,0.9));
#7430 = CARTESIAN_POINT('',(-0.775,1.3425,0.9));
#7431 = B_SPLINE_SURFACE_WITH_KNOTS('',1,1,(
    (#7432,#7433)
    ,(#7434,#7435
    )),.UNSPECIFIED.,.F.,.F.,.F.,(2,2),(2,2),(0.,0.134350288425),(0.,1.)
  ,.PIECEWISE_BEZIER_KNOTS.);
#7432 = CARTESIAN_POINT('',(-0.8,1.355,0.9));
#7433 = CARTESIAN_POINT('',(-0.775,1.3425,0.9));
#7434 = CARTESIAN_POINT('',(-0.705,1.45,0.9));
#7435 = CARTESIAN_POINT('',(-0.6925,1.425,0.9));
#7436 = ADVANCED_FACE('',(#7437),#7455,.F.);
#7437 = FACE_BOUND('',#7438,.F.);
#7438 = EDGE_LOOP('',(#7439,#7440,#7441,#7449));
#7439 = ORIENTED_EDGE('',*,*,#7366,.F.);
#7440 = ORIENTED_EDGE('',*,*,#6956,.T.);
#7441 = ORIENTED_EDGE('',*,*,#7442,.T.);
#7442 = EDGE_CURVE('',#6949,#7443,#7445,.T.);
#7443 = VERTEX_POINT('',#7444);
#7444 = CARTESIAN_POINT('',(0.775,1.2,0.9));
#7445 = LINE('',#7446,#7447);
#7446 = CARTESIAN_POINT('',(0.85,1.2,0.9));
#7447 = VECTOR('',#7448,1.);
#7448 = DIRECTION('',(-1.,-2.22044604925E-16,0.));
#7449 = ORIENTED_EDGE('',*,*,#7450,.F.);
#7450 = EDGE_CURVE('',#7367,#7443,#7451,.T.);
#7451 = LINE('',#7452,#7453);
#7452 = CARTESIAN_POINT('',(0.775,1.3425,0.9));
#7453 = VECTOR('',#7454,1.);
#7454 = DIRECTION('',(2.22044604925E-16,-1.,0.));
#7455 = B_SPLINE_SURFACE_WITH_KNOTS('',1,1,(
    (#7456,#7457)
    ,(#7458,#7459
    )),.UNSPECIFIED.,.F.,.F.,.F.,(2,2),(2,2),(0.,2.71),(0.,1.),
  .PIECEWISE_BEZIER_KNOTS.);
#7456 = CARTESIAN_POINT('',(0.8,1.355,0.9));
#7457 = CARTESIAN_POINT('',(0.775,1.3425,0.9));
#7458 = CARTESIAN_POINT('',(0.8,-1.355,0.9));
#7459 = CARTESIAN_POINT('',(0.775,-1.3425,0.9));
#7460 = ADVANCED_FACE('',(#7461),#7547,.F.);
#7461 = FACE_BOUND('',#7462,.F.);
#7462 = EDGE_LOOP('',(#7463,#7464,#7465,#7474,#7482,#7491,#7499,#7507,
    #7515,#7524,#7532,#7541));
#7463 = ORIENTED_EDGE('',*,*,#6948,.F.);
#7464 = ORIENTED_EDGE('',*,*,#7000,.T.);
#7465 = ORIENTED_EDGE('',*,*,#7466,.T.);
#7466 = EDGE_CURVE('',#7001,#7467,#7469,.T.);
#7467 = VERTEX_POINT('',#7468);
#7468 = CARTESIAN_POINT('',(0.95,1.2,0.65));
#7469 = CIRCLE('',#7470,0.1);
#7470 = AXIS2_PLACEMENT_3D('',#7471,#7472,#7473);
#7471 = CARTESIAN_POINT('',(0.85,1.2,0.65));
#7472 = DIRECTION('',(-2.22044604925E-16,1.,-1.094764425744E-47));
#7473 = DIRECTION('',(-1.110223024625E-15,-2.465190328815E-31,1.));
#7474 = ORIENTED_EDGE('',*,*,#7475,.T.);
#7475 = EDGE_CURVE('',#7467,#7476,#7478,.T.);
#7476 = VERTEX_POINT('',#7477);
#7477 = CARTESIAN_POINT('',(0.95,1.2,0.25));
#7478 = LINE('',#7479,#7480);
#7479 = CARTESIAN_POINT('',(0.95,1.2,0.65));
#7480 = VECTOR('',#7481,1.);
#7481 = DIRECTION('',(0.,0.,-1.));
#7482 = ORIENTED_EDGE('',*,*,#7483,.T.);
#7483 = EDGE_CURVE('',#7476,#7484,#7486,.T.);
#7484 = VERTEX_POINT('',#7485);
#7485 = CARTESIAN_POINT('',(1.2,1.2,0.));
#7486 = CIRCLE('',#7487,0.25);
#7487 = AXIS2_PLACEMENT_3D('',#7488,#7489,#7490);
#7488 = CARTESIAN_POINT('',(1.2,1.2,0.25));
#7489 = DIRECTION('',(2.22044604925E-16,-1.,0.));
#7490 = DIRECTION('',(-1.,-2.22044604925E-16,-4.440892098501E-16));
#7491 = ORIENTED_EDGE('',*,*,#7492,.T.);
#7492 = EDGE_CURVE('',#7484,#7493,#7495,.T.);
#7493 = VERTEX_POINT('',#7494);
#7494 = CARTESIAN_POINT('',(1.4,1.2,0.));
#7495 = LINE('',#7496,#7497);
#7496 = CARTESIAN_POINT('',(1.2,1.2,0.));
#7497 = VECTOR('',#7498,1.);
#7498 = DIRECTION('',(1.,2.22044604925E-16,0.));
#7499 = ORIENTED_EDGE('',*,*,#7500,.T.);
#7500 = EDGE_CURVE('',#7493,#7501,#7503,.T.);
#7501 = VERTEX_POINT('',#7502);
#7502 = CARTESIAN_POINT('',(1.4,1.2,0.15));
#7503 = LINE('',#7504,#7505);
#7504 = CARTESIAN_POINT('',(1.4,1.2,0.));
#7505 = VECTOR('',#7506,1.);
#7506 = DIRECTION('',(0.,0.,1.));
#7507 = ORIENTED_EDGE('',*,*,#7508,.T.);
#7508 = EDGE_CURVE('',#7501,#7509,#7511,.T.);
#7509 = VERTEX_POINT('',#7510);
#7510 = CARTESIAN_POINT('',(1.2,1.2,0.15));
#7511 = LINE('',#7512,#7513);
#7512 = CARTESIAN_POINT('',(1.4,1.2,0.15));
#7513 = VECTOR('',#7514,1.);
#7514 = DIRECTION('',(-1.,-2.22044604925E-16,0.));
#7515 = ORIENTED_EDGE('',*,*,#7516,.T.);
#7516 = EDGE_CURVE('',#7509,#7517,#7519,.T.);
#7517 = VERTEX_POINT('',#7518);
#7518 = CARTESIAN_POINT('',(1.1,1.2,0.25));
#7519 = CIRCLE('',#7520,0.1);
#7520 = AXIS2_PLACEMENT_3D('',#7521,#7522,#7523);
#7521 = CARTESIAN_POINT('',(1.2,1.2,0.25));
#7522 = DIRECTION('',(-2.22044604925E-16,1.,0.));
#7523 = DIRECTION('',(0.,0.,-1.));
#7524 = ORIENTED_EDGE('',*,*,#7525,.T.);
#7525 = EDGE_CURVE('',#7517,#7526,#7528,.T.);
#7526 = VERTEX_POINT('',#7527);
#7527 = CARTESIAN_POINT('',(1.1,1.2,0.65));
#7528 = LINE('',#7529,#7530);
#7529 = CARTESIAN_POINT('',(1.1,1.2,0.25));
#7530 = VECTOR('',#7531,1.);
#7531 = DIRECTION('',(0.,0.,1.));
#7532 = ORIENTED_EDGE('',*,*,#7533,.T.);
#7533 = EDGE_CURVE('',#7526,#7534,#7536,.T.);
#7534 = VERTEX_POINT('',#7535);
#7535 = CARTESIAN_POINT('',(0.85,1.2,0.9));
#7536 = CIRCLE('',#7537,0.25);
#7537 = AXIS2_PLACEMENT_3D('',#7538,#7539,#7540);
#7538 = CARTESIAN_POINT('',(0.85,1.2,0.65));
#7539 = DIRECTION('',(2.22044604925E-16,-1.,0.));
#7540 = DIRECTION('',(1.,2.22044604925E-16,1.33226762955E-15));
#7541 = ORIENTED_EDGE('',*,*,#7542,.T.);
#7542 = EDGE_CURVE('',#7534,#6949,#7543,.T.);
#7543 = LINE('',#7544,#7545);
#7544 = CARTESIAN_POINT('',(0.85,1.2,0.9));
#7545 = VECTOR('',#7546,1.);
#7546 = DIRECTION('',(-1.,-2.22044604925E-16,0.));
#7547 = PLANE('',#7548);
#7548 = AXIS2_PLACEMENT_3D('',#7549,#7550,#7551);
#7549 = CARTESIAN_POINT('',(1.05370428853,1.2,0.423089729504));
#7550 = DIRECTION('',(2.22044604925E-16,-1.,0.));
#7551 = DIRECTION('',(0.,0.,1.));
#7552 = ADVANCED_FACE('',(#7553),#7639,.T.);
#7553 = FACE_BOUND('',#7554,.T.);
#7554 = EDGE_LOOP('',(#7555,#7556,#7557,#7566,#7574,#7583,#7591,#7599,
    #7607,#7616,#7624,#7633));
#7555 = ORIENTED_EDGE('',*,*,#6970,.F.);
#7556 = ORIENTED_EDGE('',*,*,#7040,.T.);
#7557 = ORIENTED_EDGE('',*,*,#7558,.T.);
#7558 = EDGE_CURVE('',#7041,#7559,#7561,.T.);
#7559 = VERTEX_POINT('',#7560);
#7560 = CARTESIAN_POINT('',(0.95,-1.2,0.65));
#7561 = CIRCLE('',#7562,0.1);
#7562 = AXIS2_PLACEMENT_3D('',#7563,#7564,#7565);
#7563 = CARTESIAN_POINT('',(0.85,-1.2,0.65));
#7564 = DIRECTION('',(-2.22044604925E-16,1.,-1.094764425744E-47));
#7565 = DIRECTION('',(-1.110223024625E-15,-2.465190328815E-31,1.));
#7566 = ORIENTED_EDGE('',*,*,#7567,.T.);
#7567 = EDGE_CURVE('',#7559,#7568,#7570,.T.);
#7568 = VERTEX_POINT('',#7569);
#7569 = CARTESIAN_POINT('',(0.95,-1.2,0.25));
#7570 = LINE('',#7571,#7572);
#7571 = CARTESIAN_POINT('',(0.95,-1.2,0.65));
#7572 = VECTOR('',#7573,1.);
#7573 = DIRECTION('',(0.,0.,-1.));
#7574 = ORIENTED_EDGE('',*,*,#7575,.T.);
#7575 = EDGE_CURVE('',#7568,#7576,#7578,.T.);
#7576 = VERTEX_POINT('',#7577);
#7577 = CARTESIAN_POINT('',(1.2,-1.2,0.));
#7578 = CIRCLE('',#7579,0.25);
#7579 = AXIS2_PLACEMENT_3D('',#7580,#7581,#7582);
#7580 = CARTESIAN_POINT('',(1.2,-1.2,0.25));
#7581 = DIRECTION('',(2.22044604925E-16,-1.,0.));
#7582 = DIRECTION('',(-1.,-2.22044604925E-16,-4.440892098501E-16));
#7583 = ORIENTED_EDGE('',*,*,#7584,.T.);
#7584 = EDGE_CURVE('',#7576,#7585,#7587,.T.);
#7585 = VERTEX_POINT('',#7586);
#7586 = CARTESIAN_POINT('',(1.4,-1.2,0.));
#7587 = LINE('',#7588,#7589);
#7588 = CARTESIAN_POINT('',(1.2,-1.2,0.));
#7589 = VECTOR('',#7590,1.);
#7590 = DIRECTION('',(1.,2.22044604925E-16,0.));
#7591 = ORIENTED_EDGE('',*,*,#7592,.T.);
#7592 = EDGE_CURVE('',#7585,#7593,#7595,.T.);
#7593 = VERTEX_POINT('',#7594);
#7594 = CARTESIAN_POINT('',(1.4,-1.2,0.15));
#7595 = LINE('',#7596,#7597);
#7596 = CARTESIAN_POINT('',(1.4,-1.2,0.));
#7597 = VECTOR('',#7598,1.);
#7598 = DIRECTION('',(0.,0.,1.));
#7599 = ORIENTED_EDGE('',*,*,#7600,.T.);
#7600 = EDGE_CURVE('',#7593,#7601,#7603,.T.);
#7601 = VERTEX_POINT('',#7602);
#7602 = CARTESIAN_POINT('',(1.2,-1.2,0.15));
#7603 = LINE('',#7604,#7605);
#7604 = CARTESIAN_POINT('',(1.4,-1.2,0.15));
#7605 = VECTOR('',#7606,1.);
#7606 = DIRECTION('',(-1.,-2.22044604925E-16,0.));
#7607 = ORIENTED_EDGE('',*,*,#7608,.T.);
#7608 = EDGE_CURVE('',#7601,#7609,#7611,.T.);
#7609 = VERTEX_POINT('',#7610);
#7610 = CARTESIAN_POINT('',(1.1,-1.2,0.25));
#7611 = CIRCLE('',#7612,0.1);
#7612 = AXIS2_PLACEMENT_3D('',#7613,#7614,#7615);
#7613 = CARTESIAN_POINT('',(1.2,-1.2,0.25));
#7614 = DIRECTION('',(-2.22044604925E-16,1.,0.));
#7615 = DIRECTION('',(0.,0.,-1.));
#7616 = ORIENTED_EDGE('',*,*,#7617,.T.);
#7617 = EDGE_CURVE('',#7609,#7618,#7620,.T.);
#7618 = VERTEX_POINT('',#7619);
#7619 = CARTESIAN_POINT('',(1.1,-1.2,0.65));
#7620 = LINE('',#7621,#7622);
#7621 = CARTESIAN_POINT('',(1.1,-1.2,0.25));
#7622 = VECTOR('',#7623,1.);
#7623 = DIRECTION('',(0.,0.,1.));
#7624 = ORIENTED_EDGE('',*,*,#7625,.T.);
#7625 = EDGE_CURVE('',#7618,#7626,#7628,.T.);
#7626 = VERTEX_POINT('',#7627);
#7627 = CARTESIAN_POINT('',(0.85,-1.2,0.9));
#7628 = CIRCLE('',#7629,0.25);
#7629 = AXIS2_PLACEMENT_3D('',#7630,#7631,#7632);
#7630 = CARTESIAN_POINT('',(0.85,-1.2,0.65));
#7631 = DIRECTION('',(2.22044604925E-16,-1.,0.));
#7632 = DIRECTION('',(1.,2.22044604925E-16,1.33226762955E-15));
#7633 = ORIENTED_EDGE('',*,*,#7634,.T.);
#7634 = EDGE_CURVE('',#7626,#6971,#7635,.T.);
#7635 = LINE('',#7636,#7637);
#7636 = CARTESIAN_POINT('',(0.85,-1.2,0.9));
#7637 = VECTOR('',#7638,1.);
#7638 = DIRECTION('',(-1.,-2.22044604925E-16,0.));
#7639 = PLANE('',#7640);
#7640 = AXIS2_PLACEMENT_3D('',#7641,#7642,#7643);
#7641 = CARTESIAN_POINT('',(1.05370428853,-1.2,0.423089729504));
#7642 = DIRECTION('',(2.22044604925E-16,-1.,0.));
#7643 = DIRECTION('',(0.,0.,1.));
#7644 = ADVANCED_FACE('',(#7645),#7669,.F.);
#7645 = FACE_BOUND('',#7646,.F.);
#7646 = EDGE_LOOP('',(#7647,#7655,#7656,#7663));
#7647 = ORIENTED_EDGE('',*,*,#7648,.F.);
#7648 = EDGE_CURVE('',#6971,#7649,#7651,.T.);
#7649 = VERTEX_POINT('',#7650);
#7650 = CARTESIAN_POINT('',(0.775,-1.2,0.9));
#7651 = LINE('',#7652,#7653);
#7652 = CARTESIAN_POINT('',(0.85,-1.2,0.9));
#7653 = VECTOR('',#7654,1.);
#7654 = DIRECTION('',(-1.,-2.22044604925E-16,0.));
#7655 = ORIENTED_EDGE('',*,*,#6986,.T.);
#7656 = ORIENTED_EDGE('',*,*,#7657,.T.);
#7657 = EDGE_CURVE('',#6980,#7658,#7660,.T.);
#7658 = VERTEX_POINT('',#7659);
#7659 = CARTESIAN_POINT('',(0.775,-1.3425,0.9));
#7660 = B_SPLINE_CURVE_WITH_KNOTS('',1,(#7661,#7662),.UNSPECIFIED.,.F.,
  .F.,(2,2),(0.,1.),.PIECEWISE_BEZIER_KNOTS.);
#7661 = CARTESIAN_POINT('',(0.8,-1.355,0.9));
#7662 = CARTESIAN_POINT('',(0.775,-1.3425,0.9));
#7663 = ORIENTED_EDGE('',*,*,#7664,.F.);
#7664 = EDGE_CURVE('',#7649,#7658,#7665,.T.);
#7665 = LINE('',#7666,#7667);
#7666 = CARTESIAN_POINT('',(0.775,1.3425,0.9));
#7667 = VECTOR('',#7668,1.);
#7668 = DIRECTION('',(2.22044604925E-16,-1.,0.));
#7669 = B_SPLINE_SURFACE_WITH_KNOTS('',1,1,(
    (#7670,#7671)
    ,(#7672,#7673
    )),.UNSPECIFIED.,.F.,.F.,.F.,(2,2),(2,2),(0.,2.71),(0.,1.),
  .PIECEWISE_BEZIER_KNOTS.);
#7670 = CARTESIAN_POINT('',(0.8,1.355,0.9));
#7671 = CARTESIAN_POINT('',(0.775,1.3425,0.9));
#7672 = CARTESIAN_POINT('',(0.8,-1.355,0.9));
#7673 = CARTESIAN_POINT('',(0.775,-1.3425,0.9));
#7674 = ADVANCED_FACE('',(#7675),#7694,.F.);
#7675 = FACE_BOUND('',#7676,.F.);
#7676 = EDGE_LOOP('',(#7677,#7678,#7687,#7693));
#7677 = ORIENTED_EDGE('',*,*,#7017,.T.);
#7678 = ORIENTED_EDGE('',*,*,#7679,.T.);
#7679 = EDGE_CURVE('',#7010,#7680,#7682,.T.);
#7680 = VERTEX_POINT('',#7681);
#7681 = CARTESIAN_POINT('',(0.95,0.7,0.65));
#7682 = CIRCLE('',#7683,0.1);
#7683 = AXIS2_PLACEMENT_3D('',#7684,#7685,#7686);
#7684 = CARTESIAN_POINT('',(0.85,0.7,0.65));
#7685 = DIRECTION('',(-2.22044604925E-16,1.,-1.094764425744E-47));
#7686 = DIRECTION('',(-1.110223024625E-15,-2.465190328815E-31,1.));
#7687 = ORIENTED_EDGE('',*,*,#7688,.F.);
#7688 = EDGE_CURVE('',#7467,#7680,#7689,.T.);
#7689 = LINE('',#7690,#7691);
#7690 = CARTESIAN_POINT('',(0.95,1.2,0.65));
#7691 = VECTOR('',#7692,1.);
#7692 = DIRECTION('',(2.22044604925E-16,-1.,0.));
#7693 = ORIENTED_EDGE('',*,*,#7466,.F.);
#7694 = CYLINDRICAL_SURFACE('',#7695,0.1);
#7695 = AXIS2_PLACEMENT_3D('',#7696,#7697,#7698);
#7696 = CARTESIAN_POINT('',(0.85,1.2,0.65));
#7697 = DIRECTION('',(-2.22044604925E-16,1.,0.));
#7698 = DIRECTION('',(-1.110223024625E-15,-2.465190328815E-31,1.));
#7699 = ADVANCED_FACE('',(#7700),#7778,.T.);
#7700 = FACE_BOUND('',#7701,.T.);
#7701 = EDGE_LOOP('',(#7702,#7703,#7704,#7705,#7713,#7722,#7730,#7738,
    #7746,#7755,#7763,#7772));
#7702 = ORIENTED_EDGE('',*,*,#7062,.F.);
#7703 = ORIENTED_EDGE('',*,*,#7009,.T.);
#7704 = ORIENTED_EDGE('',*,*,#7679,.T.);
#7705 = ORIENTED_EDGE('',*,*,#7706,.T.);
#7706 = EDGE_CURVE('',#7680,#7707,#7709,.T.);
#7707 = VERTEX_POINT('',#7708);
#7708 = CARTESIAN_POINT('',(0.95,0.7,0.25));
#7709 = LINE('',#7710,#7711);
#7710 = CARTESIAN_POINT('',(0.95,0.7,0.65));
#7711 = VECTOR('',#7712,1.);
#7712 = DIRECTION('',(0.,0.,-1.));
#7713 = ORIENTED_EDGE('',*,*,#7714,.T.);
#7714 = EDGE_CURVE('',#7707,#7715,#7717,.T.);
#7715 = VERTEX_POINT('',#7716);
#7716 = CARTESIAN_POINT('',(1.2,0.7,0.));
#7717 = CIRCLE('',#7718,0.25);
#7718 = AXIS2_PLACEMENT_3D('',#7719,#7720,#7721);
#7719 = CARTESIAN_POINT('',(1.2,0.7,0.25));
#7720 = DIRECTION('',(2.22044604925E-16,-1.,0.));
#7721 = DIRECTION('',(-1.,-2.22044604925E-16,-4.440892098501E-16));
#7722 = ORIENTED_EDGE('',*,*,#7723,.T.);
#7723 = EDGE_CURVE('',#7715,#7724,#7726,.T.);
#7724 = VERTEX_POINT('',#7725);
#7725 = CARTESIAN_POINT('',(1.4,0.7,0.));
#7726 = LINE('',#7727,#7728);
#7727 = CARTESIAN_POINT('',(1.2,0.7,0.));
#7728 = VECTOR('',#7729,1.);
#7729 = DIRECTION('',(1.,2.22044604925E-16,0.));
#7730 = ORIENTED_EDGE('',*,*,#7731,.T.);
#7731 = EDGE_CURVE('',#7724,#7732,#7734,.T.);
#7732 = VERTEX_POINT('',#7733);
#7733 = CARTESIAN_POINT('',(1.4,0.7,0.15));
#7734 = LINE('',#7735,#7736);
#7735 = CARTESIAN_POINT('',(1.4,0.7,0.));
#7736 = VECTOR('',#7737,1.);
#7737 = DIRECTION('',(0.,0.,1.));
#7738 = ORIENTED_EDGE('',*,*,#7739,.T.);
#7739 = EDGE_CURVE('',#7732,#7740,#7742,.T.);
#7740 = VERTEX_POINT('',#7741);
#7741 = CARTESIAN_POINT('',(1.2,0.7,0.15));
#7742 = LINE('',#7743,#7744);
#7743 = CARTESIAN_POINT('',(1.4,0.7,0.15));
#7744 = VECTOR('',#7745,1.);
#7745 = DIRECTION('',(-1.,-2.22044604925E-16,0.));
#7746 = ORIENTED_EDGE('',*,*,#7747,.T.);
#7747 = EDGE_CURVE('',#7740,#7748,#7750,.T.);
#7748 = VERTEX_POINT('',#7749);
#7749 = CARTESIAN_POINT('',(1.1,0.7,0.25));
#7750 = CIRCLE('',#7751,0.1);
#7751 = AXIS2_PLACEMENT_3D('',#7752,#7753,#7754);
#7752 = CARTESIAN_POINT('',(1.2,0.7,0.25));
#7753 = DIRECTION('',(-2.22044604925E-16,1.,0.));
#7754 = DIRECTION('',(0.,0.,-1.));
#7755 = ORIENTED_EDGE('',*,*,#7756,.T.);
#7756 = EDGE_CURVE('',#7748,#7757,#7759,.T.);
#7757 = VERTEX_POINT('',#7758);
#7758 = CARTESIAN_POINT('',(1.1,0.7,0.65));
#7759 = LINE('',#7760,#7761);
#7760 = CARTESIAN_POINT('',(1.1,0.7,0.25));
#7761 = VECTOR('',#7762,1.);
#7762 = DIRECTION('',(0.,0.,1.));
#7763 = ORIENTED_EDGE('',*,*,#7764,.T.);
#7764 = EDGE_CURVE('',#7757,#7765,#7767,.T.);
#7765 = VERTEX_POINT('',#7766);
#7766 = CARTESIAN_POINT('',(0.85,0.7,0.9));
#7767 = CIRCLE('',#7768,0.25);
#7768 = AXIS2_PLACEMENT_3D('',#7769,#7770,#7771);
#7769 = CARTESIAN_POINT('',(0.85,0.7,0.65));
#7770 = DIRECTION('',(2.22044604925E-16,-1.,0.));
#7771 = DIRECTION('',(1.,2.22044604925E-16,1.33226762955E-15));
#7772 = ORIENTED_EDGE('',*,*,#7773,.T.);
#7773 = EDGE_CURVE('',#7765,#7063,#7774,.T.);
#7774 = LINE('',#7775,#7776);
#7775 = CARTESIAN_POINT('',(0.85,0.7,0.9));
#7776 = VECTOR('',#7777,1.);
#7777 = DIRECTION('',(-1.,-2.22044604925E-16,0.));
#7778 = PLANE('',#7779);
#7779 = AXIS2_PLACEMENT_3D('',#7780,#7781,#7782);
#7780 = CARTESIAN_POINT('',(1.05370428853,0.7,0.423089729504));
#7781 = DIRECTION('',(2.22044604925E-16,-1.,0.));
#7782 = DIRECTION('',(0.,0.,1.));
#7783 = ADVANCED_FACE('',(#7784),#7870,.F.);
#7784 = FACE_BOUND('',#7785,.F.);
#7785 = EDGE_LOOP('',(#7786,#7787,#7788,#7797,#7805,#7814,#7822,#7830,
    #7838,#7847,#7855,#7864));
#7786 = ORIENTED_EDGE('',*,*,#7071,.F.);
#7787 = ORIENTED_EDGE('',*,*,#7031,.T.);
#7788 = ORIENTED_EDGE('',*,*,#7789,.T.);
#7789 = EDGE_CURVE('',#7032,#7790,#7792,.T.);
#7790 = VERTEX_POINT('',#7791);
#7791 = CARTESIAN_POINT('',(0.95,-0.7,0.65));
#7792 = CIRCLE('',#7793,0.1);
#7793 = AXIS2_PLACEMENT_3D('',#7794,#7795,#7796);
#7794 = CARTESIAN_POINT('',(0.85,-0.7,0.65));
#7795 = DIRECTION('',(-2.22044604925E-16,1.,-1.094764425744E-47));
#7796 = DIRECTION('',(-1.110223024625E-15,-2.465190328815E-31,1.));
#7797 = ORIENTED_EDGE('',*,*,#7798,.T.);
#7798 = EDGE_CURVE('',#7790,#7799,#7801,.T.);
#7799 = VERTEX_POINT('',#7800);
#7800 = CARTESIAN_POINT('',(0.95,-0.7,0.25));
#7801 = LINE('',#7802,#7803);
#7802 = CARTESIAN_POINT('',(0.95,-0.7,0.65));
#7803 = VECTOR('',#7804,1.);
#7804 = DIRECTION('',(0.,0.,-1.));
#7805 = ORIENTED_EDGE('',*,*,#7806,.T.);
#7806 = EDGE_CURVE('',#7799,#7807,#7809,.T.);
#7807 = VERTEX_POINT('',#7808);
#7808 = CARTESIAN_POINT('',(1.2,-0.7,0.));
#7809 = CIRCLE('',#7810,0.25);
#7810 = AXIS2_PLACEMENT_3D('',#7811,#7812,#7813);
#7811 = CARTESIAN_POINT('',(1.2,-0.7,0.25));
#7812 = DIRECTION('',(2.22044604925E-16,-1.,0.));
#7813 = DIRECTION('',(-1.,-2.22044604925E-16,-4.440892098501E-16));
#7814 = ORIENTED_EDGE('',*,*,#7815,.T.);
#7815 = EDGE_CURVE('',#7807,#7816,#7818,.T.);
#7816 = VERTEX_POINT('',#7817);
#7817 = CARTESIAN_POINT('',(1.4,-0.7,0.));
#7818 = LINE('',#7819,#7820);
#7819 = CARTESIAN_POINT('',(1.2,-0.7,0.));
#7820 = VECTOR('',#7821,1.);
#7821 = DIRECTION('',(1.,2.22044604925E-16,0.));
#7822 = ORIENTED_EDGE('',*,*,#7823,.T.);
#7823 = EDGE_CURVE('',#7816,#7824,#7826,.T.);
#7824 = VERTEX_POINT('',#7825);
#7825 = CARTESIAN_POINT('',(1.4,-0.7,0.15));
#7826 = LINE('',#7827,#7828);
#7827 = CARTESIAN_POINT('',(1.4,-0.7,0.));
#7828 = VECTOR('',#7829,1.);
#7829 = DIRECTION('',(0.,0.,1.));
#7830 = ORIENTED_EDGE('',*,*,#7831,.T.);
#7831 = EDGE_CURVE('',#7824,#7832,#7834,.T.);
#7832 = VERTEX_POINT('',#7833);
#7833 = CARTESIAN_POINT('',(1.2,-0.7,0.15));
#7834 = LINE('',#7835,#7836);
#7835 = CARTESIAN_POINT('',(1.4,-0.7,0.15));
#7836 = VECTOR('',#7837,1.);
#7837 = DIRECTION('',(-1.,-2.22044604925E-16,0.));
#7838 = ORIENTED_EDGE('',*,*,#7839,.T.);
#7839 = EDGE_CURVE('',#7832,#7840,#7842,.T.);
#7840 = VERTEX_POINT('',#7841);
#7841 = CARTESIAN_POINT('',(1.1,-0.7,0.25));
#7842 = CIRCLE('',#7843,0.1);
#7843 = AXIS2_PLACEMENT_3D('',#7844,#7845,#7846);
#7844 = CARTESIAN_POINT('',(1.2,-0.7,0.25));
#7845 = DIRECTION('',(-2.22044604925E-16,1.,0.));
#7846 = DIRECTION('',(0.,0.,-1.));
#7847 = ORIENTED_EDGE('',*,*,#7848,.T.);
#7848 = EDGE_CURVE('',#7840,#7849,#7851,.T.);
#7849 = VERTEX_POINT('',#7850);
#7850 = CARTESIAN_POINT('',(1.1,-0.7,0.65));
#7851 = LINE('',#7852,#7853);
#7852 = CARTESIAN_POINT('',(1.1,-0.7,0.25));
#7853 = VECTOR('',#7854,1.);
#7854 = DIRECTION('',(0.,0.,1.));
#7855 = ORIENTED_EDGE('',*,*,#7856,.T.);
#7856 = EDGE_CURVE('',#7849,#7857,#7859,.T.);
#7857 = VERTEX_POINT('',#7858);
#7858 = CARTESIAN_POINT('',(0.85,-0.7,0.9));
#7859 = CIRCLE('',#7860,0.25);
#7860 = AXIS2_PLACEMENT_3D('',#7861,#7862,#7863);
#7861 = CARTESIAN_POINT('',(0.85,-0.7,0.65));
#7862 = DIRECTION('',(2.22044604925E-16,-1.,0.));
#7863 = DIRECTION('',(1.,2.22044604925E-16,1.33226762955E-15));
#7864 = ORIENTED_EDGE('',*,*,#7865,.T.);
#7865 = EDGE_CURVE('',#7857,#7072,#7866,.T.);
#7866 = LINE('',#7867,#7868);
#7867 = CARTESIAN_POINT('',(0.85,-0.7,0.9));
#7868 = VECTOR('',#7869,1.);
#7869 = DIRECTION('',(-1.,-2.22044604925E-16,0.));
#7870 = PLANE('',#7871);
#7871 = AXIS2_PLACEMENT_3D('',#7872,#7873,#7874);
#7872 = CARTESIAN_POINT('',(1.05370428853,-0.7,0.423089729504));
#7873 = DIRECTION('',(2.22044604925E-16,-1.,0.));
#7874 = DIRECTION('',(0.,0.,1.));
#7875 = ADVANCED_FACE('',(#7876),#7887,.F.);
#7876 = FACE_BOUND('',#7877,.F.);
#7877 = EDGE_LOOP('',(#7878,#7879,#7880,#7886));
#7878 = ORIENTED_EDGE('',*,*,#7048,.T.);
#7879 = ORIENTED_EDGE('',*,*,#7558,.T.);
#7880 = ORIENTED_EDGE('',*,*,#7881,.F.);
#7881 = EDGE_CURVE('',#7790,#7559,#7882,.T.);
#7882 = LINE('',#7883,#7884);
#7883 = CARTESIAN_POINT('',(0.95,-0.7,0.65));
#7884 = VECTOR('',#7885,1.);
#7885 = DIRECTION('',(2.22044604925E-16,-1.,0.));
#7886 = ORIENTED_EDGE('',*,*,#7789,.F.);
#7887 = CYLINDRICAL_SURFACE('',#7888,0.1);
#7888 = AXIS2_PLACEMENT_3D('',#7889,#7890,#7891);
#7889 = CARTESIAN_POINT('',(0.85,-0.7,0.65));
#7890 = DIRECTION('',(-2.22044604925E-16,1.,0.));
#7891 = DIRECTION('',(-1.110223024625E-15,-2.465190328815E-31,1.));
#7892 = ADVANCED_FACE('',(#7893),#7918,.F.);
#7893 = FACE_BOUND('',#7894,.F.);
#7894 = EDGE_LOOP('',(#7895,#7903,#7904,#7912));
#7895 = ORIENTED_EDGE('',*,*,#7896,.F.);
#7896 = EDGE_CURVE('',#7063,#7897,#7899,.T.);
#7897 = VERTEX_POINT('',#7898);
#7898 = CARTESIAN_POINT('',(0.775,0.7,0.9));
#7899 = LINE('',#7900,#7901);
#7900 = CARTESIAN_POINT('',(0.85,0.7,0.9));
#7901 = VECTOR('',#7902,1.);
#7902 = DIRECTION('',(-1.,-2.22044604925E-16,0.));
#7903 = ORIENTED_EDGE('',*,*,#7079,.T.);
#7904 = ORIENTED_EDGE('',*,*,#7905,.T.);
#7905 = EDGE_CURVE('',#7072,#7906,#7908,.T.);
#7906 = VERTEX_POINT('',#7907);
#7907 = CARTESIAN_POINT('',(0.775,-0.7,0.9));
#7908 = LINE('',#7909,#7910);
#7909 = CARTESIAN_POINT('',(0.85,-0.7,0.9));
#7910 = VECTOR('',#7911,1.);
#7911 = DIRECTION('',(-1.,-2.22044604925E-16,0.));
#7912 = ORIENTED_EDGE('',*,*,#7913,.F.);
#7913 = EDGE_CURVE('',#7897,#7906,#7914,.T.);
#7914 = LINE('',#7915,#7916);
#7915 = CARTESIAN_POINT('',(0.775,1.3425,0.9));
#7916 = VECTOR('',#7917,1.);
#7917 = DIRECTION('',(2.22044604925E-16,-1.,0.));
#7918 = B_SPLINE_SURFACE_WITH_KNOTS('',1,1,(
    (#7919,#7920)
    ,(#7921,#7922
    )),.UNSPECIFIED.,.F.,.F.,.F.,(2,2),(2,2),(0.,2.71),(0.,1.),
  .PIECEWISE_BEZIER_KNOTS.);
#7919 = CARTESIAN_POINT('',(0.8,1.355,0.9));
#7920 = CARTESIAN_POINT('',(0.775,1.3425,0.9));
#7921 = CARTESIAN_POINT('',(0.8,-1.355,0.9));
#7922 = CARTESIAN_POINT('',(0.775,-1.3425,0.9));
#7923 = ADVANCED_FACE('',(#7924),#7941,.F.);
#7924 = FACE_BOUND('',#7925,.F.);
#7925 = EDGE_LOOP('',(#7926,#7927,#7934,#7940));
#7926 = ORIENTED_EDGE('',*,*,#7101,.T.);
#7927 = ORIENTED_EDGE('',*,*,#7928,.T.);
#7928 = EDGE_CURVE('',#7095,#7929,#7931,.T.);
#7929 = VERTEX_POINT('',#7930);
#7930 = CARTESIAN_POINT('',(0.6925,-1.425,0.9));
#7931 = B_SPLINE_CURVE_WITH_KNOTS('',1,(#7932,#7933),.UNSPECIFIED.,.F.,
  .F.,(2,2),(0.,1.),.PIECEWISE_BEZIER_KNOTS.);
#7932 = CARTESIAN_POINT('',(0.705,-1.45,0.9));
#7933 = CARTESIAN_POINT('',(0.6925,-1.425,0.9));
#7934 = ORIENTED_EDGE('',*,*,#7935,.F.);
#7935 = EDGE_CURVE('',#7658,#7929,#7936,.T.);
#7936 = LINE('',#7937,#7938);
#7937 = CARTESIAN_POINT('',(0.775,-1.3425,0.9));
#7938 = VECTOR('',#7939,1.);
#7939 = DIRECTION('',(-0.707106781187,-0.707106781187,0.));
#7940 = ORIENTED_EDGE('',*,*,#7657,.F.);
#7941 = B_SPLINE_SURFACE_WITH_KNOTS('',1,1,(
    (#7942,#7943)
    ,(#7944,#7945
    )),.UNSPECIFIED.,.F.,.F.,.F.,(2,2),(2,2),(0.,0.134350288425),(0.,1.)
  ,.PIECEWISE_BEZIER_KNOTS.);
#7942 = CARTESIAN_POINT('',(0.8,-1.355,0.9));
#7943 = CARTESIAN_POINT('',(0.775,-1.3425,0.9));
#7944 = CARTESIAN_POINT('',(0.705,-1.45,0.9));
#7945 = CARTESIAN_POINT('',(0.6925,-1.425,0.9));
#7946 = ADVANCED_FACE('',(#7947),#7964,.F.);
#7947 = FACE_BOUND('',#7948,.F.);
#7948 = EDGE_LOOP('',(#7949,#7950,#7957,#7963));
#7949 = ORIENTED_EDGE('',*,*,#7124,.T.);
#7950 = ORIENTED_EDGE('',*,*,#7951,.T.);
#7951 = EDGE_CURVE('',#7118,#7952,#7954,.T.);
#7952 = VERTEX_POINT('',#7953);
#7953 = CARTESIAN_POINT('',(-0.6925,-1.425,0.9));
#7954 = B_SPLINE_CURVE_WITH_KNOTS('',1,(#7955,#7956),.UNSPECIFIED.,.F.,
  .F.,(2,2),(0.,1.),.PIECEWISE_BEZIER_KNOTS.);
#7955 = CARTESIAN_POINT('',(-0.705,-1.45,0.9));
#7956 = CARTESIAN_POINT('',(-0.6925,-1.425,0.9));
#7957 = ORIENTED_EDGE('',*,*,#7958,.F.);
#7958 = EDGE_CURVE('',#7929,#7952,#7959,.T.);
#7959 = LINE('',#7960,#7961);
#7960 = CARTESIAN_POINT('',(0.6925,-1.425,0.9));
#7961 = VECTOR('',#7962,1.);
#7962 = DIRECTION('',(-1.,-2.22044604925E-16,0.));
#7963 = ORIENTED_EDGE('',*,*,#7928,.F.);
#7964 = B_SPLINE_SURFACE_WITH_KNOTS('',1,1,(
    (#7965,#7966)
    ,(#7967,#7968
    )),.UNSPECIFIED.,.F.,.F.,.F.,(2,2),(2,2),(0.,1.41),(0.,1.),
  .PIECEWISE_BEZIER_KNOTS.);
#7965 = CARTESIAN_POINT('',(0.705,-1.45,0.9));
#7966 = CARTESIAN_POINT('',(0.6925,-1.425,0.9));
#7967 = CARTESIAN_POINT('',(-0.705,-1.45,0.9));
#7968 = CARTESIAN_POINT('',(-0.6925,-1.425,0.9));
#7969 = ADVANCED_FACE('',(#7970),#7987,.F.);
#7970 = FACE_BOUND('',#7971,.F.);
#7971 = EDGE_LOOP('',(#7972,#7973,#7980,#7986));
#7972 = ORIENTED_EDGE('',*,*,#7147,.T.);
#7973 = ORIENTED_EDGE('',*,*,#7974,.T.);
#7974 = EDGE_CURVE('',#7141,#7975,#7977,.T.);
#7975 = VERTEX_POINT('',#7976);
#7976 = CARTESIAN_POINT('',(-0.775,-1.3425,0.9));
#7977 = B_SPLINE_CURVE_WITH_KNOTS('',1,(#7978,#7979),.UNSPECIFIED.,.F.,
  .F.,(2,2),(0.,1.),.PIECEWISE_BEZIER_KNOTS.);
#7978 = CARTESIAN_POINT('',(-0.8,-1.355,0.9));
#7979 = CARTESIAN_POINT('',(-0.775,-1.3425,0.9));
#7980 = ORIENTED_EDGE('',*,*,#7981,.F.);
#7981 = EDGE_CURVE('',#7952,#7975,#7982,.T.);
#7982 = LINE('',#7983,#7984);
#7983 = CARTESIAN_POINT('',(-0.6925,-1.425,0.9));
#7984 = VECTOR('',#7985,1.);
#7985 = DIRECTION('',(-0.707106781187,0.707106781187,0.));
#7986 = ORIENTED_EDGE('',*,*,#7951,.F.);
#7987 = B_SPLINE_SURFACE_WITH_KNOTS('',1,1,(
    (#7988,#7989)
    ,(#7990,#7991
    )),.UNSPECIFIED.,.F.,.F.,.F.,(2,2),(2,2),(0.,0.134350288425),(0.,1.)
  ,.PIECEWISE_BEZIER_KNOTS.);
#7988 = CARTESIAN_POINT('',(-0.705,-1.45,0.9));
#7989 = CARTESIAN_POINT('',(-0.6925,-1.425,0.9));
#7990 = CARTESIAN_POINT('',(-0.8,-1.355,0.9));
#7991 = CARTESIAN_POINT('',(-0.775,-1.3425,0.9));
#7992 = ADVANCED_FACE('',(#7993),#8011,.F.);
#7993 = FACE_BOUND('',#7994,.F.);
#7994 = EDGE_LOOP('',(#7995,#7996,#7997,#8005));
#7995 = ORIENTED_EDGE('',*,*,#7974,.F.);
#7996 = ORIENTED_EDGE('',*,*,#7172,.T.);
#7997 = ORIENTED_EDGE('',*,*,#7998,.T.);
#7998 = EDGE_CURVE('',#7165,#7999,#8001,.T.);
#7999 = VERTEX_POINT('',#8000);
#8000 = CARTESIAN_POINT('',(-0.775,-1.2,0.9));
#8001 = LINE('',#8002,#8003);
#8002 = CARTESIAN_POINT('',(-0.85,-1.2,0.9));
#8003 = VECTOR('',#8004,1.);
#8004 = DIRECTION('',(1.,9.95799250103E-17,0.));
#8005 = ORIENTED_EDGE('',*,*,#8006,.F.);
#8006 = EDGE_CURVE('',#7975,#7999,#8007,.T.);
#8007 = LINE('',#8008,#8009);
#8008 = CARTESIAN_POINT('',(-0.775,-1.3425,0.9));
#8009 = VECTOR('',#8010,1.);
#8010 = DIRECTION('',(-2.22044604925E-16,1.,0.));
#8011 = B_SPLINE_SURFACE_WITH_KNOTS('',1,1,(
    (#8012,#8013)
    ,(#8014,#8015
    )),.UNSPECIFIED.,.F.,.F.,.F.,(2,2),(2,2),(0.,2.71),(0.,1.),
  .PIECEWISE_BEZIER_KNOTS.);
#8012 = CARTESIAN_POINT('',(-0.8,-1.355,0.9));
#8013 = CARTESIAN_POINT('',(-0.775,-1.3425,0.9));
#8014 = CARTESIAN_POINT('',(-0.8,1.355,0.9));
#8015 = CARTESIAN_POINT('',(-0.775,1.3425,0.9));
#8016 = ADVANCED_FACE('',(#8017),#8103,.F.);
#8017 = FACE_BOUND('',#8018,.F.);
#8018 = EDGE_LOOP('',(#8019,#8020,#8021,#8030,#8038,#8047,#8055,#8063,
    #8071,#8080,#8088,#8097));
#8019 = ORIENTED_EDGE('',*,*,#7164,.F.);
#8020 = ORIENTED_EDGE('',*,*,#7210,.T.);
#8021 = ORIENTED_EDGE('',*,*,#8022,.T.);
#8022 = EDGE_CURVE('',#7211,#8023,#8025,.T.);
#8023 = VERTEX_POINT('',#8024);
#8024 = CARTESIAN_POINT('',(-0.95,-1.2,0.65));
#8025 = CIRCLE('',#8026,0.1);
#8026 = AXIS2_PLACEMENT_3D('',#8027,#8028,#8029);
#8027 = CARTESIAN_POINT('',(-0.85,-1.2,0.65));
#8028 = DIRECTION('',(9.95799250103E-17,-1.,3.664476801359E-48));
#8029 = DIRECTION('',(1.110223024625E-15,1.105559255369E-31,1.));
#8030 = ORIENTED_EDGE('',*,*,#8031,.T.);
#8031 = EDGE_CURVE('',#8023,#8032,#8034,.T.);
#8032 = VERTEX_POINT('',#8033);
#8033 = CARTESIAN_POINT('',(-0.95,-1.2,0.25));
#8034 = LINE('',#8035,#8036);
#8035 = CARTESIAN_POINT('',(-0.95,-1.2,0.65));
#8036 = VECTOR('',#8037,1.);
#8037 = DIRECTION('',(-0.,0.,-1.));
#8038 = ORIENTED_EDGE('',*,*,#8039,.T.);
#8039 = EDGE_CURVE('',#8032,#8040,#8042,.T.);
#8040 = VERTEX_POINT('',#8041);
#8041 = CARTESIAN_POINT('',(-1.2,-1.2,0.));
#8042 = CIRCLE('',#8043,0.25);
#8043 = AXIS2_PLACEMENT_3D('',#8044,#8045,#8046);
#8044 = CARTESIAN_POINT('',(-1.2,-1.2,0.25));
#8045 = DIRECTION('',(-9.95799250103E-17,1.,0.));
#8046 = DIRECTION('',(1.,9.95799250103E-17,-4.440892098501E-16));
#8047 = ORIENTED_EDGE('',*,*,#8048,.T.);
#8048 = EDGE_CURVE('',#8040,#8049,#8051,.T.);
#8049 = VERTEX_POINT('',#8050);
#8050 = CARTESIAN_POINT('',(-1.4,-1.2,0.));
#8051 = LINE('',#8052,#8053);
#8052 = CARTESIAN_POINT('',(-1.2,-1.2,0.));
#8053 = VECTOR('',#8054,1.);
#8054 = DIRECTION('',(-1.,-9.95799250103E-17,0.));
#8055 = ORIENTED_EDGE('',*,*,#8056,.T.);
#8056 = EDGE_CURVE('',#8049,#8057,#8059,.T.);
#8057 = VERTEX_POINT('',#8058);
#8058 = CARTESIAN_POINT('',(-1.4,-1.2,0.15));
#8059 = LINE('',#8060,#8061);
#8060 = CARTESIAN_POINT('',(-1.4,-1.2,0.));
#8061 = VECTOR('',#8062,1.);
#8062 = DIRECTION('',(0.,0.,1.));
#8063 = ORIENTED_EDGE('',*,*,#8064,.T.);
#8064 = EDGE_CURVE('',#8057,#8065,#8067,.T.);
#8065 = VERTEX_POINT('',#8066);
#8066 = CARTESIAN_POINT('',(-1.2,-1.2,0.15));
#8067 = LINE('',#8068,#8069);
#8068 = CARTESIAN_POINT('',(-1.4,-1.2,0.15));
#8069 = VECTOR('',#8070,1.);
#8070 = DIRECTION('',(1.,9.95799250103E-17,0.));
#8071 = ORIENTED_EDGE('',*,*,#8072,.T.);
#8072 = EDGE_CURVE('',#8065,#8073,#8075,.T.);
#8073 = VERTEX_POINT('',#8074);
#8074 = CARTESIAN_POINT('',(-1.1,-1.2,0.25));
#8075 = CIRCLE('',#8076,0.1);
#8076 = AXIS2_PLACEMENT_3D('',#8077,#8078,#8079);
#8077 = CARTESIAN_POINT('',(-1.2,-1.2,0.25));
#8078 = DIRECTION('',(9.95799250103E-17,-1.,-0.));
#8079 = DIRECTION('',(-0.,0.,-1.));
#8080 = ORIENTED_EDGE('',*,*,#8081,.T.);
#8081 = EDGE_CURVE('',#8073,#8082,#8084,.T.);
#8082 = VERTEX_POINT('',#8083);
#8083 = CARTESIAN_POINT('',(-1.1,-1.2,0.65));
#8084 = LINE('',#8085,#8086);
#8085 = CARTESIAN_POINT('',(-1.1,-1.2,0.25));
#8086 = VECTOR('',#8087,1.);
#8087 = DIRECTION('',(0.,0.,1.));
#8088 = ORIENTED_EDGE('',*,*,#8089,.T.);
#8089 = EDGE_CURVE('',#8082,#8090,#8092,.T.);
#8090 = VERTEX_POINT('',#8091);
#8091 = CARTESIAN_POINT('',(-0.85,-1.2,0.9));
#8092 = CIRCLE('',#8093,0.25);
#8093 = AXIS2_PLACEMENT_3D('',#8094,#8095,#8096);
#8094 = CARTESIAN_POINT('',(-0.85,-1.2,0.65));
#8095 = DIRECTION('',(-9.95799250103E-17,1.,0.));
#8096 = DIRECTION('',(-1.,-9.95799250103E-17,1.33226762955E-15));
#8097 = ORIENTED_EDGE('',*,*,#8098,.T.);
#8098 = EDGE_CURVE('',#8090,#7165,#8099,.T.);
#8099 = LINE('',#8100,#8101);
#8100 = CARTESIAN_POINT('',(-0.85,-1.2,0.9));
#8101 = VECTOR('',#8102,1.);
#8102 = DIRECTION('',(1.,9.95799250103E-17,0.));
#8103 = PLANE('',#8104);
#8104 = AXIS2_PLACEMENT_3D('',#8105,#8106,#8107);
#8105 = CARTESIAN_POINT('',(-1.05370428853,-1.2,0.423089729504));
#8106 = DIRECTION('',(-9.95799250103E-17,1.,0.));
#8107 = DIRECTION('',(0.,0.,1.));
#8108 = ADVANCED_FACE('',(#8109),#8195,.T.);
#8109 = FACE_BOUND('',#8110,.T.);
#8110 = EDGE_LOOP('',(#8111,#8112,#8113,#8122,#8130,#8139,#8147,#8155,
    #8163,#8172,#8180,#8189));
#8111 = ORIENTED_EDGE('',*,*,#7186,.F.);
#8112 = ORIENTED_EDGE('',*,*,#7250,.T.);
#8113 = ORIENTED_EDGE('',*,*,#8114,.T.);
#8114 = EDGE_CURVE('',#7251,#8115,#8117,.T.);
#8115 = VERTEX_POINT('',#8116);
#8116 = CARTESIAN_POINT('',(-0.95,1.2,0.65));
#8117 = CIRCLE('',#8118,0.1);
#8118 = AXIS2_PLACEMENT_3D('',#8119,#8120,#8121);
#8119 = CARTESIAN_POINT('',(-0.85,1.2,0.65));
#8120 = DIRECTION('',(9.95799250103E-17,-1.,3.664476801359E-48));
#8121 = DIRECTION('',(1.110223024625E-15,1.105559255369E-31,1.));
#8122 = ORIENTED_EDGE('',*,*,#8123,.T.);
#8123 = EDGE_CURVE('',#8115,#8124,#8126,.T.);
#8124 = VERTEX_POINT('',#8125);
#8125 = CARTESIAN_POINT('',(-0.95,1.2,0.25));
#8126 = LINE('',#8127,#8128);
#8127 = CARTESIAN_POINT('',(-0.95,1.2,0.65));
#8128 = VECTOR('',#8129,1.);
#8129 = DIRECTION('',(-0.,0.,-1.));
#8130 = ORIENTED_EDGE('',*,*,#8131,.T.);
#8131 = EDGE_CURVE('',#8124,#8132,#8134,.T.);
#8132 = VERTEX_POINT('',#8133);
#8133 = CARTESIAN_POINT('',(-1.2,1.2,0.));
#8134 = CIRCLE('',#8135,0.25);
#8135 = AXIS2_PLACEMENT_3D('',#8136,#8137,#8138);
#8136 = CARTESIAN_POINT('',(-1.2,1.2,0.25));
#8137 = DIRECTION('',(-9.95799250103E-17,1.,0.));
#8138 = DIRECTION('',(1.,9.95799250103E-17,-4.440892098501E-16));
#8139 = ORIENTED_EDGE('',*,*,#8140,.T.);
#8140 = EDGE_CURVE('',#8132,#8141,#8143,.T.);
#8141 = VERTEX_POINT('',#8142);
#8142 = CARTESIAN_POINT('',(-1.4,1.2,0.));
#8143 = LINE('',#8144,#8145);
#8144 = CARTESIAN_POINT('',(-1.2,1.2,0.));
#8145 = VECTOR('',#8146,1.);
#8146 = DIRECTION('',(-1.,-9.95799250103E-17,0.));
#8147 = ORIENTED_EDGE('',*,*,#8148,.T.);
#8148 = EDGE_CURVE('',#8141,#8149,#8151,.T.);
#8149 = VERTEX_POINT('',#8150);
#8150 = CARTESIAN_POINT('',(-1.4,1.2,0.15));
#8151 = LINE('',#8152,#8153);
#8152 = CARTESIAN_POINT('',(-1.4,1.2,0.));
#8153 = VECTOR('',#8154,1.);
#8154 = DIRECTION('',(0.,0.,1.));
#8155 = ORIENTED_EDGE('',*,*,#8156,.T.);
#8156 = EDGE_CURVE('',#8149,#8157,#8159,.T.);
#8157 = VERTEX_POINT('',#8158);
#8158 = CARTESIAN_POINT('',(-1.2,1.2,0.15));
#8159 = LINE('',#8160,#8161);
#8160 = CARTESIAN_POINT('',(-1.4,1.2,0.15));
#8161 = VECTOR('',#8162,1.);
#8162 = DIRECTION('',(1.,9.95799250103E-17,0.));
#8163 = ORIENTED_EDGE('',*,*,#8164,.T.);
#8164 = EDGE_CURVE('',#8157,#8165,#8167,.T.);
#8165 = VERTEX_POINT('',#8166);
#8166 = CARTESIAN_POINT('',(-1.1,1.2,0.25));
#8167 = CIRCLE('',#8168,0.1);
#8168 = AXIS2_PLACEMENT_3D('',#8169,#8170,#8171);
#8169 = CARTESIAN_POINT('',(-1.2,1.2,0.25));
#8170 = DIRECTION('',(9.95799250103E-17,-1.,-0.));
#8171 = DIRECTION('',(-0.,0.,-1.));
#8172 = ORIENTED_EDGE('',*,*,#8173,.T.);
#8173 = EDGE_CURVE('',#8165,#8174,#8176,.T.);
#8174 = VERTEX_POINT('',#8175);
#8175 = CARTESIAN_POINT('',(-1.1,1.2,0.65));
#8176 = LINE('',#8177,#8178);
#8177 = CARTESIAN_POINT('',(-1.1,1.2,0.25));
#8178 = VECTOR('',#8179,1.);
#8179 = DIRECTION('',(0.,0.,1.));
#8180 = ORIENTED_EDGE('',*,*,#8181,.T.);
#8181 = EDGE_CURVE('',#8174,#8182,#8184,.T.);
#8182 = VERTEX_POINT('',#8183);
#8183 = CARTESIAN_POINT('',(-0.85,1.2,0.9));
#8184 = CIRCLE('',#8185,0.25);
#8185 = AXIS2_PLACEMENT_3D('',#8186,#8187,#8188);
#8186 = CARTESIAN_POINT('',(-0.85,1.2,0.65));
#8187 = DIRECTION('',(-9.95799250103E-17,1.,0.));
#8188 = DIRECTION('',(-1.,-9.95799250103E-17,1.33226762955E-15));
#8189 = ORIENTED_EDGE('',*,*,#8190,.T.);
#8190 = EDGE_CURVE('',#8182,#7187,#8191,.T.);
#8191 = LINE('',#8192,#8193);
#8192 = CARTESIAN_POINT('',(-0.85,1.2,0.9));
#8193 = VECTOR('',#8194,1.);
#8194 = DIRECTION('',(1.,9.95799250103E-17,0.));
#8195 = PLANE('',#8196);
#8196 = AXIS2_PLACEMENT_3D('',#8197,#8198,#8199);
#8197 = CARTESIAN_POINT('',(-1.05370428853,1.2,0.423089729504));
#8198 = DIRECTION('',(-9.95799250103E-17,1.,0.));
#8199 = DIRECTION('',(0.,0.,1.));
#8200 = ADVANCED_FACE('',(#8201),#8219,.F.);
#8201 = FACE_BOUND('',#8202,.F.);
#8202 = EDGE_LOOP('',(#8203,#8211,#8212,#8213));
#8203 = ORIENTED_EDGE('',*,*,#8204,.F.);
#8204 = EDGE_CURVE('',#7187,#8205,#8207,.T.);
#8205 = VERTEX_POINT('',#8206);
#8206 = CARTESIAN_POINT('',(-0.775,1.2,0.9));
#8207 = LINE('',#8208,#8209);
#8208 = CARTESIAN_POINT('',(-0.85,1.2,0.9));
#8209 = VECTOR('',#8210,1.);
#8210 = DIRECTION('',(1.,9.95799250103E-17,0.));
#8211 = ORIENTED_EDGE('',*,*,#7196,.T.);
#8212 = ORIENTED_EDGE('',*,*,#7427,.T.);
#8213 = ORIENTED_EDGE('',*,*,#8214,.F.);
#8214 = EDGE_CURVE('',#8205,#7420,#8215,.T.);
#8215 = LINE('',#8216,#8217);
#8216 = CARTESIAN_POINT('',(-0.775,-1.3425,0.9));
#8217 = VECTOR('',#8218,1.);
#8218 = DIRECTION('',(-2.22044604925E-16,1.,0.));
#8219 = B_SPLINE_SURFACE_WITH_KNOTS('',1,1,(
    (#8220,#8221)
    ,(#8222,#8223
    )),.UNSPECIFIED.,.F.,.F.,.F.,(2,2),(2,2),(0.,2.71),(0.,1.),
  .PIECEWISE_BEZIER_KNOTS.);
#8220 = CARTESIAN_POINT('',(-0.8,-1.355,0.9));
#8221 = CARTESIAN_POINT('',(-0.775,-1.3425,0.9));
#8222 = CARTESIAN_POINT('',(-0.8,1.355,0.9));
#8223 = CARTESIAN_POINT('',(-0.775,1.3425,0.9));
#8224 = ADVANCED_FACE('',(#8225),#8244,.F.);
#8225 = FACE_BOUND('',#8226,.F.);
#8226 = EDGE_LOOP('',(#8227,#8228,#8237,#8243));
#8227 = ORIENTED_EDGE('',*,*,#7227,.T.);
#8228 = ORIENTED_EDGE('',*,*,#8229,.T.);
#8229 = EDGE_CURVE('',#7220,#8230,#8232,.T.);
#8230 = VERTEX_POINT('',#8231);
#8231 = CARTESIAN_POINT('',(-0.95,-0.7,0.65));
#8232 = CIRCLE('',#8233,0.1);
#8233 = AXIS2_PLACEMENT_3D('',#8234,#8235,#8236);
#8234 = CARTESIAN_POINT('',(-0.85,-0.7,0.65));
#8235 = DIRECTION('',(9.95799250103E-17,-1.,3.664476801359E-48));
#8236 = DIRECTION('',(1.110223024625E-15,1.105559255369E-31,1.));
#8237 = ORIENTED_EDGE('',*,*,#8238,.F.);
#8238 = EDGE_CURVE('',#8023,#8230,#8239,.T.);
#8239 = LINE('',#8240,#8241);
#8240 = CARTESIAN_POINT('',(-0.95,-1.2,0.65));
#8241 = VECTOR('',#8242,1.);
#8242 = DIRECTION('',(-9.95799250103E-17,1.,0.));
#8243 = ORIENTED_EDGE('',*,*,#8022,.F.);
#8244 = CYLINDRICAL_SURFACE('',#8245,0.1);
#8245 = AXIS2_PLACEMENT_3D('',#8246,#8247,#8248);
#8246 = CARTESIAN_POINT('',(-0.85,-1.2,0.65));
#8247 = DIRECTION('',(9.95799250103E-17,-1.,0.));
#8248 = DIRECTION('',(1.110223024625E-15,1.105559255369E-31,1.));
#8249 = ADVANCED_FACE('',(#8250),#8328,.T.);
#8250 = FACE_BOUND('',#8251,.T.);
#8251 = EDGE_LOOP('',(#8252,#8253,#8254,#8255,#8263,#8272,#8280,#8288,
    #8296,#8305,#8313,#8322));
#8252 = ORIENTED_EDGE('',*,*,#7272,.F.);
#8253 = ORIENTED_EDGE('',*,*,#7219,.T.);
#8254 = ORIENTED_EDGE('',*,*,#8229,.T.);
#8255 = ORIENTED_EDGE('',*,*,#8256,.T.);
#8256 = EDGE_CURVE('',#8230,#8257,#8259,.T.);
#8257 = VERTEX_POINT('',#8258);
#8258 = CARTESIAN_POINT('',(-0.95,-0.7,0.25));
#8259 = LINE('',#8260,#8261);
#8260 = CARTESIAN_POINT('',(-0.95,-0.7,0.65));
#8261 = VECTOR('',#8262,1.);
#8262 = DIRECTION('',(-0.,0.,-1.));
#8263 = ORIENTED_EDGE('',*,*,#8264,.T.);
#8264 = EDGE_CURVE('',#8257,#8265,#8267,.T.);
#8265 = VERTEX_POINT('',#8266);
#8266 = CARTESIAN_POINT('',(-1.2,-0.7,0.));
#8267 = CIRCLE('',#8268,0.25);
#8268 = AXIS2_PLACEMENT_3D('',#8269,#8270,#8271);
#8269 = CARTESIAN_POINT('',(-1.2,-0.7,0.25));
#8270 = DIRECTION('',(-9.95799250103E-17,1.,0.));
#8271 = DIRECTION('',(1.,9.95799250103E-17,-4.440892098501E-16));
#8272 = ORIENTED_EDGE('',*,*,#8273,.T.);
#8273 = EDGE_CURVE('',#8265,#8274,#8276,.T.);
#8274 = VERTEX_POINT('',#8275);
#8275 = CARTESIAN_POINT('',(-1.4,-0.7,0.));
#8276 = LINE('',#8277,#8278);
#8277 = CARTESIAN_POINT('',(-1.2,-0.7,0.));
#8278 = VECTOR('',#8279,1.);
#8279 = DIRECTION('',(-1.,-9.95799250103E-17,0.));
#8280 = ORIENTED_EDGE('',*,*,#8281,.T.);
#8281 = EDGE_CURVE('',#8274,#8282,#8284,.T.);
#8282 = VERTEX_POINT('',#8283);
#8283 = CARTESIAN_POINT('',(-1.4,-0.7,0.15));
#8284 = LINE('',#8285,#8286);
#8285 = CARTESIAN_POINT('',(-1.4,-0.7,0.));
#8286 = VECTOR('',#8287,1.);
#8287 = DIRECTION('',(0.,0.,1.));
#8288 = ORIENTED_EDGE('',*,*,#8289,.T.);
#8289 = EDGE_CURVE('',#8282,#8290,#8292,.T.);
#8290 = VERTEX_POINT('',#8291);
#8291 = CARTESIAN_POINT('',(-1.2,-0.7,0.15));
#8292 = LINE('',#8293,#8294);
#8293 = CARTESIAN_POINT('',(-1.4,-0.7,0.15));
#8294 = VECTOR('',#8295,1.);
#8295 = DIRECTION('',(1.,9.95799250103E-17,0.));
#8296 = ORIENTED_EDGE('',*,*,#8297,.T.);
#8297 = EDGE_CURVE('',#8290,#8298,#8300,.T.);
#8298 = VERTEX_POINT('',#8299);
#8299 = CARTESIAN_POINT('',(-1.1,-0.7,0.25));
#8300 = CIRCLE('',#8301,0.1);
#8301 = AXIS2_PLACEMENT_3D('',#8302,#8303,#8304);
#8302 = CARTESIAN_POINT('',(-1.2,-0.7,0.25));
#8303 = DIRECTION('',(9.95799250103E-17,-1.,-0.));
#8304 = DIRECTION('',(-0.,0.,-1.));
#8305 = ORIENTED_EDGE('',*,*,#8306,.T.);
#8306 = EDGE_CURVE('',#8298,#8307,#8309,.T.);
#8307 = VERTEX_POINT('',#8308);
#8308 = CARTESIAN_POINT('',(-1.1,-0.7,0.65));
#8309 = LINE('',#8310,#8311);
#8310 = CARTESIAN_POINT('',(-1.1,-0.7,0.25));
#8311 = VECTOR('',#8312,1.);
#8312 = DIRECTION('',(0.,0.,1.));
#8313 = ORIENTED_EDGE('',*,*,#8314,.T.);
#8314 = EDGE_CURVE('',#8307,#8315,#8317,.T.);
#8315 = VERTEX_POINT('',#8316);
#8316 = CARTESIAN_POINT('',(-0.85,-0.7,0.9));
#8317 = CIRCLE('',#8318,0.25);
#8318 = AXIS2_PLACEMENT_3D('',#8319,#8320,#8321);
#8319 = CARTESIAN_POINT('',(-0.85,-0.7,0.65));
#8320 = DIRECTION('',(-9.95799250103E-17,1.,0.));
#8321 = DIRECTION('',(-1.,-9.95799250103E-17,1.33226762955E-15));
#8322 = ORIENTED_EDGE('',*,*,#8323,.T.);
#8323 = EDGE_CURVE('',#8315,#7273,#8324,.T.);
#8324 = LINE('',#8325,#8326);
#8325 = CARTESIAN_POINT('',(-0.85,-0.7,0.9));
#8326 = VECTOR('',#8327,1.);
#8327 = DIRECTION('',(1.,9.95799250103E-17,0.));
#8328 = PLANE('',#8329);
#8329 = AXIS2_PLACEMENT_3D('',#8330,#8331,#8332);
#8330 = CARTESIAN_POINT('',(-1.05370428853,-0.7,0.423089729504));
#8331 = DIRECTION('',(-9.95799250103E-17,1.,0.));
#8332 = DIRECTION('',(0.,0.,1.));
#8333 = ADVANCED_FACE('',(#8334),#8420,.F.);
#8334 = FACE_BOUND('',#8335,.F.);
#8335 = EDGE_LOOP('',(#8336,#8337,#8338,#8347,#8355,#8364,#8372,#8380,
    #8388,#8397,#8405,#8414));
#8336 = ORIENTED_EDGE('',*,*,#7312,.F.);
#8337 = ORIENTED_EDGE('',*,*,#7241,.T.);
#8338 = ORIENTED_EDGE('',*,*,#8339,.T.);
#8339 = EDGE_CURVE('',#7242,#8340,#8342,.T.);
#8340 = VERTEX_POINT('',#8341);
#8341 = CARTESIAN_POINT('',(-0.95,0.7,0.65));
#8342 = CIRCLE('',#8343,0.1);
#8343 = AXIS2_PLACEMENT_3D('',#8344,#8345,#8346);
#8344 = CARTESIAN_POINT('',(-0.85,0.7,0.65));
#8345 = DIRECTION('',(9.95799250103E-17,-1.,3.664476801359E-48));
#8346 = DIRECTION('',(1.110223024625E-15,1.105559255369E-31,1.));
#8347 = ORIENTED_EDGE('',*,*,#8348,.T.);
#8348 = EDGE_CURVE('',#8340,#8349,#8351,.T.);
#8349 = VERTEX_POINT('',#8350);
#8350 = CARTESIAN_POINT('',(-0.95,0.7,0.25));
#8351 = LINE('',#8352,#8353);
#8352 = CARTESIAN_POINT('',(-0.95,0.7,0.65));
#8353 = VECTOR('',#8354,1.);
#8354 = DIRECTION('',(-0.,0.,-1.));
#8355 = ORIENTED_EDGE('',*,*,#8356,.T.);
#8356 = EDGE_CURVE('',#8349,#8357,#8359,.T.);
#8357 = VERTEX_POINT('',#8358);
#8358 = CARTESIAN_POINT('',(-1.2,0.7,0.));
#8359 = CIRCLE('',#8360,0.25);
#8360 = AXIS2_PLACEMENT_3D('',#8361,#8362,#8363);
#8361 = CARTESIAN_POINT('',(-1.2,0.7,0.25));
#8362 = DIRECTION('',(-9.95799250103E-17,1.,0.));
#8363 = DIRECTION('',(1.,9.95799250103E-17,-4.440892098501E-16));
#8364 = ORIENTED_EDGE('',*,*,#8365,.T.);
#8365 = EDGE_CURVE('',#8357,#8366,#8368,.T.);
#8366 = VERTEX_POINT('',#8367);
#8367 = CARTESIAN_POINT('',(-1.4,0.7,0.));
#8368 = LINE('',#8369,#8370);
#8369 = CARTESIAN_POINT('',(-1.2,0.7,0.));
#8370 = VECTOR('',#8371,1.);
#8371 = DIRECTION('',(-1.,-9.95799250103E-17,0.));
#8372 = ORIENTED_EDGE('',*,*,#8373,.T.);
#8373 = EDGE_CURVE('',#8366,#8374,#8376,.T.);
#8374 = VERTEX_POINT('',#8375);
#8375 = CARTESIAN_POINT('',(-1.4,0.7,0.15));
#8376 = LINE('',#8377,#8378);
#8377 = CARTESIAN_POINT('',(-1.4,0.7,0.));
#8378 = VECTOR('',#8379,1.);
#8379 = DIRECTION('',(0.,0.,1.));
#8380 = ORIENTED_EDGE('',*,*,#8381,.T.);
#8381 = EDGE_CURVE('',#8374,#8382,#8384,.T.);
#8382 = VERTEX_POINT('',#8383);
#8383 = CARTESIAN_POINT('',(-1.2,0.7,0.15));
#8384 = LINE('',#8385,#8386);
#8385 = CARTESIAN_POINT('',(-1.4,0.7,0.15));
#8386 = VECTOR('',#8387,1.);
#8387 = DIRECTION('',(1.,9.95799250103E-17,0.));
#8388 = ORIENTED_EDGE('',*,*,#8389,.T.);
#8389 = EDGE_CURVE('',#8382,#8390,#8392,.T.);
#8390 = VERTEX_POINT('',#8391);
#8391 = CARTESIAN_POINT('',(-1.1,0.7,0.25));
#8392 = CIRCLE('',#8393,0.1);
#8393 = AXIS2_PLACEMENT_3D('',#8394,#8395,#8396);
#8394 = CARTESIAN_POINT('',(-1.2,0.7,0.25));
#8395 = DIRECTION('',(9.95799250103E-17,-1.,-0.));
#8396 = DIRECTION('',(-0.,0.,-1.));
#8397 = ORIENTED_EDGE('',*,*,#8398,.T.);
#8398 = EDGE_CURVE('',#8390,#8399,#8401,.T.);
#8399 = VERTEX_POINT('',#8400);
#8400 = CARTESIAN_POINT('',(-1.1,0.7,0.65));
#8401 = LINE('',#8402,#8403);
#8402 = CARTESIAN_POINT('',(-1.1,0.7,0.25));
#8403 = VECTOR('',#8404,1.);
#8404 = DIRECTION('',(0.,0.,1.));
#8405 = ORIENTED_EDGE('',*,*,#8406,.T.);
#8406 = EDGE_CURVE('',#8399,#8407,#8409,.T.);
#8407 = VERTEX_POINT('',#8408);
#8408 = CARTESIAN_POINT('',(-0.85,0.7,0.9));
#8409 = CIRCLE('',#8410,0.25);
#8410 = AXIS2_PLACEMENT_3D('',#8411,#8412,#8413);
#8411 = CARTESIAN_POINT('',(-0.85,0.7,0.65));
#8412 = DIRECTION('',(-9.95799250103E-17,1.,0.));
#8413 = DIRECTION('',(-1.,-9.95799250103E-17,1.33226762955E-15));
#8414 = ORIENTED_EDGE('',*,*,#8415,.T.);
#8415 = EDGE_CURVE('',#8407,#7313,#8416,.T.);
#8416 = LINE('',#8417,#8418);
#8417 = CARTESIAN_POINT('',(-0.85,0.7,0.9));
#8418 = VECTOR('',#8419,1.);
#8419 = DIRECTION('',(1.,9.95799250103E-17,0.));
#8420 = PLANE('',#8421);
#8421 = AXIS2_PLACEMENT_3D('',#8422,#8423,#8424);
#8422 = CARTESIAN_POINT('',(-1.05370428853,0.7,0.423089729504));
#8423 = DIRECTION('',(-9.95799250103E-17,1.,0.));
#8424 = DIRECTION('',(0.,0.,1.));
#8425 = ADVANCED_FACE('',(#8426),#8437,.F.);
#8426 = FACE_BOUND('',#8427,.F.);
#8427 = EDGE_LOOP('',(#8428,#8429,#8430,#8436));
#8428 = ORIENTED_EDGE('',*,*,#7258,.T.);
#8429 = ORIENTED_EDGE('',*,*,#8114,.T.);
#8430 = ORIENTED_EDGE('',*,*,#8431,.F.);
#8431 = EDGE_CURVE('',#8340,#8115,#8432,.T.);
#8432 = LINE('',#8433,#8434);
#8433 = CARTESIAN_POINT('',(-0.95,0.7,0.65));
#8434 = VECTOR('',#8435,1.);
#8435 = DIRECTION('',(-9.95799250103E-17,1.,0.));
#8436 = ORIENTED_EDGE('',*,*,#8339,.F.);
#8437 = CYLINDRICAL_SURFACE('',#8438,0.1);
#8438 = AXIS2_PLACEMENT_3D('',#8439,#8440,#8441);
#8439 = CARTESIAN_POINT('',(-0.85,0.7,0.65));
#8440 = DIRECTION('',(9.95799250103E-17,-1.,0.));
#8441 = DIRECTION('',(1.110223024625E-15,1.105559255369E-31,1.));
#8442 = ADVANCED_FACE('',(#8443),#8468,.F.);
#8443 = FACE_BOUND('',#8444,.F.);
#8444 = EDGE_LOOP('',(#8445,#8453,#8454,#8462));
#8445 = ORIENTED_EDGE('',*,*,#8446,.F.);
#8446 = EDGE_CURVE('',#7273,#8447,#8449,.T.);
#8447 = VERTEX_POINT('',#8448);
#8448 = CARTESIAN_POINT('',(-0.775,-0.7,0.9));
#8449 = LINE('',#8450,#8451);
#8450 = CARTESIAN_POINT('',(-0.85,-0.7,0.9));
#8451 = VECTOR('',#8452,1.);
#8452 = DIRECTION('',(1.,9.95799250103E-17,0.));
#8453 = ORIENTED_EDGE('',*,*,#7289,.T.);
#8454 = ORIENTED_EDGE('',*,*,#8455,.T.);
#8455 = EDGE_CURVE('',#7282,#8456,#8458,.T.);
#8456 = VERTEX_POINT('',#8457);
#8457 = CARTESIAN_POINT('',(-0.775,-0.25,0.9));
#8458 = LINE('',#8459,#8460);
#8459 = CARTESIAN_POINT('',(-0.85,-0.25,0.9));
#8460 = VECTOR('',#8461,1.);
#8461 = DIRECTION('',(1.,9.95799250103E-17,0.));
#8462 = ORIENTED_EDGE('',*,*,#8463,.F.);
#8463 = EDGE_CURVE('',#8447,#8456,#8464,.T.);
#8464 = LINE('',#8465,#8466);
#8465 = CARTESIAN_POINT('',(-0.775,-1.3425,0.9));
#8466 = VECTOR('',#8467,1.);
#8467 = DIRECTION('',(-2.22044604925E-16,1.,0.));
#8468 = B_SPLINE_SURFACE_WITH_KNOTS('',1,1,(
    (#8469,#8470)
    ,(#8471,#8472
    )),.UNSPECIFIED.,.F.,.F.,.F.,(2,2),(2,2),(0.,2.71),(0.,1.),
  .PIECEWISE_BEZIER_KNOTS.);
#8469 = CARTESIAN_POINT('',(-0.8,-1.355,0.9));
#8470 = CARTESIAN_POINT('',(-0.775,-1.3425,0.9));
#8471 = CARTESIAN_POINT('',(-0.8,1.355,0.9));
#8472 = CARTESIAN_POINT('',(-0.775,1.3425,0.9));
#8473 = ADVANCED_FACE('',(#8474),#8560,.F.);
#8474 = FACE_BOUND('',#8475,.F.);
#8475 = EDGE_LOOP('',(#8476,#8477,#8478,#8487,#8495,#8504,#8512,#8520,
    #8528,#8537,#8545,#8554));
#8476 = ORIENTED_EDGE('',*,*,#7281,.F.);
#8477 = ORIENTED_EDGE('',*,*,#7334,.T.);
#8478 = ORIENTED_EDGE('',*,*,#8479,.T.);
#8479 = EDGE_CURVE('',#7335,#8480,#8482,.T.);
#8480 = VERTEX_POINT('',#8481);
#8481 = CARTESIAN_POINT('',(-0.95,-0.25,0.65));
#8482 = CIRCLE('',#8483,0.1);
#8483 = AXIS2_PLACEMENT_3D('',#8484,#8485,#8486);
#8484 = CARTESIAN_POINT('',(-0.85,-0.25,0.65));
#8485 = DIRECTION('',(9.95799250103E-17,-1.,3.664476801359E-48));
#8486 = DIRECTION('',(1.110223024625E-15,1.105559255369E-31,1.));
#8487 = ORIENTED_EDGE('',*,*,#8488,.T.);
#8488 = EDGE_CURVE('',#8480,#8489,#8491,.T.);
#8489 = VERTEX_POINT('',#8490);
#8490 = CARTESIAN_POINT('',(-0.95,-0.25,0.25));
#8491 = LINE('',#8492,#8493);
#8492 = CARTESIAN_POINT('',(-0.95,-0.25,0.65));
#8493 = VECTOR('',#8494,1.);
#8494 = DIRECTION('',(-0.,0.,-1.));
#8495 = ORIENTED_EDGE('',*,*,#8496,.T.);
#8496 = EDGE_CURVE('',#8489,#8497,#8499,.T.);
#8497 = VERTEX_POINT('',#8498);
#8498 = CARTESIAN_POINT('',(-1.2,-0.25,0.));
#8499 = CIRCLE('',#8500,0.25);
#8500 = AXIS2_PLACEMENT_3D('',#8501,#8502,#8503);
#8501 = CARTESIAN_POINT('',(-1.2,-0.25,0.25));
#8502 = DIRECTION('',(-9.95799250103E-17,1.,0.));
#8503 = DIRECTION('',(1.,9.95799250103E-17,-4.440892098501E-16));
#8504 = ORIENTED_EDGE('',*,*,#8505,.T.);
#8505 = EDGE_CURVE('',#8497,#8506,#8508,.T.);
#8506 = VERTEX_POINT('',#8507);
#8507 = CARTESIAN_POINT('',(-1.4,-0.25,0.));
#8508 = LINE('',#8509,#8510);
#8509 = CARTESIAN_POINT('',(-1.2,-0.25,0.));
#8510 = VECTOR('',#8511,1.);
#8511 = DIRECTION('',(-1.,-9.95799250103E-17,0.));
#8512 = ORIENTED_EDGE('',*,*,#8513,.T.);
#8513 = EDGE_CURVE('',#8506,#8514,#8516,.T.);
#8514 = VERTEX_POINT('',#8515);
#8515 = CARTESIAN_POINT('',(-1.4,-0.25,0.15));
#8516 = LINE('',#8517,#8518);
#8517 = CARTESIAN_POINT('',(-1.4,-0.25,0.));
#8518 = VECTOR('',#8519,1.);
#8519 = DIRECTION('',(0.,0.,1.));
#8520 = ORIENTED_EDGE('',*,*,#8521,.T.);
#8521 = EDGE_CURVE('',#8514,#8522,#8524,.T.);
#8522 = VERTEX_POINT('',#8523);
#8523 = CARTESIAN_POINT('',(-1.2,-0.25,0.15));
#8524 = LINE('',#8525,#8526);
#8525 = CARTESIAN_POINT('',(-1.4,-0.25,0.15));
#8526 = VECTOR('',#8527,1.);
#8527 = DIRECTION('',(1.,9.95799250103E-17,0.));
#8528 = ORIENTED_EDGE('',*,*,#8529,.T.);
#8529 = EDGE_CURVE('',#8522,#8530,#8532,.T.);
#8530 = VERTEX_POINT('',#8531);
#8531 = CARTESIAN_POINT('',(-1.1,-0.25,0.25));
#8532 = CIRCLE('',#8533,0.1);
#8533 = AXIS2_PLACEMENT_3D('',#8534,#8535,#8536);
#8534 = CARTESIAN_POINT('',(-1.2,-0.25,0.25));
#8535 = DIRECTION('',(9.95799250103E-17,-1.,-0.));
#8536 = DIRECTION('',(-0.,0.,-1.));
#8537 = ORIENTED_EDGE('',*,*,#8538,.T.);
#8538 = EDGE_CURVE('',#8530,#8539,#8541,.T.);
#8539 = VERTEX_POINT('',#8540);
#8540 = CARTESIAN_POINT('',(-1.1,-0.25,0.65));
#8541 = LINE('',#8542,#8543);
#8542 = CARTESIAN_POINT('',(-1.1,-0.25,0.25));
#8543 = VECTOR('',#8544,1.);
#8544 = DIRECTION('',(0.,0.,1.));
#8545 = ORIENTED_EDGE('',*,*,#8546,.T.);
#8546 = EDGE_CURVE('',#8539,#8547,#8549,.T.);
#8547 = VERTEX_POINT('',#8548);
#8548 = CARTESIAN_POINT('',(-0.85,-0.25,0.9));
#8549 = CIRCLE('',#8550,0.25);
#8550 = AXIS2_PLACEMENT_3D('',#8551,#8552,#8553);
#8551 = CARTESIAN_POINT('',(-0.85,-0.25,0.65));
#8552 = DIRECTION('',(-9.95799250103E-17,1.,0.));
#8553 = DIRECTION('',(-1.,-9.95799250103E-17,1.33226762955E-15));
#8554 = ORIENTED_EDGE('',*,*,#8555,.T.);
#8555 = EDGE_CURVE('',#8547,#7282,#8556,.T.);
#8556 = LINE('',#8557,#8558);
#8557 = CARTESIAN_POINT('',(-0.85,-0.25,0.9));
#8558 = VECTOR('',#8559,1.);
#8559 = DIRECTION('',(1.,9.95799250103E-17,0.));
#8560 = PLANE('',#8561);
#8561 = AXIS2_PLACEMENT_3D('',#8562,#8563,#8564);
#8562 = CARTESIAN_POINT('',(-1.05370428853,-0.25,0.423089729504));
#8563 = DIRECTION('',(-9.95799250103E-17,1.,0.));
#8564 = DIRECTION('',(0.,0.,1.));
#8565 = ADVANCED_FACE('',(#8566),#8652,.T.);
#8566 = FACE_BOUND('',#8567,.T.);
#8567 = EDGE_LOOP('',(#8568,#8569,#8570,#8579,#8587,#8596,#8604,#8612,
    #8620,#8629,#8637,#8646));
#8568 = ORIENTED_EDGE('',*,*,#7303,.F.);
#8569 = ORIENTED_EDGE('',*,*,#7343,.T.);
#8570 = ORIENTED_EDGE('',*,*,#8571,.T.);
#8571 = EDGE_CURVE('',#7344,#8572,#8574,.T.);
#8572 = VERTEX_POINT('',#8573);
#8573 = CARTESIAN_POINT('',(-0.95,0.25,0.65));
#8574 = CIRCLE('',#8575,0.1);
#8575 = AXIS2_PLACEMENT_3D('',#8576,#8577,#8578);
#8576 = CARTESIAN_POINT('',(-0.85,0.25,0.65));
#8577 = DIRECTION('',(9.95799250103E-17,-1.,3.664476801359E-48));
#8578 = DIRECTION('',(1.110223024625E-15,1.105559255369E-31,1.));
#8579 = ORIENTED_EDGE('',*,*,#8580,.T.);
#8580 = EDGE_CURVE('',#8572,#8581,#8583,.T.);
#8581 = VERTEX_POINT('',#8582);
#8582 = CARTESIAN_POINT('',(-0.95,0.25,0.25));
#8583 = LINE('',#8584,#8585);
#8584 = CARTESIAN_POINT('',(-0.95,0.25,0.65));
#8585 = VECTOR('',#8586,1.);
#8586 = DIRECTION('',(-0.,0.,-1.));
#8587 = ORIENTED_EDGE('',*,*,#8588,.T.);
#8588 = EDGE_CURVE('',#8581,#8589,#8591,.T.);
#8589 = VERTEX_POINT('',#8590);
#8590 = CARTESIAN_POINT('',(-1.2,0.25,0.));
#8591 = CIRCLE('',#8592,0.25);
#8592 = AXIS2_PLACEMENT_3D('',#8593,#8594,#8595);
#8593 = CARTESIAN_POINT('',(-1.2,0.25,0.25));
#8594 = DIRECTION('',(-9.95799250103E-17,1.,0.));
#8595 = DIRECTION('',(1.,9.95799250103E-17,-4.440892098501E-16));
#8596 = ORIENTED_EDGE('',*,*,#8597,.T.);
#8597 = EDGE_CURVE('',#8589,#8598,#8600,.T.);
#8598 = VERTEX_POINT('',#8599);
#8599 = CARTESIAN_POINT('',(-1.4,0.25,0.));
#8600 = LINE('',#8601,#8602);
#8601 = CARTESIAN_POINT('',(-1.2,0.25,0.));
#8602 = VECTOR('',#8603,1.);
#8603 = DIRECTION('',(-1.,-9.95799250103E-17,0.));
#8604 = ORIENTED_EDGE('',*,*,#8605,.T.);
#8605 = EDGE_CURVE('',#8598,#8606,#8608,.T.);
#8606 = VERTEX_POINT('',#8607);
#8607 = CARTESIAN_POINT('',(-1.4,0.25,0.15));
#8608 = LINE('',#8609,#8610);
#8609 = CARTESIAN_POINT('',(-1.4,0.25,0.));
#8610 = VECTOR('',#8611,1.);
#8611 = DIRECTION('',(0.,0.,1.));
#8612 = ORIENTED_EDGE('',*,*,#8613,.T.);
#8613 = EDGE_CURVE('',#8606,#8614,#8616,.T.);
#8614 = VERTEX_POINT('',#8615);
#8615 = CARTESIAN_POINT('',(-1.2,0.25,0.15));
#8616 = LINE('',#8617,#8618);
#8617 = CARTESIAN_POINT('',(-1.4,0.25,0.15));
#8618 = VECTOR('',#8619,1.);
#8619 = DIRECTION('',(1.,9.95799250103E-17,0.));
#8620 = ORIENTED_EDGE('',*,*,#8621,.T.);
#8621 = EDGE_CURVE('',#8614,#8622,#8624,.T.);
#8622 = VERTEX_POINT('',#8623);
#8623 = CARTESIAN_POINT('',(-1.1,0.25,0.25));
#8624 = CIRCLE('',#8625,0.1);
#8625 = AXIS2_PLACEMENT_3D('',#8626,#8627,#8628);
#8626 = CARTESIAN_POINT('',(-1.2,0.25,0.25));
#8627 = DIRECTION('',(9.95799250103E-17,-1.,-0.));
#8628 = DIRECTION('',(-0.,0.,-1.));
#8629 = ORIENTED_EDGE('',*,*,#8630,.T.);
#8630 = EDGE_CURVE('',#8622,#8631,#8633,.T.);
#8631 = VERTEX_POINT('',#8632);
#8632 = CARTESIAN_POINT('',(-1.1,0.25,0.65));
#8633 = LINE('',#8634,#8635);
#8634 = CARTESIAN_POINT('',(-1.1,0.25,0.25));
#8635 = VECTOR('',#8636,1.);
#8636 = DIRECTION('',(0.,0.,1.));
#8637 = ORIENTED_EDGE('',*,*,#8638,.T.);
#8638 = EDGE_CURVE('',#8631,#8639,#8641,.T.);
#8639 = VERTEX_POINT('',#8640);
#8640 = CARTESIAN_POINT('',(-0.85,0.25,0.9));
#8641 = CIRCLE('',#8642,0.25);
#8642 = AXIS2_PLACEMENT_3D('',#8643,#8644,#8645);
#8643 = CARTESIAN_POINT('',(-0.85,0.25,0.65));
#8644 = DIRECTION('',(-9.95799250103E-17,1.,0.));
#8645 = DIRECTION('',(-1.,-9.95799250103E-17,1.33226762955E-15));
#8646 = ORIENTED_EDGE('',*,*,#8647,.T.);
#8647 = EDGE_CURVE('',#8639,#7304,#8648,.T.);
#8648 = LINE('',#8649,#8650);
#8649 = CARTESIAN_POINT('',(-0.85,0.25,0.9));
#8650 = VECTOR('',#8651,1.);
#8651 = DIRECTION('',(1.,9.95799250103E-17,0.));
#8652 = PLANE('',#8653);
#8653 = AXIS2_PLACEMENT_3D('',#8654,#8655,#8656);
#8654 = CARTESIAN_POINT('',(-1.05370428853,0.25,0.423089729504));
#8655 = DIRECTION('',(-9.95799250103E-17,1.,0.));
#8656 = DIRECTION('',(0.,0.,1.));
#8657 = ADVANCED_FACE('',(#8658),#8683,.F.);
#8658 = FACE_BOUND('',#8659,.F.);
#8659 = EDGE_LOOP('',(#8660,#8668,#8669,#8677));
#8660 = ORIENTED_EDGE('',*,*,#8661,.F.);
#8661 = EDGE_CURVE('',#7304,#8662,#8664,.T.);
#8662 = VERTEX_POINT('',#8663);
#8663 = CARTESIAN_POINT('',(-0.775,0.25,0.9));
#8664 = LINE('',#8665,#8666);
#8665 = CARTESIAN_POINT('',(-0.85,0.25,0.9));
#8666 = VECTOR('',#8667,1.);
#8667 = DIRECTION('',(1.,9.95799250103E-17,0.));
#8668 = ORIENTED_EDGE('',*,*,#7320,.T.);
#8669 = ORIENTED_EDGE('',*,*,#8670,.T.);
#8670 = EDGE_CURVE('',#7313,#8671,#8673,.T.);
#8671 = VERTEX_POINT('',#8672);
#8672 = CARTESIAN_POINT('',(-0.775,0.7,0.9));
#8673 = LINE('',#8674,#8675);
#8674 = CARTESIAN_POINT('',(-0.85,0.7,0.9));
#8675 = VECTOR('',#8676,1.);
#8676 = DIRECTION('',(1.,9.95799250103E-17,0.));
#8677 = ORIENTED_EDGE('',*,*,#8678,.F.);
#8678 = EDGE_CURVE('',#8662,#8671,#8679,.T.);
#8679 = LINE('',#8680,#8681);
#8680 = CARTESIAN_POINT('',(-0.775,-1.3425,0.9));
#8681 = VECTOR('',#8682,1.);
#8682 = DIRECTION('',(-2.22044604925E-16,1.,0.));
#8683 = B_SPLINE_SURFACE_WITH_KNOTS('',1,1,(
    (#8684,#8685)
    ,(#8686,#8687
    )),.UNSPECIFIED.,.F.,.F.,.F.,(2,2),(2,2),(0.,2.71),(0.,1.),
  .PIECEWISE_BEZIER_KNOTS.);
#8684 = CARTESIAN_POINT('',(-0.8,-1.355,0.9));
#8685 = CARTESIAN_POINT('',(-0.775,-1.3425,0.9));
#8686 = CARTESIAN_POINT('',(-0.8,1.355,0.9));
#8687 = CARTESIAN_POINT('',(-0.775,1.3425,0.9));
#8688 = ADVANCED_FACE('',(#8689),#8700,.F.);
#8689 = FACE_BOUND('',#8690,.F.);
#8690 = EDGE_LOOP('',(#8691,#8692,#8693,#8699));
#8691 = ORIENTED_EDGE('',*,*,#7351,.T.);
#8692 = ORIENTED_EDGE('',*,*,#8571,.T.);
#8693 = ORIENTED_EDGE('',*,*,#8694,.F.);
#8694 = EDGE_CURVE('',#8480,#8572,#8695,.T.);
#8695 = LINE('',#8696,#8697);
#8696 = CARTESIAN_POINT('',(-0.95,-0.25,0.65));
#8697 = VECTOR('',#8698,1.);
#8698 = DIRECTION('',(-9.95799250103E-17,1.,0.));
#8699 = ORIENTED_EDGE('',*,*,#8479,.F.);
#8700 = CYLINDRICAL_SURFACE('',#8701,0.1);
#8701 = AXIS2_PLACEMENT_3D('',#8702,#8703,#8704);
#8702 = CARTESIAN_POINT('',(-0.85,-0.25,0.65));
#8703 = DIRECTION('',(9.95799250103E-17,-1.,0.));
#8704 = DIRECTION('',(1.110223024625E-15,1.105559255369E-31,1.));
#8705 = ADVANCED_FACE('',(#8706),#8723,.F.);
#8706 = FACE_BOUND('',#8707,.F.);
#8707 = EDGE_LOOP('',(#8708,#8709,#8716,#8722));
#8708 = ORIENTED_EDGE('',*,*,#7373,.T.);
#8709 = ORIENTED_EDGE('',*,*,#8710,.T.);
#8710 = EDGE_CURVE('',#7367,#8711,#8713,.T.);
#8711 = VERTEX_POINT('',#8712);
#8712 = CARTESIAN_POINT('',(0.683648457443,1.296824228722,1.55));
#8713 = B_SPLINE_CURVE_WITH_KNOTS('',1,(#8714,#8715),.UNSPECIFIED.,.F.,
  .F.,(2,2),(0.,1.),.PIECEWISE_BEZIER_KNOTS.);
#8714 = CARTESIAN_POINT('',(0.775,1.3425,0.9));
#8715 = CARTESIAN_POINT('',(0.683648457443,1.296824228722,1.55));
#8716 = ORIENTED_EDGE('',*,*,#8717,.F.);
#8717 = EDGE_CURVE('',#7390,#8711,#8718,.T.);
#8718 = LINE('',#8719,#8720);
#8719 = CARTESIAN_POINT('',(0.646824228722,1.333648457443,1.55));
#8720 = VECTOR('',#8721,1.);
#8721 = DIRECTION('',(0.707106781187,-0.707106781187,0.));
#8722 = ORIENTED_EDGE('',*,*,#7389,.F.);
#8723 = B_SPLINE_SURFACE_WITH_KNOTS('',1,1,(
    (#8724,#8725)
    ,(#8726,#8727
    )),.UNSPECIFIED.,.F.,.F.,.F.,(2,2),(2,2),(0.,0.116672618896),(0.,1.)
  ,.PIECEWISE_BEZIER_KNOTS.);
#8724 = CARTESIAN_POINT('',(0.6925,1.425,0.9));
#8725 = CARTESIAN_POINT('',(0.646824228722,1.333648457443,1.55));
#8726 = CARTESIAN_POINT('',(0.775,1.3425,0.9));
#8727 = CARTESIAN_POINT('',(0.683648457443,1.296824228722,1.55));
#8728 = ADVANCED_FACE('',(#8729),#8779,.T.);
#8729 = FACE_BOUND('',#8730,.F.);
#8730 = EDGE_LOOP('',(#8731,#8732,#8733,#8741,#8749,#8757,#8765,#8773));
#8731 = ORIENTED_EDGE('',*,*,#7396,.T.);
#8732 = ORIENTED_EDGE('',*,*,#8717,.T.);
#8733 = ORIENTED_EDGE('',*,*,#8734,.T.);
#8734 = EDGE_CURVE('',#8711,#8735,#8737,.T.);
#8735 = VERTEX_POINT('',#8736);
#8736 = CARTESIAN_POINT('',(0.683648457443,-1.296824228722,1.55));
#8737 = LINE('',#8738,#8739);
#8738 = CARTESIAN_POINT('',(0.683648457443,1.296824228722,1.55));
#8739 = VECTOR('',#8740,1.);
#8740 = DIRECTION('',(2.22044604925E-16,-1.,0.));
#8741 = ORIENTED_EDGE('',*,*,#8742,.T.);
#8742 = EDGE_CURVE('',#8735,#8743,#8745,.T.);
#8743 = VERTEX_POINT('',#8744);
#8744 = CARTESIAN_POINT('',(0.646824228722,-1.333648457443,1.55));
#8745 = LINE('',#8746,#8747);
#8746 = CARTESIAN_POINT('',(0.683648457443,-1.296824228722,1.55));
#8747 = VECTOR('',#8748,1.);
#8748 = DIRECTION('',(-0.707106781187,-0.707106781187,0.));
#8749 = ORIENTED_EDGE('',*,*,#8750,.T.);
#8750 = EDGE_CURVE('',#8743,#8751,#8753,.T.);
#8751 = VERTEX_POINT('',#8752);
#8752 = CARTESIAN_POINT('',(-0.646824228722,-1.333648457443,1.55));
#8753 = LINE('',#8754,#8755);
#8754 = CARTESIAN_POINT('',(0.646824228722,-1.333648457443,1.55));
#8755 = VECTOR('',#8756,1.);
#8756 = DIRECTION('',(-1.,-2.22044604925E-16,0.));
#8757 = ORIENTED_EDGE('',*,*,#8758,.T.);
#8758 = EDGE_CURVE('',#8751,#8759,#8761,.T.);
#8759 = VERTEX_POINT('',#8760);
#8760 = CARTESIAN_POINT('',(-0.683648457443,-1.296824228722,1.55));
#8761 = LINE('',#8762,#8763);
#8762 = CARTESIAN_POINT('',(-0.646824228722,-1.333648457443,1.55));
#8763 = VECTOR('',#8764,1.);
#8764 = DIRECTION('',(-0.707106781187,0.707106781187,0.));
#8765 = ORIENTED_EDGE('',*,*,#8766,.T.);
#8766 = EDGE_CURVE('',#8759,#8767,#8769,.T.);
#8767 = VERTEX_POINT('',#8768);
#8768 = CARTESIAN_POINT('',(-0.683648457443,1.296824228722,1.55));
#8769 = LINE('',#8770,#8771);
#8770 = CARTESIAN_POINT('',(-0.683648457443,-1.296824228722,1.55));
#8771 = VECTOR('',#8772,1.);
#8772 = DIRECTION('',(-2.22044604925E-16,1.,0.));
#8773 = ORIENTED_EDGE('',*,*,#8774,.T.);
#8774 = EDGE_CURVE('',#8767,#7397,#8775,.T.);
#8775 = LINE('',#8776,#8777);
#8776 = CARTESIAN_POINT('',(-0.683648457443,1.296824228722,1.55));
#8777 = VECTOR('',#8778,1.);
#8778 = DIRECTION('',(0.707106781187,0.707106781187,0.));
#8779 = PLANE('',#8780);
#8780 = AXIS2_PLACEMENT_3D('',#8781,#8782,#8783);
#8781 = CARTESIAN_POINT('',(-0.646824228722,1.333648457443,1.55));
#8782 = DIRECTION('',(0.,0.,1.));
#8783 = DIRECTION('',(0.436386464522,-0.899759330922,0.));
#8784 = ADVANCED_FACE('',(#8785),#8795,.F.);
#8785 = FACE_BOUND('',#8786,.F.);
#8786 = EDGE_LOOP('',(#8787,#8788,#8789,#8790));
#8787 = ORIENTED_EDGE('',*,*,#7419,.T.);
#8788 = ORIENTED_EDGE('',*,*,#7404,.T.);
#8789 = ORIENTED_EDGE('',*,*,#8774,.F.);
#8790 = ORIENTED_EDGE('',*,*,#8791,.F.);
#8791 = EDGE_CURVE('',#7420,#8767,#8792,.T.);
#8792 = B_SPLINE_CURVE_WITH_KNOTS('',1,(#8793,#8794),.UNSPECIFIED.,.F.,
  .F.,(2,2),(0.,1.),.PIECEWISE_BEZIER_KNOTS.);
#8793 = CARTESIAN_POINT('',(-0.775,1.3425,0.9));
#8794 = CARTESIAN_POINT('',(-0.683648457443,1.296824228722,1.55));
#8795 = B_SPLINE_SURFACE_WITH_KNOTS('',1,1,(
    (#8796,#8797)
    ,(#8798,#8799
    )),.UNSPECIFIED.,.F.,.F.,.F.,(2,2),(2,2),(0.,0.116672618896),(0.,1.)
  ,.PIECEWISE_BEZIER_KNOTS.);
#8796 = CARTESIAN_POINT('',(-0.775,1.3425,0.9));
#8797 = CARTESIAN_POINT('',(-0.683648457443,1.296824228722,1.55));
#8798 = CARTESIAN_POINT('',(-0.6925,1.425,0.9));
#8799 = CARTESIAN_POINT('',(-0.646824228722,1.333648457443,1.55));
#8800 = ADVANCED_FACE('',(#8801),#8825,.F.);
#8801 = FACE_BOUND('',#8802,.F.);
#8802 = EDGE_LOOP('',(#8803,#8804,#8810,#8811,#8817,#8818,#8823,#8824));
#8803 = ORIENTED_EDGE('',*,*,#7450,.T.);
#8804 = ORIENTED_EDGE('',*,*,#8805,.T.);
#8805 = EDGE_CURVE('',#7443,#7897,#8806,.T.);
#8806 = LINE('',#8807,#8808);
#8807 = CARTESIAN_POINT('',(0.775,1.3425,0.9));
#8808 = VECTOR('',#8809,1.);
#8809 = DIRECTION('',(2.22044604925E-16,-1.,0.));
#8810 = ORIENTED_EDGE('',*,*,#7913,.T.);
#8811 = ORIENTED_EDGE('',*,*,#8812,.T.);
#8812 = EDGE_CURVE('',#7906,#7649,#8813,.T.);
#8813 = LINE('',#8814,#8815);
#8814 = CARTESIAN_POINT('',(0.775,1.3425,0.9));
#8815 = VECTOR('',#8816,1.);
#8816 = DIRECTION('',(2.22044604925E-16,-1.,0.));
#8817 = ORIENTED_EDGE('',*,*,#7664,.T.);
#8818 = ORIENTED_EDGE('',*,*,#8819,.T.);
#8819 = EDGE_CURVE('',#7658,#8735,#8820,.T.);
#8820 = B_SPLINE_CURVE_WITH_KNOTS('',1,(#8821,#8822),.UNSPECIFIED.,.F.,
  .F.,(2,2),(0.,1.),.PIECEWISE_BEZIER_KNOTS.);
#8821 = CARTESIAN_POINT('',(0.775,-1.3425,0.9));
#8822 = CARTESIAN_POINT('',(0.683648457443,-1.296824228722,1.55));
#8823 = ORIENTED_EDGE('',*,*,#8734,.F.);
#8824 = ORIENTED_EDGE('',*,*,#8710,.F.);
#8825 = B_SPLINE_SURFACE_WITH_KNOTS('',1,1,(
    (#8826,#8827)
    ,(#8828,#8829
    )),.UNSPECIFIED.,.F.,.F.,.F.,(2,2),(2,2),(0.,2.685),(0.,1.),
  .PIECEWISE_BEZIER_KNOTS.);
#8826 = CARTESIAN_POINT('',(0.775,1.3425,0.9));
#8827 = CARTESIAN_POINT('',(0.683648457443,1.296824228722,1.55));
#8828 = CARTESIAN_POINT('',(0.775,-1.3425,0.9));
#8829 = CARTESIAN_POINT('',(0.683648457443,-1.296824228722,1.55));
#8830 = ADVANCED_FACE('',(#8831),#8844,.F.);
#8831 = FACE_BOUND('',#8832,.F.);
#8832 = EDGE_LOOP('',(#8833,#8834,#8840,#8841,#8842,#8843));
#8833 = ORIENTED_EDGE('',*,*,#7542,.F.);
#8834 = ORIENTED_EDGE('',*,*,#8835,.T.);
#8835 = EDGE_CURVE('',#7534,#7765,#8836,.T.);
#8836 = LINE('',#8837,#8838);
#8837 = CARTESIAN_POINT('',(0.85,1.2,0.9));
#8838 = VECTOR('',#8839,1.);
#8839 = DIRECTION('',(2.22044604925E-16,-1.,0.));
#8840 = ORIENTED_EDGE('',*,*,#7773,.T.);
#8841 = ORIENTED_EDGE('',*,*,#7896,.T.);
#8842 = ORIENTED_EDGE('',*,*,#8805,.F.);
#8843 = ORIENTED_EDGE('',*,*,#7442,.F.);
#8844 = PLANE('',#8845);
#8845 = AXIS2_PLACEMENT_3D('',#8846,#8847,#8848);
#8846 = CARTESIAN_POINT('',(0.85,1.2,0.9));
#8847 = DIRECTION('',(0.,0.,-1.));
#8848 = DIRECTION('',(-1.,-2.22044604925E-16,-0.));
#8849 = ADVANCED_FACE('',(#8850),#8861,.T.);
#8850 = FACE_BOUND('',#8851,.T.);
#8851 = EDGE_LOOP('',(#8852,#8853,#8854,#8855));
#8852 = ORIENTED_EDGE('',*,*,#7533,.T.);
#8853 = ORIENTED_EDGE('',*,*,#8835,.T.);
#8854 = ORIENTED_EDGE('',*,*,#7764,.F.);
#8855 = ORIENTED_EDGE('',*,*,#8856,.F.);
#8856 = EDGE_CURVE('',#7526,#7757,#8857,.T.);
#8857 = LINE('',#8858,#8859);
#8858 = CARTESIAN_POINT('',(1.1,1.2,0.65));
#8859 = VECTOR('',#8860,1.);
#8860 = DIRECTION('',(2.22044604925E-16,-1.,0.));
#8861 = CYLINDRICAL_SURFACE('',#8862,0.25);
#8862 = AXIS2_PLACEMENT_3D('',#8863,#8864,#8865);
#8863 = CARTESIAN_POINT('',(0.85,1.2,0.65));
#8864 = DIRECTION('',(-2.22044604925E-16,1.,-0.));
#8865 = DIRECTION('',(1.,2.22044604925E-16,1.33226762955E-15));
#8866 = ADVANCED_FACE('',(#8867),#8878,.F.);
#8867 = FACE_BOUND('',#8868,.F.);
#8868 = EDGE_LOOP('',(#8869,#8875,#8876,#8877));
#8869 = ORIENTED_EDGE('',*,*,#8870,.T.);
#8870 = EDGE_CURVE('',#7517,#7748,#8871,.T.);
#8871 = LINE('',#8872,#8873);
#8872 = CARTESIAN_POINT('',(1.1,1.2,0.25));
#8873 = VECTOR('',#8874,1.);
#8874 = DIRECTION('',(2.22044604925E-16,-1.,0.));
#8875 = ORIENTED_EDGE('',*,*,#7756,.T.);
#8876 = ORIENTED_EDGE('',*,*,#8856,.F.);
#8877 = ORIENTED_EDGE('',*,*,#7525,.F.);
#8878 = PLANE('',#8879);
#8879 = AXIS2_PLACEMENT_3D('',#8880,#8881,#8882);
#8880 = CARTESIAN_POINT('',(1.1,1.2,0.25));
#8881 = DIRECTION('',(-1.,-2.22044604925E-16,0.));
#8882 = DIRECTION('',(0.,0.,1.));
#8883 = ADVANCED_FACE('',(#8884),#8895,.F.);
#8884 = FACE_BOUND('',#8885,.F.);
#8885 = EDGE_LOOP('',(#8886,#8892,#8893,#8894));
#8886 = ORIENTED_EDGE('',*,*,#8887,.T.);
#8887 = EDGE_CURVE('',#7509,#7740,#8888,.T.);
#8888 = LINE('',#8889,#8890);
#8889 = CARTESIAN_POINT('',(1.2,1.2,0.15));
#8890 = VECTOR('',#8891,1.);
#8891 = DIRECTION('',(2.22044604925E-16,-1.,0.));
#8892 = ORIENTED_EDGE('',*,*,#7747,.T.);
#8893 = ORIENTED_EDGE('',*,*,#8870,.F.);
#8894 = ORIENTED_EDGE('',*,*,#7516,.F.);
#8895 = CYLINDRICAL_SURFACE('',#8896,0.1);
#8896 = AXIS2_PLACEMENT_3D('',#8897,#8898,#8899);
#8897 = CARTESIAN_POINT('',(1.2,1.2,0.25));
#8898 = DIRECTION('',(-2.22044604925E-16,1.,0.));
#8899 = DIRECTION('',(0.,0.,-1.));
#8900 = ADVANCED_FACE('',(#8901),#8912,.F.);
#8901 = FACE_BOUND('',#8902,.F.);
#8902 = EDGE_LOOP('',(#8903,#8909,#8910,#8911));
#8903 = ORIENTED_EDGE('',*,*,#8904,.T.);
#8904 = EDGE_CURVE('',#7501,#7732,#8905,.T.);
#8905 = LINE('',#8906,#8907);
#8906 = CARTESIAN_POINT('',(1.4,1.2,0.15));
#8907 = VECTOR('',#8908,1.);
#8908 = DIRECTION('',(2.22044604925E-16,-1.,0.));
#8909 = ORIENTED_EDGE('',*,*,#7739,.T.);
#8910 = ORIENTED_EDGE('',*,*,#8887,.F.);
#8911 = ORIENTED_EDGE('',*,*,#7508,.F.);
#8912 = PLANE('',#8913);
#8913 = AXIS2_PLACEMENT_3D('',#8914,#8915,#8916);
#8914 = CARTESIAN_POINT('',(1.4,1.2,0.15));
#8915 = DIRECTION('',(0.,0.,-1.));
#8916 = DIRECTION('',(-1.,-2.22044604925E-16,-0.));
#8917 = ADVANCED_FACE('',(#8918),#8929,.F.);
#8918 = FACE_BOUND('',#8919,.F.);
#8919 = EDGE_LOOP('',(#8920,#8926,#8927,#8928));
#8920 = ORIENTED_EDGE('',*,*,#8921,.T.);
#8921 = EDGE_CURVE('',#7493,#7724,#8922,.T.);
#8922 = LINE('',#8923,#8924);
#8923 = CARTESIAN_POINT('',(1.4,1.2,0.));
#8924 = VECTOR('',#8925,1.);
#8925 = DIRECTION('',(2.22044604925E-16,-1.,0.));
#8926 = ORIENTED_EDGE('',*,*,#7731,.T.);
#8927 = ORIENTED_EDGE('',*,*,#8904,.F.);
#8928 = ORIENTED_EDGE('',*,*,#7500,.F.);
#8929 = PLANE('',#8930);
#8930 = AXIS2_PLACEMENT_3D('',#8931,#8932,#8933);
#8931 = CARTESIAN_POINT('',(1.4,1.2,0.));
#8932 = DIRECTION('',(-1.,-2.22044604925E-16,0.));
#8933 = DIRECTION('',(0.,0.,1.));
#8934 = ADVANCED_FACE('',(#8935),#8946,.F.);
#8935 = FACE_BOUND('',#8936,.F.);
#8936 = EDGE_LOOP('',(#8937,#8943,#8944,#8945));
#8937 = ORIENTED_EDGE('',*,*,#8938,.T.);
#8938 = EDGE_CURVE('',#7484,#7715,#8939,.T.);
#8939 = LINE('',#8940,#8941);
#8940 = CARTESIAN_POINT('',(1.2,1.2,0.));
#8941 = VECTOR('',#8942,1.);
#8942 = DIRECTION('',(2.22044604925E-16,-1.,0.));
#8943 = ORIENTED_EDGE('',*,*,#7723,.T.);
#8944 = ORIENTED_EDGE('',*,*,#8921,.F.);
#8945 = ORIENTED_EDGE('',*,*,#7492,.F.);
#8946 = PLANE('',#8947);
#8947 = AXIS2_PLACEMENT_3D('',#8948,#8949,#8950);
#8948 = CARTESIAN_POINT('',(1.2,1.2,0.));
#8949 = DIRECTION('',(0.,0.,1.));
#8950 = DIRECTION('',(1.,2.22044604925E-16,-0.));
#8951 = ADVANCED_FACE('',(#8952),#8963,.T.);
#8952 = FACE_BOUND('',#8953,.T.);
#8953 = EDGE_LOOP('',(#8954,#8955,#8956,#8957));
#8954 = ORIENTED_EDGE('',*,*,#7483,.T.);
#8955 = ORIENTED_EDGE('',*,*,#8938,.T.);
#8956 = ORIENTED_EDGE('',*,*,#7714,.F.);
#8957 = ORIENTED_EDGE('',*,*,#8958,.F.);
#8958 = EDGE_CURVE('',#7476,#7707,#8959,.T.);
#8959 = LINE('',#8960,#8961);
#8960 = CARTESIAN_POINT('',(0.95,1.2,0.25));
#8961 = VECTOR('',#8962,1.);
#8962 = DIRECTION('',(2.22044604925E-16,-1.,0.));
#8963 = CYLINDRICAL_SURFACE('',#8964,0.25);
#8964 = AXIS2_PLACEMENT_3D('',#8965,#8966,#8967);
#8965 = CARTESIAN_POINT('',(1.2,1.2,0.25));
#8966 = DIRECTION('',(-2.22044604925E-16,1.,-0.));
#8967 = DIRECTION('',(-1.,-2.22044604925E-16,-4.440892098501E-16));
#8968 = ADVANCED_FACE('',(#8969),#8975,.F.);
#8969 = FACE_BOUND('',#8970,.F.);
#8970 = EDGE_LOOP('',(#8971,#8972,#8973,#8974));
#8971 = ORIENTED_EDGE('',*,*,#7688,.T.);
#8972 = ORIENTED_EDGE('',*,*,#7706,.T.);
#8973 = ORIENTED_EDGE('',*,*,#8958,.F.);
#8974 = ORIENTED_EDGE('',*,*,#7475,.F.);
#8975 = PLANE('',#8976);
#8976 = AXIS2_PLACEMENT_3D('',#8977,#8978,#8979);
#8977 = CARTESIAN_POINT('',(0.95,1.2,0.65));
#8978 = DIRECTION('',(1.,2.22044604925E-16,0.));
#8979 = DIRECTION('',(0.,0.,-1.));
#8980 = ADVANCED_FACE('',(#8981),#8994,.F.);
#8981 = FACE_BOUND('',#8982,.F.);
#8982 = EDGE_LOOP('',(#8983,#8984,#8990,#8991,#8992,#8993));
#8983 = ORIENTED_EDGE('',*,*,#7865,.F.);
#8984 = ORIENTED_EDGE('',*,*,#8985,.T.);
#8985 = EDGE_CURVE('',#7857,#7626,#8986,.T.);
#8986 = LINE('',#8987,#8988);
#8987 = CARTESIAN_POINT('',(0.85,-0.7,0.9));
#8988 = VECTOR('',#8989,1.);
#8989 = DIRECTION('',(2.22044604925E-16,-1.,0.));
#8990 = ORIENTED_EDGE('',*,*,#7634,.T.);
#8991 = ORIENTED_EDGE('',*,*,#7648,.T.);
#8992 = ORIENTED_EDGE('',*,*,#8812,.F.);
#8993 = ORIENTED_EDGE('',*,*,#7905,.F.);
#8994 = PLANE('',#8995);
#8995 = AXIS2_PLACEMENT_3D('',#8996,#8997,#8998);
#8996 = CARTESIAN_POINT('',(0.85,-0.7,0.9));
#8997 = DIRECTION('',(0.,0.,-1.));
#8998 = DIRECTION('',(-1.,-2.22044604925E-16,-0.));
#8999 = ADVANCED_FACE('',(#9000),#9011,.T.);
#9000 = FACE_BOUND('',#9001,.T.);
#9001 = EDGE_LOOP('',(#9002,#9003,#9004,#9005));
#9002 = ORIENTED_EDGE('',*,*,#7856,.T.);
#9003 = ORIENTED_EDGE('',*,*,#8985,.T.);
#9004 = ORIENTED_EDGE('',*,*,#7625,.F.);
#9005 = ORIENTED_EDGE('',*,*,#9006,.F.);
#9006 = EDGE_CURVE('',#7849,#7618,#9007,.T.);
#9007 = LINE('',#9008,#9009);
#9008 = CARTESIAN_POINT('',(1.1,-0.7,0.65));
#9009 = VECTOR('',#9010,1.);
#9010 = DIRECTION('',(2.22044604925E-16,-1.,0.));
#9011 = CYLINDRICAL_SURFACE('',#9012,0.25);
#9012 = AXIS2_PLACEMENT_3D('',#9013,#9014,#9015);
#9013 = CARTESIAN_POINT('',(0.85,-0.7,0.65));
#9014 = DIRECTION('',(-2.22044604925E-16,1.,-0.));
#9015 = DIRECTION('',(1.,2.22044604925E-16,1.33226762955E-15));
#9016 = ADVANCED_FACE('',(#9017),#9028,.F.);
#9017 = FACE_BOUND('',#9018,.F.);
#9018 = EDGE_LOOP('',(#9019,#9025,#9026,#9027));
#9019 = ORIENTED_EDGE('',*,*,#9020,.T.);
#9020 = EDGE_CURVE('',#7840,#7609,#9021,.T.);
#9021 = LINE('',#9022,#9023);
#9022 = CARTESIAN_POINT('',(1.1,-0.7,0.25));
#9023 = VECTOR('',#9024,1.);
#9024 = DIRECTION('',(2.22044604925E-16,-1.,0.));
#9025 = ORIENTED_EDGE('',*,*,#7617,.T.);
#9026 = ORIENTED_EDGE('',*,*,#9006,.F.);
#9027 = ORIENTED_EDGE('',*,*,#7848,.F.);
#9028 = PLANE('',#9029);
#9029 = AXIS2_PLACEMENT_3D('',#9030,#9031,#9032);
#9030 = CARTESIAN_POINT('',(1.1,-0.7,0.25));
#9031 = DIRECTION('',(-1.,-2.22044604925E-16,0.));
#9032 = DIRECTION('',(0.,0.,1.));
#9033 = ADVANCED_FACE('',(#9034),#9045,.F.);
#9034 = FACE_BOUND('',#9035,.F.);
#9035 = EDGE_LOOP('',(#9036,#9042,#9043,#9044));
#9036 = ORIENTED_EDGE('',*,*,#9037,.T.);
#9037 = EDGE_CURVE('',#7832,#7601,#9038,.T.);
#9038 = LINE('',#9039,#9040);
#9039 = CARTESIAN_POINT('',(1.2,-0.7,0.15));
#9040 = VECTOR('',#9041,1.);
#9041 = DIRECTION('',(2.22044604925E-16,-1.,0.));
#9042 = ORIENTED_EDGE('',*,*,#7608,.T.);
#9043 = ORIENTED_EDGE('',*,*,#9020,.F.);
#9044 = ORIENTED_EDGE('',*,*,#7839,.F.);
#9045 = CYLINDRICAL_SURFACE('',#9046,0.1);
#9046 = AXIS2_PLACEMENT_3D('',#9047,#9048,#9049);
#9047 = CARTESIAN_POINT('',(1.2,-0.7,0.25));
#9048 = DIRECTION('',(-2.22044604925E-16,1.,0.));
#9049 = DIRECTION('',(0.,0.,-1.));
#9050 = ADVANCED_FACE('',(#9051),#9062,.F.);
#9051 = FACE_BOUND('',#9052,.F.);
#9052 = EDGE_LOOP('',(#9053,#9059,#9060,#9061));
#9053 = ORIENTED_EDGE('',*,*,#9054,.T.);
#9054 = EDGE_CURVE('',#7824,#7593,#9055,.T.);
#9055 = LINE('',#9056,#9057);
#9056 = CARTESIAN_POINT('',(1.4,-0.7,0.15));
#9057 = VECTOR('',#9058,1.);
#9058 = DIRECTION('',(2.22044604925E-16,-1.,0.));
#9059 = ORIENTED_EDGE('',*,*,#7600,.T.);
#9060 = ORIENTED_EDGE('',*,*,#9037,.F.);
#9061 = ORIENTED_EDGE('',*,*,#7831,.F.);
#9062 = PLANE('',#9063);
#9063 = AXIS2_PLACEMENT_3D('',#9064,#9065,#9066);
#9064 = CARTESIAN_POINT('',(1.4,-0.7,0.15));
#9065 = DIRECTION('',(0.,0.,-1.));
#9066 = DIRECTION('',(-1.,-2.22044604925E-16,-0.));
#9067 = ADVANCED_FACE('',(#9068),#9079,.F.);
#9068 = FACE_BOUND('',#9069,.F.);
#9069 = EDGE_LOOP('',(#9070,#9076,#9077,#9078));
#9070 = ORIENTED_EDGE('',*,*,#9071,.T.);
#9071 = EDGE_CURVE('',#7816,#7585,#9072,.T.);
#9072 = LINE('',#9073,#9074);
#9073 = CARTESIAN_POINT('',(1.4,-0.7,0.));
#9074 = VECTOR('',#9075,1.);
#9075 = DIRECTION('',(2.22044604925E-16,-1.,0.));
#9076 = ORIENTED_EDGE('',*,*,#7592,.T.);
#9077 = ORIENTED_EDGE('',*,*,#9054,.F.);
#9078 = ORIENTED_EDGE('',*,*,#7823,.F.);
#9079 = PLANE('',#9080);
#9080 = AXIS2_PLACEMENT_3D('',#9081,#9082,#9083);
#9081 = CARTESIAN_POINT('',(1.4,-0.7,0.));
#9082 = DIRECTION('',(-1.,-2.22044604925E-16,0.));
#9083 = DIRECTION('',(0.,0.,1.));
#9084 = ADVANCED_FACE('',(#9085),#9096,.F.);
#9085 = FACE_BOUND('',#9086,.F.);
#9086 = EDGE_LOOP('',(#9087,#9093,#9094,#9095));
#9087 = ORIENTED_EDGE('',*,*,#9088,.T.);
#9088 = EDGE_CURVE('',#7807,#7576,#9089,.T.);
#9089 = LINE('',#9090,#9091);
#9090 = CARTESIAN_POINT('',(1.2,-0.7,0.));
#9091 = VECTOR('',#9092,1.);
#9092 = DIRECTION('',(2.22044604925E-16,-1.,0.));
#9093 = ORIENTED_EDGE('',*,*,#7584,.T.);
#9094 = ORIENTED_EDGE('',*,*,#9071,.F.);
#9095 = ORIENTED_EDGE('',*,*,#7815,.F.);
#9096 = PLANE('',#9097);
#9097 = AXIS2_PLACEMENT_3D('',#9098,#9099,#9100);
#9098 = CARTESIAN_POINT('',(1.2,-0.7,0.));
#9099 = DIRECTION('',(0.,0.,1.));
#9100 = DIRECTION('',(1.,2.22044604925E-16,-0.));
#9101 = ADVANCED_FACE('',(#9102),#9113,.T.);
#9102 = FACE_BOUND('',#9103,.T.);
#9103 = EDGE_LOOP('',(#9104,#9105,#9106,#9107));
#9104 = ORIENTED_EDGE('',*,*,#7806,.T.);
#9105 = ORIENTED_EDGE('',*,*,#9088,.T.);
#9106 = ORIENTED_EDGE('',*,*,#7575,.F.);
#9107 = ORIENTED_EDGE('',*,*,#9108,.F.);
#9108 = EDGE_CURVE('',#7799,#7568,#9109,.T.);
#9109 = LINE('',#9110,#9111);
#9110 = CARTESIAN_POINT('',(0.95,-0.7,0.25));
#9111 = VECTOR('',#9112,1.);
#9112 = DIRECTION('',(2.22044604925E-16,-1.,0.));
#9113 = CYLINDRICAL_SURFACE('',#9114,0.25);
#9114 = AXIS2_PLACEMENT_3D('',#9115,#9116,#9117);
#9115 = CARTESIAN_POINT('',(1.2,-0.7,0.25));
#9116 = DIRECTION('',(-2.22044604925E-16,1.,-0.));
#9117 = DIRECTION('',(-1.,-2.22044604925E-16,-4.440892098501E-16));
#9118 = ADVANCED_FACE('',(#9119),#9125,.F.);
#9119 = FACE_BOUND('',#9120,.F.);
#9120 = EDGE_LOOP('',(#9121,#9122,#9123,#9124));
#9121 = ORIENTED_EDGE('',*,*,#7881,.T.);
#9122 = ORIENTED_EDGE('',*,*,#7567,.T.);
#9123 = ORIENTED_EDGE('',*,*,#9108,.F.);
#9124 = ORIENTED_EDGE('',*,*,#7798,.F.);
#9125 = PLANE('',#9126);
#9126 = AXIS2_PLACEMENT_3D('',#9127,#9128,#9129);
#9127 = CARTESIAN_POINT('',(0.95,-0.7,0.65));
#9128 = DIRECTION('',(1.,2.22044604925E-16,0.));
#9129 = DIRECTION('',(0.,0.,-1.));
#9130 = ADVANCED_FACE('',(#9131),#9141,.F.);
#9131 = FACE_BOUND('',#9132,.F.);
#9132 = EDGE_LOOP('',(#9133,#9134,#9139,#9140));
#9133 = ORIENTED_EDGE('',*,*,#7935,.T.);
#9134 = ORIENTED_EDGE('',*,*,#9135,.T.);
#9135 = EDGE_CURVE('',#7929,#8743,#9136,.T.);
#9136 = B_SPLINE_CURVE_WITH_KNOTS('',1,(#9137,#9138),.UNSPECIFIED.,.F.,
  .F.,(2,2),(0.,1.),.PIECEWISE_BEZIER_KNOTS.);
#9137 = CARTESIAN_POINT('',(0.6925,-1.425,0.9));
#9138 = CARTESIAN_POINT('',(0.646824228722,-1.333648457443,1.55));
#9139 = ORIENTED_EDGE('',*,*,#8742,.F.);
#9140 = ORIENTED_EDGE('',*,*,#8819,.F.);
#9141 = B_SPLINE_SURFACE_WITH_KNOTS('',1,1,(
    (#9142,#9143)
    ,(#9144,#9145
    )),.UNSPECIFIED.,.F.,.F.,.F.,(2,2),(2,2),(0.,0.116672618896),(0.,1.)
  ,.PIECEWISE_BEZIER_KNOTS.);
#9142 = CARTESIAN_POINT('',(0.775,-1.3425,0.9));
#9143 = CARTESIAN_POINT('',(0.683648457443,-1.296824228722,1.55));
#9144 = CARTESIAN_POINT('',(0.6925,-1.425,0.9));
#9145 = CARTESIAN_POINT('',(0.646824228722,-1.333648457443,1.55));
#9146 = ADVANCED_FACE('',(#9147),#9157,.F.);
#9147 = FACE_BOUND('',#9148,.F.);
#9148 = EDGE_LOOP('',(#9149,#9150,#9155,#9156));
#9149 = ORIENTED_EDGE('',*,*,#7958,.T.);
#9150 = ORIENTED_EDGE('',*,*,#9151,.T.);
#9151 = EDGE_CURVE('',#7952,#8751,#9152,.T.);
#9152 = B_SPLINE_CURVE_WITH_KNOTS('',1,(#9153,#9154),.UNSPECIFIED.,.F.,
  .F.,(2,2),(0.,1.),.PIECEWISE_BEZIER_KNOTS.);
#9153 = CARTESIAN_POINT('',(-0.6925,-1.425,0.9));
#9154 = CARTESIAN_POINT('',(-0.646824228722,-1.333648457443,1.55));
#9155 = ORIENTED_EDGE('',*,*,#8750,.F.);
#9156 = ORIENTED_EDGE('',*,*,#9135,.F.);
#9157 = B_SPLINE_SURFACE_WITH_KNOTS('',1,1,(
    (#9158,#9159)
    ,(#9160,#9161
    )),.UNSPECIFIED.,.F.,.F.,.F.,(2,2),(2,2),(0.,1.385),(0.,1.),
  .PIECEWISE_BEZIER_KNOTS.);
#9158 = CARTESIAN_POINT('',(0.6925,-1.425,0.9));
#9159 = CARTESIAN_POINT('',(0.646824228722,-1.333648457443,1.55));
#9160 = CARTESIAN_POINT('',(-0.6925,-1.425,0.9));
#9161 = CARTESIAN_POINT('',(-0.646824228722,-1.333648457443,1.55));
#9162 = ADVANCED_FACE('',(#9163),#9173,.F.);
#9163 = FACE_BOUND('',#9164,.F.);
#9164 = EDGE_LOOP('',(#9165,#9166,#9171,#9172));
#9165 = ORIENTED_EDGE('',*,*,#7981,.T.);
#9166 = ORIENTED_EDGE('',*,*,#9167,.T.);
#9167 = EDGE_CURVE('',#7975,#8759,#9168,.T.);
#9168 = B_SPLINE_CURVE_WITH_KNOTS('',1,(#9169,#9170),.UNSPECIFIED.,.F.,
  .F.,(2,2),(0.,1.),.PIECEWISE_BEZIER_KNOTS.);
#9169 = CARTESIAN_POINT('',(-0.775,-1.3425,0.9));
#9170 = CARTESIAN_POINT('',(-0.683648457443,-1.296824228722,1.55));
#9171 = ORIENTED_EDGE('',*,*,#8758,.F.);
#9172 = ORIENTED_EDGE('',*,*,#9151,.F.);
#9173 = B_SPLINE_SURFACE_WITH_KNOTS('',1,1,(
    (#9174,#9175)
    ,(#9176,#9177
    )),.UNSPECIFIED.,.F.,.F.,.F.,(2,2),(2,2),(0.,0.116672618896),(0.,1.)
  ,.PIECEWISE_BEZIER_KNOTS.);
#9174 = CARTESIAN_POINT('',(-0.6925,-1.425,0.9));
#9175 = CARTESIAN_POINT('',(-0.646824228722,-1.333648457443,1.55));
#9176 = CARTESIAN_POINT('',(-0.775,-1.3425,0.9));
#9177 = CARTESIAN_POINT('',(-0.683648457443,-1.296824228722,1.55));
#9178 = ADVANCED_FACE('',(#9179),#9206,.F.);
#9179 = FACE_BOUND('',#9180,.F.);
#9180 = EDGE_LOOP('',(#9181,#9182,#9188,#9189,#9195,#9196,#9202,#9203,
    #9204,#9205));
#9181 = ORIENTED_EDGE('',*,*,#8006,.T.);
#9182 = ORIENTED_EDGE('',*,*,#9183,.T.);
#9183 = EDGE_CURVE('',#7999,#8447,#9184,.T.);
#9184 = LINE('',#9185,#9186);
#9185 = CARTESIAN_POINT('',(-0.775,-1.3425,0.9));
#9186 = VECTOR('',#9187,1.);
#9187 = DIRECTION('',(-2.22044604925E-16,1.,0.));
#9188 = ORIENTED_EDGE('',*,*,#8463,.T.);
#9189 = ORIENTED_EDGE('',*,*,#9190,.T.);
#9190 = EDGE_CURVE('',#8456,#8662,#9191,.T.);
#9191 = LINE('',#9192,#9193);
#9192 = CARTESIAN_POINT('',(-0.775,-1.3425,0.9));
#9193 = VECTOR('',#9194,1.);
#9194 = DIRECTION('',(-2.22044604925E-16,1.,0.));
#9195 = ORIENTED_EDGE('',*,*,#8678,.T.);
#9196 = ORIENTED_EDGE('',*,*,#9197,.T.);
#9197 = EDGE_CURVE('',#8671,#8205,#9198,.T.);
#9198 = LINE('',#9199,#9200);
#9199 = CARTESIAN_POINT('',(-0.775,-1.3425,0.9));
#9200 = VECTOR('',#9201,1.);
#9201 = DIRECTION('',(-2.22044604925E-16,1.,0.));
#9202 = ORIENTED_EDGE('',*,*,#8214,.T.);
#9203 = ORIENTED_EDGE('',*,*,#8791,.T.);
#9204 = ORIENTED_EDGE('',*,*,#8766,.F.);
#9205 = ORIENTED_EDGE('',*,*,#9167,.F.);
#9206 = B_SPLINE_SURFACE_WITH_KNOTS('',1,1,(
    (#9207,#9208)
    ,(#9209,#9210
    )),.UNSPECIFIED.,.F.,.F.,.F.,(2,2),(2,2),(0.,2.685),(0.,1.),
  .PIECEWISE_BEZIER_KNOTS.);
#9207 = CARTESIAN_POINT('',(-0.775,-1.3425,0.9));
#9208 = CARTESIAN_POINT('',(-0.683648457443,-1.296824228722,1.55));
#9209 = CARTESIAN_POINT('',(-0.775,1.3425,0.9));
#9210 = CARTESIAN_POINT('',(-0.683648457443,1.296824228722,1.55));
#9211 = ADVANCED_FACE('',(#9212),#9225,.F.);
#9212 = FACE_BOUND('',#9213,.F.);
#9213 = EDGE_LOOP('',(#9214,#9215,#9221,#9222,#9223,#9224));
#9214 = ORIENTED_EDGE('',*,*,#8098,.F.);
#9215 = ORIENTED_EDGE('',*,*,#9216,.T.);
#9216 = EDGE_CURVE('',#8090,#8315,#9217,.T.);
#9217 = LINE('',#9218,#9219);
#9218 = CARTESIAN_POINT('',(-0.85,-1.2,0.9));
#9219 = VECTOR('',#9220,1.);
#9220 = DIRECTION('',(-9.95799250103E-17,1.,0.));
#9221 = ORIENTED_EDGE('',*,*,#8323,.T.);
#9222 = ORIENTED_EDGE('',*,*,#8446,.T.);
#9223 = ORIENTED_EDGE('',*,*,#9183,.F.);
#9224 = ORIENTED_EDGE('',*,*,#7998,.F.);
#9225 = PLANE('',#9226);
#9226 = AXIS2_PLACEMENT_3D('',#9227,#9228,#9229);
#9227 = CARTESIAN_POINT('',(-0.85,-1.2,0.9));
#9228 = DIRECTION('',(-0.,0.,-1.));
#9229 = DIRECTION('',(1.,9.95799250103E-17,0.));
#9230 = ADVANCED_FACE('',(#9231),#9242,.T.);
#9231 = FACE_BOUND('',#9232,.T.);
#9232 = EDGE_LOOP('',(#9233,#9234,#9235,#9236));
#9233 = ORIENTED_EDGE('',*,*,#8089,.T.);
#9234 = ORIENTED_EDGE('',*,*,#9216,.T.);
#9235 = ORIENTED_EDGE('',*,*,#8314,.F.);
#9236 = ORIENTED_EDGE('',*,*,#9237,.F.);
#9237 = EDGE_CURVE('',#8082,#8307,#9238,.T.);
#9238 = LINE('',#9239,#9240);
#9239 = CARTESIAN_POINT('',(-1.1,-1.2,0.65));
#9240 = VECTOR('',#9241,1.);
#9241 = DIRECTION('',(-9.95799250103E-17,1.,0.));
#9242 = CYLINDRICAL_SURFACE('',#9243,0.25);
#9243 = AXIS2_PLACEMENT_3D('',#9244,#9245,#9246);
#9244 = CARTESIAN_POINT('',(-0.85,-1.2,0.65));
#9245 = DIRECTION('',(9.95799250103E-17,-1.,-0.));
#9246 = DIRECTION('',(-1.,-9.95799250103E-17,1.33226762955E-15));
#9247 = ADVANCED_FACE('',(#9248),#9259,.F.);
#9248 = FACE_BOUND('',#9249,.F.);
#9249 = EDGE_LOOP('',(#9250,#9256,#9257,#9258));
#9250 = ORIENTED_EDGE('',*,*,#9251,.T.);
#9251 = EDGE_CURVE('',#8073,#8298,#9252,.T.);
#9252 = LINE('',#9253,#9254);
#9253 = CARTESIAN_POINT('',(-1.1,-1.2,0.25));
#9254 = VECTOR('',#9255,1.);
#9255 = DIRECTION('',(-9.95799250103E-17,1.,0.));
#9256 = ORIENTED_EDGE('',*,*,#8306,.T.);
#9257 = ORIENTED_EDGE('',*,*,#9237,.F.);
#9258 = ORIENTED_EDGE('',*,*,#8081,.F.);
#9259 = PLANE('',#9260);
#9260 = AXIS2_PLACEMENT_3D('',#9261,#9262,#9263);
#9261 = CARTESIAN_POINT('',(-1.1,-1.2,0.25));
#9262 = DIRECTION('',(1.,9.95799250103E-17,0.));
#9263 = DIRECTION('',(0.,-0.,1.));
#9264 = ADVANCED_FACE('',(#9265),#9276,.F.);
#9265 = FACE_BOUND('',#9266,.F.);
#9266 = EDGE_LOOP('',(#9267,#9273,#9274,#9275));
#9267 = ORIENTED_EDGE('',*,*,#9268,.T.);
#9268 = EDGE_CURVE('',#8065,#8290,#9269,.T.);
#9269 = LINE('',#9270,#9271);
#9270 = CARTESIAN_POINT('',(-1.2,-1.2,0.15));
#9271 = VECTOR('',#9272,1.);
#9272 = DIRECTION('',(-9.95799250103E-17,1.,0.));
#9273 = ORIENTED_EDGE('',*,*,#8297,.T.);
#9274 = ORIENTED_EDGE('',*,*,#9251,.F.);
#9275 = ORIENTED_EDGE('',*,*,#8072,.F.);
#9276 = CYLINDRICAL_SURFACE('',#9277,0.1);
#9277 = AXIS2_PLACEMENT_3D('',#9278,#9279,#9280);
#9278 = CARTESIAN_POINT('',(-1.2,-1.2,0.25));
#9279 = DIRECTION('',(9.95799250103E-17,-1.,0.));
#9280 = DIRECTION('',(0.,-0.,-1.));
#9281 = ADVANCED_FACE('',(#9282),#9293,.F.);
#9282 = FACE_BOUND('',#9283,.F.);
#9283 = EDGE_LOOP('',(#9284,#9290,#9291,#9292));
#9284 = ORIENTED_EDGE('',*,*,#9285,.T.);
#9285 = EDGE_CURVE('',#8057,#8282,#9286,.T.);
#9286 = LINE('',#9287,#9288);
#9287 = CARTESIAN_POINT('',(-1.4,-1.2,0.15));
#9288 = VECTOR('',#9289,1.);
#9289 = DIRECTION('',(-9.95799250103E-17,1.,0.));
#9290 = ORIENTED_EDGE('',*,*,#8289,.T.);
#9291 = ORIENTED_EDGE('',*,*,#9268,.F.);
#9292 = ORIENTED_EDGE('',*,*,#8064,.F.);
#9293 = PLANE('',#9294);
#9294 = AXIS2_PLACEMENT_3D('',#9295,#9296,#9297);
#9295 = CARTESIAN_POINT('',(-1.4,-1.2,0.15));
#9296 = DIRECTION('',(-0.,0.,-1.));
#9297 = DIRECTION('',(1.,9.95799250103E-17,0.));
#9298 = ADVANCED_FACE('',(#9299),#9310,.F.);
#9299 = FACE_BOUND('',#9300,.F.);
#9300 = EDGE_LOOP('',(#9301,#9307,#9308,#9309));
#9301 = ORIENTED_EDGE('',*,*,#9302,.T.);
#9302 = EDGE_CURVE('',#8049,#8274,#9303,.T.);
#9303 = LINE('',#9304,#9305);
#9304 = CARTESIAN_POINT('',(-1.4,-1.2,0.));
#9305 = VECTOR('',#9306,1.);
#9306 = DIRECTION('',(-9.95799250103E-17,1.,0.));
#9307 = ORIENTED_EDGE('',*,*,#8281,.T.);
#9308 = ORIENTED_EDGE('',*,*,#9285,.F.);
#9309 = ORIENTED_EDGE('',*,*,#8056,.F.);
#9310 = PLANE('',#9311);
#9311 = AXIS2_PLACEMENT_3D('',#9312,#9313,#9314);
#9312 = CARTESIAN_POINT('',(-1.4,-1.2,0.));
#9313 = DIRECTION('',(1.,9.95799250103E-17,0.));
#9314 = DIRECTION('',(0.,-0.,1.));
#9315 = ADVANCED_FACE('',(#9316),#9327,.F.);
#9316 = FACE_BOUND('',#9317,.F.);
#9317 = EDGE_LOOP('',(#9318,#9324,#9325,#9326));
#9318 = ORIENTED_EDGE('',*,*,#9319,.T.);
#9319 = EDGE_CURVE('',#8040,#8265,#9320,.T.);
#9320 = LINE('',#9321,#9322);
#9321 = CARTESIAN_POINT('',(-1.2,-1.2,0.));
#9322 = VECTOR('',#9323,1.);
#9323 = DIRECTION('',(-9.95799250103E-17,1.,0.));
#9324 = ORIENTED_EDGE('',*,*,#8273,.T.);
#9325 = ORIENTED_EDGE('',*,*,#9302,.F.);
#9326 = ORIENTED_EDGE('',*,*,#8048,.F.);
#9327 = PLANE('',#9328);
#9328 = AXIS2_PLACEMENT_3D('',#9329,#9330,#9331);
#9329 = CARTESIAN_POINT('',(-1.2,-1.2,0.));
#9330 = DIRECTION('',(0.,0.,1.));
#9331 = DIRECTION('',(-1.,-9.95799250103E-17,0.));
#9332 = ADVANCED_FACE('',(#9333),#9344,.T.);
#9333 = FACE_BOUND('',#9334,.T.);
#9334 = EDGE_LOOP('',(#9335,#9336,#9337,#9338));
#9335 = ORIENTED_EDGE('',*,*,#8039,.T.);
#9336 = ORIENTED_EDGE('',*,*,#9319,.T.);
#9337 = ORIENTED_EDGE('',*,*,#8264,.F.);
#9338 = ORIENTED_EDGE('',*,*,#9339,.F.);
#9339 = EDGE_CURVE('',#8032,#8257,#9340,.T.);
#9340 = LINE('',#9341,#9342);
#9341 = CARTESIAN_POINT('',(-0.95,-1.2,0.25));
#9342 = VECTOR('',#9343,1.);
#9343 = DIRECTION('',(-9.95799250103E-17,1.,0.));
#9344 = CYLINDRICAL_SURFACE('',#9345,0.25);
#9345 = AXIS2_PLACEMENT_3D('',#9346,#9347,#9348);
#9346 = CARTESIAN_POINT('',(-1.2,-1.2,0.25));
#9347 = DIRECTION('',(9.95799250103E-17,-1.,-0.));
#9348 = DIRECTION('',(1.,9.95799250103E-17,-4.440892098501E-16));
#9349 = ADVANCED_FACE('',(#9350),#9356,.F.);
#9350 = FACE_BOUND('',#9351,.F.);
#9351 = EDGE_LOOP('',(#9352,#9353,#9354,#9355));
#9352 = ORIENTED_EDGE('',*,*,#8238,.T.);
#9353 = ORIENTED_EDGE('',*,*,#8256,.T.);
#9354 = ORIENTED_EDGE('',*,*,#9339,.F.);
#9355 = ORIENTED_EDGE('',*,*,#8031,.F.);
#9356 = PLANE('',#9357);
#9357 = AXIS2_PLACEMENT_3D('',#9358,#9359,#9360);
#9358 = CARTESIAN_POINT('',(-0.95,-1.2,0.65));
#9359 = DIRECTION('',(-1.,-9.95799250103E-17,0.));
#9360 = DIRECTION('',(-0.,0.,-1.));
#9361 = ADVANCED_FACE('',(#9362),#9375,.F.);
#9362 = FACE_BOUND('',#9363,.F.);
#9363 = EDGE_LOOP('',(#9364,#9365,#9371,#9372,#9373,#9374));
#9364 = ORIENTED_EDGE('',*,*,#8415,.F.);
#9365 = ORIENTED_EDGE('',*,*,#9366,.T.);
#9366 = EDGE_CURVE('',#8407,#8182,#9367,.T.);
#9367 = LINE('',#9368,#9369);
#9368 = CARTESIAN_POINT('',(-0.85,0.7,0.9));
#9369 = VECTOR('',#9370,1.);
#9370 = DIRECTION('',(-9.95799250103E-17,1.,0.));
#9371 = ORIENTED_EDGE('',*,*,#8190,.T.);
#9372 = ORIENTED_EDGE('',*,*,#8204,.T.);
#9373 = ORIENTED_EDGE('',*,*,#9197,.F.);
#9374 = ORIENTED_EDGE('',*,*,#8670,.F.);
#9375 = PLANE('',#9376);
#9376 = AXIS2_PLACEMENT_3D('',#9377,#9378,#9379);
#9377 = CARTESIAN_POINT('',(-0.85,0.7,0.9));
#9378 = DIRECTION('',(-0.,0.,-1.));
#9379 = DIRECTION('',(1.,9.95799250103E-17,0.));
#9380 = ADVANCED_FACE('',(#9381),#9392,.T.);
#9381 = FACE_BOUND('',#9382,.T.);
#9382 = EDGE_LOOP('',(#9383,#9384,#9385,#9386));
#9383 = ORIENTED_EDGE('',*,*,#8406,.T.);
#9384 = ORIENTED_EDGE('',*,*,#9366,.T.);
#9385 = ORIENTED_EDGE('',*,*,#8181,.F.);
#9386 = ORIENTED_EDGE('',*,*,#9387,.F.);
#9387 = EDGE_CURVE('',#8399,#8174,#9388,.T.);
#9388 = LINE('',#9389,#9390);
#9389 = CARTESIAN_POINT('',(-1.1,0.7,0.65));
#9390 = VECTOR('',#9391,1.);
#9391 = DIRECTION('',(-9.95799250103E-17,1.,0.));
#9392 = CYLINDRICAL_SURFACE('',#9393,0.25);
#9393 = AXIS2_PLACEMENT_3D('',#9394,#9395,#9396);
#9394 = CARTESIAN_POINT('',(-0.85,0.7,0.65));
#9395 = DIRECTION('',(9.95799250103E-17,-1.,-0.));
#9396 = DIRECTION('',(-1.,-9.95799250103E-17,1.33226762955E-15));
#9397 = ADVANCED_FACE('',(#9398),#9409,.F.);
#9398 = FACE_BOUND('',#9399,.F.);
#9399 = EDGE_LOOP('',(#9400,#9406,#9407,#9408));
#9400 = ORIENTED_EDGE('',*,*,#9401,.T.);
#9401 = EDGE_CURVE('',#8390,#8165,#9402,.T.);
#9402 = LINE('',#9403,#9404);
#9403 = CARTESIAN_POINT('',(-1.1,0.7,0.25));
#9404 = VECTOR('',#9405,1.);
#9405 = DIRECTION('',(-9.95799250103E-17,1.,0.));
#9406 = ORIENTED_EDGE('',*,*,#8173,.T.);
#9407 = ORIENTED_EDGE('',*,*,#9387,.F.);
#9408 = ORIENTED_EDGE('',*,*,#8398,.F.);
#9409 = PLANE('',#9410);
#9410 = AXIS2_PLACEMENT_3D('',#9411,#9412,#9413);
#9411 = CARTESIAN_POINT('',(-1.1,0.7,0.25));
#9412 = DIRECTION('',(1.,9.95799250103E-17,0.));
#9413 = DIRECTION('',(0.,-0.,1.));
#9414 = ADVANCED_FACE('',(#9415),#9426,.F.);
#9415 = FACE_BOUND('',#9416,.F.);
#9416 = EDGE_LOOP('',(#9417,#9423,#9424,#9425));
#9417 = ORIENTED_EDGE('',*,*,#9418,.T.);
#9418 = EDGE_CURVE('',#8382,#8157,#9419,.T.);
#9419 = LINE('',#9420,#9421);
#9420 = CARTESIAN_POINT('',(-1.2,0.7,0.15));
#9421 = VECTOR('',#9422,1.);
#9422 = DIRECTION('',(-9.95799250103E-17,1.,0.));
#9423 = ORIENTED_EDGE('',*,*,#8164,.T.);
#9424 = ORIENTED_EDGE('',*,*,#9401,.F.);
#9425 = ORIENTED_EDGE('',*,*,#8389,.F.);
#9426 = CYLINDRICAL_SURFACE('',#9427,0.1);
#9427 = AXIS2_PLACEMENT_3D('',#9428,#9429,#9430);
#9428 = CARTESIAN_POINT('',(-1.2,0.7,0.25));
#9429 = DIRECTION('',(9.95799250103E-17,-1.,0.));
#9430 = DIRECTION('',(0.,-0.,-1.));
#9431 = ADVANCED_FACE('',(#9432),#9443,.F.);
#9432 = FACE_BOUND('',#9433,.F.);
#9433 = EDGE_LOOP('',(#9434,#9440,#9441,#9442));
#9434 = ORIENTED_EDGE('',*,*,#9435,.T.);
#9435 = EDGE_CURVE('',#8374,#8149,#9436,.T.);
#9436 = LINE('',#9437,#9438);
#9437 = CARTESIAN_POINT('',(-1.4,0.7,0.15));
#9438 = VECTOR('',#9439,1.);
#9439 = DIRECTION('',(-9.95799250103E-17,1.,0.));
#9440 = ORIENTED_EDGE('',*,*,#8156,.T.);
#9441 = ORIENTED_EDGE('',*,*,#9418,.F.);
#9442 = ORIENTED_EDGE('',*,*,#8381,.F.);
#9443 = PLANE('',#9444);
#9444 = AXIS2_PLACEMENT_3D('',#9445,#9446,#9447);
#9445 = CARTESIAN_POINT('',(-1.4,0.7,0.15));
#9446 = DIRECTION('',(-0.,0.,-1.));
#9447 = DIRECTION('',(1.,9.95799250103E-17,0.));
#9448 = ADVANCED_FACE('',(#9449),#9460,.F.);
#9449 = FACE_BOUND('',#9450,.F.);
#9450 = EDGE_LOOP('',(#9451,#9457,#9458,#9459));
#9451 = ORIENTED_EDGE('',*,*,#9452,.T.);
#9452 = EDGE_CURVE('',#8366,#8141,#9453,.T.);
#9453 = LINE('',#9454,#9455);
#9454 = CARTESIAN_POINT('',(-1.4,0.7,0.));
#9455 = VECTOR('',#9456,1.);
#9456 = DIRECTION('',(-9.95799250103E-17,1.,0.));
#9457 = ORIENTED_EDGE('',*,*,#8148,.T.);
#9458 = ORIENTED_EDGE('',*,*,#9435,.F.);
#9459 = ORIENTED_EDGE('',*,*,#8373,.F.);
#9460 = PLANE('',#9461);
#9461 = AXIS2_PLACEMENT_3D('',#9462,#9463,#9464);
#9462 = CARTESIAN_POINT('',(-1.4,0.7,0.));
#9463 = DIRECTION('',(1.,9.95799250103E-17,0.));
#9464 = DIRECTION('',(0.,-0.,1.));
#9465 = ADVANCED_FACE('',(#9466),#9477,.F.);
#9466 = FACE_BOUND('',#9467,.F.);
#9467 = EDGE_LOOP('',(#9468,#9474,#9475,#9476));
#9468 = ORIENTED_EDGE('',*,*,#9469,.T.);
#9469 = EDGE_CURVE('',#8357,#8132,#9470,.T.);
#9470 = LINE('',#9471,#9472);
#9471 = CARTESIAN_POINT('',(-1.2,0.7,0.));
#9472 = VECTOR('',#9473,1.);
#9473 = DIRECTION('',(-9.95799250103E-17,1.,0.));
#9474 = ORIENTED_EDGE('',*,*,#8140,.T.);
#9475 = ORIENTED_EDGE('',*,*,#9452,.F.);
#9476 = ORIENTED_EDGE('',*,*,#8365,.F.);
#9477 = PLANE('',#9478);
#9478 = AXIS2_PLACEMENT_3D('',#9479,#9480,#9481);
#9479 = CARTESIAN_POINT('',(-1.2,0.7,0.));
#9480 = DIRECTION('',(0.,0.,1.));
#9481 = DIRECTION('',(-1.,-9.95799250103E-17,0.));
#9482 = ADVANCED_FACE('',(#9483),#9494,.T.);
#9483 = FACE_BOUND('',#9484,.T.);
#9484 = EDGE_LOOP('',(#9485,#9486,#9487,#9488));
#9485 = ORIENTED_EDGE('',*,*,#8356,.T.);
#9486 = ORIENTED_EDGE('',*,*,#9469,.T.);
#9487 = ORIENTED_EDGE('',*,*,#8131,.F.);
#9488 = ORIENTED_EDGE('',*,*,#9489,.F.);
#9489 = EDGE_CURVE('',#8349,#8124,#9490,.T.);
#9490 = LINE('',#9491,#9492);
#9491 = CARTESIAN_POINT('',(-0.95,0.7,0.25));
#9492 = VECTOR('',#9493,1.);
#9493 = DIRECTION('',(-9.95799250103E-17,1.,0.));
#9494 = CYLINDRICAL_SURFACE('',#9495,0.25);
#9495 = AXIS2_PLACEMENT_3D('',#9496,#9497,#9498);
#9496 = CARTESIAN_POINT('',(-1.2,0.7,0.25));
#9497 = DIRECTION('',(9.95799250103E-17,-1.,-0.));
#9498 = DIRECTION('',(1.,9.95799250103E-17,-4.440892098501E-16));
#9499 = ADVANCED_FACE('',(#9500),#9506,.F.);
#9500 = FACE_BOUND('',#9501,.F.);
#9501 = EDGE_LOOP('',(#9502,#9503,#9504,#9505));
#9502 = ORIENTED_EDGE('',*,*,#8431,.T.);
#9503 = ORIENTED_EDGE('',*,*,#8123,.T.);
#9504 = ORIENTED_EDGE('',*,*,#9489,.F.);
#9505 = ORIENTED_EDGE('',*,*,#8348,.F.);
#9506 = PLANE('',#9507);
#9507 = AXIS2_PLACEMENT_3D('',#9508,#9509,#9510);
#9508 = CARTESIAN_POINT('',(-0.95,0.7,0.65));
#9509 = DIRECTION('',(-1.,-9.95799250103E-17,0.));
#9510 = DIRECTION('',(-0.,0.,-1.));
#9511 = ADVANCED_FACE('',(#9512),#9525,.F.);
#9512 = FACE_BOUND('',#9513,.F.);
#9513 = EDGE_LOOP('',(#9514,#9515,#9521,#9522,#9523,#9524));
#9514 = ORIENTED_EDGE('',*,*,#8555,.F.);
#9515 = ORIENTED_EDGE('',*,*,#9516,.T.);
#9516 = EDGE_CURVE('',#8547,#8639,#9517,.T.);
#9517 = LINE('',#9518,#9519);
#9518 = CARTESIAN_POINT('',(-0.85,-0.25,0.9));
#9519 = VECTOR('',#9520,1.);
#9520 = DIRECTION('',(-9.95799250103E-17,1.,0.));
#9521 = ORIENTED_EDGE('',*,*,#8647,.T.);
#9522 = ORIENTED_EDGE('',*,*,#8661,.T.);
#9523 = ORIENTED_EDGE('',*,*,#9190,.F.);
#9524 = ORIENTED_EDGE('',*,*,#8455,.F.);
#9525 = PLANE('',#9526);
#9526 = AXIS2_PLACEMENT_3D('',#9527,#9528,#9529);
#9527 = CARTESIAN_POINT('',(-0.85,-0.25,0.9));
#9528 = DIRECTION('',(-0.,0.,-1.));
#9529 = DIRECTION('',(1.,9.95799250103E-17,0.));
#9530 = ADVANCED_FACE('',(#9531),#9542,.T.);
#9531 = FACE_BOUND('',#9532,.T.);
#9532 = EDGE_LOOP('',(#9533,#9534,#9535,#9536));
#9533 = ORIENTED_EDGE('',*,*,#8546,.T.);
#9534 = ORIENTED_EDGE('',*,*,#9516,.T.);
#9535 = ORIENTED_EDGE('',*,*,#8638,.F.);
#9536 = ORIENTED_EDGE('',*,*,#9537,.F.);
#9537 = EDGE_CURVE('',#8539,#8631,#9538,.T.);
#9538 = LINE('',#9539,#9540);
#9539 = CARTESIAN_POINT('',(-1.1,-0.25,0.65));
#9540 = VECTOR('',#9541,1.);
#9541 = DIRECTION('',(-9.95799250103E-17,1.,0.));
#9542 = CYLINDRICAL_SURFACE('',#9543,0.25);
#9543 = AXIS2_PLACEMENT_3D('',#9544,#9545,#9546);
#9544 = CARTESIAN_POINT('',(-0.85,-0.25,0.65));
#9545 = DIRECTION('',(9.95799250103E-17,-1.,-0.));
#9546 = DIRECTION('',(-1.,-9.95799250103E-17,1.33226762955E-15));
#9547 = ADVANCED_FACE('',(#9548),#9559,.F.);
#9548 = FACE_BOUND('',#9549,.F.);
#9549 = EDGE_LOOP('',(#9550,#9556,#9557,#9558));
#9550 = ORIENTED_EDGE('',*,*,#9551,.T.);
#9551 = EDGE_CURVE('',#8530,#8622,#9552,.T.);
#9552 = LINE('',#9553,#9554);
#9553 = CARTESIAN_POINT('',(-1.1,-0.25,0.25));
#9554 = VECTOR('',#9555,1.);
#9555 = DIRECTION('',(-9.95799250103E-17,1.,0.));
#9556 = ORIENTED_EDGE('',*,*,#8630,.T.);
#9557 = ORIENTED_EDGE('',*,*,#9537,.F.);
#9558 = ORIENTED_EDGE('',*,*,#8538,.F.);
#9559 = PLANE('',#9560);
#9560 = AXIS2_PLACEMENT_3D('',#9561,#9562,#9563);
#9561 = CARTESIAN_POINT('',(-1.1,-0.25,0.25));
#9562 = DIRECTION('',(1.,9.95799250103E-17,0.));
#9563 = DIRECTION('',(0.,-0.,1.));
#9564 = ADVANCED_FACE('',(#9565),#9576,.F.);
#9565 = FACE_BOUND('',#9566,.F.);
#9566 = EDGE_LOOP('',(#9567,#9573,#9574,#9575));
#9567 = ORIENTED_EDGE('',*,*,#9568,.T.);
#9568 = EDGE_CURVE('',#8522,#8614,#9569,.T.);
#9569 = LINE('',#9570,#9571);
#9570 = CARTESIAN_POINT('',(-1.2,-0.25,0.15));
#9571 = VECTOR('',#9572,1.);
#9572 = DIRECTION('',(-9.95799250103E-17,1.,0.));
#9573 = ORIENTED_EDGE('',*,*,#8621,.T.);
#9574 = ORIENTED_EDGE('',*,*,#9551,.F.);
#9575 = ORIENTED_EDGE('',*,*,#8529,.F.);
#9576 = CYLINDRICAL_SURFACE('',#9577,0.1);
#9577 = AXIS2_PLACEMENT_3D('',#9578,#9579,#9580);
#9578 = CARTESIAN_POINT('',(-1.2,-0.25,0.25));
#9579 = DIRECTION('',(9.95799250103E-17,-1.,0.));
#9580 = DIRECTION('',(0.,-0.,-1.));
#9581 = ADVANCED_FACE('',(#9582),#9593,.F.);
#9582 = FACE_BOUND('',#9583,.F.);
#9583 = EDGE_LOOP('',(#9584,#9590,#9591,#9592));
#9584 = ORIENTED_EDGE('',*,*,#9585,.T.);
#9585 = EDGE_CURVE('',#8514,#8606,#9586,.T.);
#9586 = LINE('',#9587,#9588);
#9587 = CARTESIAN_POINT('',(-1.4,-0.25,0.15));
#9588 = VECTOR('',#9589,1.);
#9589 = DIRECTION('',(-9.95799250103E-17,1.,0.));
#9590 = ORIENTED_EDGE('',*,*,#8613,.T.);
#9591 = ORIENTED_EDGE('',*,*,#9568,.F.);
#9592 = ORIENTED_EDGE('',*,*,#8521,.F.);
#9593 = PLANE('',#9594);
#9594 = AXIS2_PLACEMENT_3D('',#9595,#9596,#9597);
#9595 = CARTESIAN_POINT('',(-1.4,-0.25,0.15));
#9596 = DIRECTION('',(-0.,0.,-1.));
#9597 = DIRECTION('',(1.,9.95799250103E-17,0.));
#9598 = ADVANCED_FACE('',(#9599),#9610,.F.);
#9599 = FACE_BOUND('',#9600,.F.);
#9600 = EDGE_LOOP('',(#9601,#9607,#9608,#9609));
#9601 = ORIENTED_EDGE('',*,*,#9602,.T.);
#9602 = EDGE_CURVE('',#8506,#8598,#9603,.T.);
#9603 = LINE('',#9604,#9605);
#9604 = CARTESIAN_POINT('',(-1.4,-0.25,0.));
#9605 = VECTOR('',#9606,1.);
#9606 = DIRECTION('',(-9.95799250103E-17,1.,0.));
#9607 = ORIENTED_EDGE('',*,*,#8605,.T.);
#9608 = ORIENTED_EDGE('',*,*,#9585,.F.);
#9609 = ORIENTED_EDGE('',*,*,#8513,.F.);
#9610 = PLANE('',#9611);
#9611 = AXIS2_PLACEMENT_3D('',#9612,#9613,#9614);
#9612 = CARTESIAN_POINT('',(-1.4,-0.25,0.));
#9613 = DIRECTION('',(1.,9.95799250103E-17,0.));
#9614 = DIRECTION('',(0.,-0.,1.));
#9615 = ADVANCED_FACE('',(#9616),#9627,.F.);
#9616 = FACE_BOUND('',#9617,.F.);
#9617 = EDGE_LOOP('',(#9618,#9624,#9625,#9626));
#9618 = ORIENTED_EDGE('',*,*,#9619,.T.);
#9619 = EDGE_CURVE('',#8497,#8589,#9620,.T.);
#9620 = LINE('',#9621,#9622);
#9621 = CARTESIAN_POINT('',(-1.2,-0.25,0.));
#9622 = VECTOR('',#9623,1.);
#9623 = DIRECTION('',(-9.95799250103E-17,1.,0.));
#9624 = ORIENTED_EDGE('',*,*,#8597,.T.);
#9625 = ORIENTED_EDGE('',*,*,#9602,.F.);
#9626 = ORIENTED_EDGE('',*,*,#8505,.F.);
#9627 = PLANE('',#9628);
#9628 = AXIS2_PLACEMENT_3D('',#9629,#9630,#9631);
#9629 = CARTESIAN_POINT('',(-1.2,-0.25,0.));
#9630 = DIRECTION('',(0.,0.,1.));
#9631 = DIRECTION('',(-1.,-9.95799250103E-17,0.));
#9632 = ADVANCED_FACE('',(#9633),#9644,.T.);
#9633 = FACE_BOUND('',#9634,.T.);
#9634 = EDGE_LOOP('',(#9635,#9636,#9637,#9638));
#9635 = ORIENTED_EDGE('',*,*,#8496,.T.);
#9636 = ORIENTED_EDGE('',*,*,#9619,.T.);
#9637 = ORIENTED_EDGE('',*,*,#8588,.F.);
#9638 = ORIENTED_EDGE('',*,*,#9639,.F.);
#9639 = EDGE_CURVE('',#8489,#8581,#9640,.T.);
#9640 = LINE('',#9641,#9642);
#9641 = CARTESIAN_POINT('',(-0.95,-0.25,0.25));
#9642 = VECTOR('',#9643,1.);
#9643 = DIRECTION('',(-9.95799250103E-17,1.,0.));
#9644 = CYLINDRICAL_SURFACE('',#9645,0.25);
#9645 = AXIS2_PLACEMENT_3D('',#9646,#9647,#9648);
#9646 = CARTESIAN_POINT('',(-1.2,-0.25,0.25));
#9647 = DIRECTION('',(9.95799250103E-17,-1.,-0.));
#9648 = DIRECTION('',(1.,9.95799250103E-17,-4.440892098501E-16));
#9649 = ADVANCED_FACE('',(#9650),#9656,.F.);
#9650 = FACE_BOUND('',#9651,.F.);
#9651 = EDGE_LOOP('',(#9652,#9653,#9654,#9655));
#9652 = ORIENTED_EDGE('',*,*,#8694,.T.);
#9653 = ORIENTED_EDGE('',*,*,#8580,.T.);
#9654 = ORIENTED_EDGE('',*,*,#9639,.F.);
#9655 = ORIENTED_EDGE('',*,*,#8488,.F.);
#9656 = PLANE('',#9657);
#9657 = AXIS2_PLACEMENT_3D('',#9658,#9659,#9660);
#9658 = CARTESIAN_POINT('',(-0.95,-0.25,0.65));
#9659 = DIRECTION('',(-1.,-9.95799250103E-17,0.));
#9660 = DIRECTION('',(-0.,0.,-1.));
#9661 = ( GEOMETRIC_REPRESENTATION_CONTEXT(3) 
GLOBAL_UNCERTAINTY_ASSIGNED_CONTEXT((#9665)) 
GLOBAL_UNIT_ASSIGNED_CONTEXT((#9662,#9663,#9664)) REPRESENTATION_CONTEXT
('Context #1','3D Context with UNIT and UNCERTAINTY') );
#9662 = ( LENGTH_UNIT() NAMED_UNIT(*) SI_UNIT(.MILLI.,.METRE.) );
#9663 = ( NAMED_UNIT(*) PLANE_ANGLE_UNIT() SI_UNIT($,.RADIAN.) );
#9664 = ( NAMED_UNIT(*) SI_UNIT($,.STERADIAN.) SOLID_ANGLE_UNIT() );
#9665 = UNCERTAINTY_MEASURE_WITH_UNIT(LENGTH_MEASURE(2.E-06),#9662,
  'distance_accuracy_value','confusion accuracy');
#9666 = CONTEXT_DEPENDENT_SHAPE_REPRESENTATION(#9667,#9669);
#9667 = ( REPRESENTATION_RELATIONSHIP('','',#6499,#6476) 
REPRESENTATION_RELATIONSHIP_WITH_TRANSFORMATION(#9668) 
SHAPE_REPRESENTATION_RELATIONSHIP() );
#9668 = ITEM_DEFINED_TRANSFORMATION('','',#11,#6477);
#9669 = PRODUCT_DEFINITION_SHAPE('Placement','Placement of an item',
  #9670);
#9670 = NEXT_ASSEMBLY_USAGE_OCCURRENCE('10','=>[0:1:1:9]','',#6471,#6494
  ,$);
#9671 = PRODUCT_RELATED_PRODUCT_CATEGORY('part',$,(#6496));
#9672 = CONTEXT_DEPENDENT_SHAPE_REPRESENTATION(#9673,#9675);
#9673 = ( REPRESENTATION_RELATIONSHIP('','',#84,#10) 
REPRESENTATION_RELATIONSHIP_WITH_TRANSFORMATION(#9674) 
SHAPE_REPRESENTATION_RELATIONSHIP() );
#9674 = ITEM_DEFINED_TRANSFORMATION('','',#11,#43);
#9675 = PRODUCT_DEFINITION_SHAPE('Placement','Placement of an item',
  #9676);
#9676 = NEXT_ASSEMBLY_USAGE_OCCURRENCE('12','C15','',#5,#79,$);
#9677 = SHAPE_DEFINITION_REPRESENTATION(#9678,#9684);
#9678 = PRODUCT_DEFINITION_SHAPE('','',#9679);
#9679 = PRODUCT_DEFINITION('design','',#9680,#9683);
#9680 = PRODUCT_DEFINITION_FORMATION('','',#9681);
#9681 = PRODUCT('C_1206_3216Metric','C_1206_3216Metric','',(#9682));
#9682 = PRODUCT_CONTEXT('',#2,'mechanical');
#9683 = PRODUCT_DEFINITION_CONTEXT('part definition',#2,'design');
#9684 = SHAPE_REPRESENTATION('',(#11,#9685),#9689);
#9685 = AXIS2_PLACEMENT_3D('',#9686,#9687,#9688);
#9686 = CARTESIAN_POINT('',(0.,0.,0.));
#9687 = DIRECTION('',(0.,0.,1.));
#9688 = DIRECTION('',(1.,0.,-0.));
#9689 = ( GEOMETRIC_REPRESENTATION_CONTEXT(3) 
GLOBAL_UNCERTAINTY_ASSIGNED_CONTEXT((#9693)) 
GLOBAL_UNIT_ASSIGNED_CONTEXT((#9690,#9691,#9692)) REPRESENTATION_CONTEXT
('Context #1','3D Context with UNIT and UNCERTAINTY') );
#9690 = ( LENGTH_UNIT() NAMED_UNIT(*) SI_UNIT(.MILLI.,.METRE.) );
#9691 = ( NAMED_UNIT(*) PLANE_ANGLE_UNIT() SI_UNIT($,.RADIAN.) );
#9692 = ( NAMED_UNIT(*) SI_UNIT($,.STERADIAN.) SOLID_ANGLE_UNIT() );
#9693 = UNCERTAINTY_MEASURE_WITH_UNIT(LENGTH_MEASURE(1.E-07),#9690,
  'distance_accuracy_value','confusion accuracy');
#9694 = CONTEXT_DEPENDENT_SHAPE_REPRESENTATION(#9695,#9697);
#9695 = ( REPRESENTATION_RELATIONSHIP('','',#9684,#10) 
REPRESENTATION_RELATIONSHIP_WITH_TRANSFORMATION(#9696) 
SHAPE_REPRESENTATION_RELATIONSHIP() );
#9696 = ITEM_DEFINED_TRANSFORMATION('','',#11,#47);
#9697 = PRODUCT_DEFINITION_SHAPE('Placement','Placement of an item',
  #9698);
#9698 = NEXT_ASSEMBLY_USAGE_OCCURRENCE('14','C3','',#5,#9679,$);
#9699 = PRODUCT_RELATED_PRODUCT_CATEGORY('part',$,(#9681));
#9700 = SHAPE_DEFINITION_REPRESENTATION(#9701,#9707);
#9701 = PRODUCT_DEFINITION_SHAPE('','',#9702);
#9702 = PRODUCT_DEFINITION('design','',#9703,#9706);
#9703 = PRODUCT_DEFINITION_FORMATION('','',#9704);
#9704 = PRODUCT('C_1206_3216Metric','C_1206_3216Metric','',(#9705));
#9705 = PRODUCT_CONTEXT('',#2,'mechanical');
#9706 = PRODUCT_DEFINITION_CONTEXT('part definition',#2,'design');
#9707 = ADVANCED_BREP_SHAPE_REPRESENTATION('',(#11,#9708),#10562);
#9708 = MANIFOLD_SOLID_BREP('',#9709);
#9709 = CLOSED_SHELL('',(#9710,#9786,#9817,#9842,#9867,#9891,#9915,#9940
    ,#9965,#9982,#10068,#10100,#10124,#10149,#10173,#10198,#10222,#10247
    ,#10264,#10350,#10381,#10406,#10431,#10455,#10479,#10504,#10529,
    #10546));
#9710 = ADVANCED_FACE('',(#9711),#9781,.F.);
#9711 = FACE_BOUND('',#9712,.F.);
#9712 = EDGE_LOOP('',(#9713,#9723,#9732,#9740,#9749,#9757,#9766,#9774));
#9713 = ORIENTED_EDGE('',*,*,#9714,.F.);
#9714 = EDGE_CURVE('',#9715,#9717,#9719,.T.);
#9715 = VERTEX_POINT('',#9716);
#9716 = CARTESIAN_POINT('',(-1.6,-0.8,4.E-02));
#9717 = VERTEX_POINT('',#9718);
#9718 = CARTESIAN_POINT('',(-1.6,-0.8,1.56));
#9719 = LINE('',#9720,#9721);
#9720 = CARTESIAN_POINT('',(-1.6,-0.8,0.));
#9721 = VECTOR('',#9722,1.);
#9722 = DIRECTION('',(0.,0.,1.));
#9723 = ORIENTED_EDGE('',*,*,#9724,.T.);
#9724 = EDGE_CURVE('',#9715,#9725,#9727,.T.);
#9725 = VERTEX_POINT('',#9726);
#9726 = CARTESIAN_POINT('',(-1.6,-0.76,0.));
#9727 = CIRCLE('',#9728,4.E-02);
#9728 = AXIS2_PLACEMENT_3D('',#9729,#9730,#9731);
#9729 = CARTESIAN_POINT('',(-1.6,-0.76,4.E-02));
#9730 = DIRECTION('',(1.,0.,-0.));
#9731 = DIRECTION('',(0.,0.,1.));
#9732 = ORIENTED_EDGE('',*,*,#9733,.T.);
#9733 = EDGE_CURVE('',#9725,#9734,#9736,.T.);
#9734 = VERTEX_POINT('',#9735);
#9735 = CARTESIAN_POINT('',(-1.6,0.76,0.));
#9736 = LINE('',#9737,#9738);
#9737 = CARTESIAN_POINT('',(-1.6,-0.8,0.));
#9738 = VECTOR('',#9739,1.);
#9739 = DIRECTION('',(0.,1.,0.));
#9740 = ORIENTED_EDGE('',*,*,#9741,.F.);
#9741 = EDGE_CURVE('',#9742,#9734,#9744,.T.);
#9742 = VERTEX_POINT('',#9743);
#9743 = CARTESIAN_POINT('',(-1.6,0.8,4.E-02));
#9744 = CIRCLE('',#9745,4.E-02);
#9745 = AXIS2_PLACEMENT_3D('',#9746,#9747,#9748);
#9746 = CARTESIAN_POINT('',(-1.6,0.76,4.E-02));
#9747 = DIRECTION('',(-1.,0.,0.));
#9748 = DIRECTION('',(0.,0.,1.));
#9749 = ORIENTED_EDGE('',*,*,#9750,.T.);
#9750 = EDGE_CURVE('',#9742,#9751,#9753,.T.);
#9751 = VERTEX_POINT('',#9752);
#9752 = CARTESIAN_POINT('',(-1.6,0.8,1.56));
#9753 = LINE('',#9754,#9755);
#9754 = CARTESIAN_POINT('',(-1.6,0.8,0.));
#9755 = VECTOR('',#9756,1.);
#9756 = DIRECTION('',(0.,0.,1.));
#9757 = ORIENTED_EDGE('',*,*,#9758,.T.);
#9758 = EDGE_CURVE('',#9751,#9759,#9761,.T.);
#9759 = VERTEX_POINT('',#9760);
#9760 = CARTESIAN_POINT('',(-1.6,0.76,1.6));
#9761 = CIRCLE('',#9762,4.E-02);
#9762 = AXIS2_PLACEMENT_3D('',#9763,#9764,#9765);
#9763 = CARTESIAN_POINT('',(-1.6,0.76,1.56));
#9764 = DIRECTION('',(1.,0.,-0.));
#9765 = DIRECTION('',(0.,0.,1.));
#9766 = ORIENTED_EDGE('',*,*,#9767,.F.);
#9767 = EDGE_CURVE('',#9768,#9759,#9770,.T.);
#9768 = VERTEX_POINT('',#9769);
#9769 = CARTESIAN_POINT('',(-1.6,-0.76,1.6));
#9770 = LINE('',#9771,#9772);
#9771 = CARTESIAN_POINT('',(-1.6,-0.8,1.6));
#9772 = VECTOR('',#9773,1.);
#9773 = DIRECTION('',(0.,1.,0.));
#9774 = ORIENTED_EDGE('',*,*,#9775,.F.);
#9775 = EDGE_CURVE('',#9717,#9768,#9776,.T.);
#9776 = CIRCLE('',#9777,4.E-02);
#9777 = AXIS2_PLACEMENT_3D('',#9778,#9779,#9780);
#9778 = CARTESIAN_POINT('',(-1.6,-0.76,1.56));
#9779 = DIRECTION('',(-1.,0.,0.));
#9780 = DIRECTION('',(0.,0.,1.));
#9781 = PLANE('',#9782);
#9782 = AXIS2_PLACEMENT_3D('',#9783,#9784,#9785);
#9783 = CARTESIAN_POINT('',(-1.6,-0.8,0.));
#9784 = DIRECTION('',(1.,0.,0.));
#9785 = DIRECTION('',(0.,0.,1.));
#9786 = ADVANCED_FACE('',(#9787),#9812,.F.);
#9787 = FACE_BOUND('',#9788,.F.);
#9788 = EDGE_LOOP('',(#9789,#9799,#9805,#9806));
#9789 = ORIENTED_EDGE('',*,*,#9790,.F.);
#9790 = EDGE_CURVE('',#9791,#9793,#9795,.T.);
#9791 = VERTEX_POINT('',#9792);
#9792 = CARTESIAN_POINT('',(-1.2,-0.8,4.E-02));
#9793 = VERTEX_POINT('',#9794);
#9794 = CARTESIAN_POINT('',(-1.2,-0.8,1.56));
#9795 = LINE('',#9796,#9797);
#9796 = CARTESIAN_POINT('',(-1.2,-0.8,0.));
#9797 = VECTOR('',#9798,1.);
#9798 = DIRECTION('',(0.,0.,1.));
#9799 = ORIENTED_EDGE('',*,*,#9800,.F.);
#9800 = EDGE_CURVE('',#9715,#9791,#9801,.T.);
#9801 = LINE('',#9802,#9803);
#9802 = CARTESIAN_POINT('',(-1.6,-0.8,4.E-02));
#9803 = VECTOR('',#9804,1.);
#9804 = DIRECTION('',(1.,0.,0.));
#9805 = ORIENTED_EDGE('',*,*,#9714,.T.);
#9806 = ORIENTED_EDGE('',*,*,#9807,.T.);
#9807 = EDGE_CURVE('',#9717,#9793,#9808,.T.);
#9808 = LINE('',#9809,#9810);
#9809 = CARTESIAN_POINT('',(-1.6,-0.8,1.56));
#9810 = VECTOR('',#9811,1.);
#9811 = DIRECTION('',(1.,0.,0.));
#9812 = PLANE('',#9813);
#9813 = AXIS2_PLACEMENT_3D('',#9814,#9815,#9816);
#9814 = CARTESIAN_POINT('',(-1.6,-0.8,0.));
#9815 = DIRECTION('',(0.,1.,0.));
#9816 = DIRECTION('',(0.,-0.,1.));
#9817 = ADVANCED_FACE('',(#9818),#9837,.T.);
#9818 = FACE_BOUND('',#9819,.T.);
#9819 = EDGE_LOOP('',(#9820,#9821,#9829,#9836));
#9820 = ORIENTED_EDGE('',*,*,#9724,.T.);
#9821 = ORIENTED_EDGE('',*,*,#9822,.T.);
#9822 = EDGE_CURVE('',#9725,#9823,#9825,.T.);
#9823 = VERTEX_POINT('',#9824);
#9824 = CARTESIAN_POINT('',(-1.2,-0.76,0.));
#9825 = LINE('',#9826,#9827);
#9826 = CARTESIAN_POINT('',(-1.6,-0.76,0.));
#9827 = VECTOR('',#9828,1.);
#9828 = DIRECTION('',(1.,0.,0.));
#9829 = ORIENTED_EDGE('',*,*,#9830,.F.);
#9830 = EDGE_CURVE('',#9791,#9823,#9831,.T.);
#9831 = CIRCLE('',#9832,4.E-02);
#9832 = AXIS2_PLACEMENT_3D('',#9833,#9834,#9835);
#9833 = CARTESIAN_POINT('',(-1.2,-0.76,4.E-02));
#9834 = DIRECTION('',(1.,0.,-0.));
#9835 = DIRECTION('',(0.,0.,1.));
#9836 = ORIENTED_EDGE('',*,*,#9800,.F.);
#9837 = CYLINDRICAL_SURFACE('',#9838,4.E-02);
#9838 = AXIS2_PLACEMENT_3D('',#9839,#9840,#9841);
#9839 = CARTESIAN_POINT('',(-1.6,-0.76,4.E-02));
#9840 = DIRECTION('',(1.,0.,0.));
#9841 = DIRECTION('',(0.,-1.,0.));
#9842 = ADVANCED_FACE('',(#9843),#9862,.T.);
#9843 = FACE_BOUND('',#9844,.T.);
#9844 = EDGE_LOOP('',(#9845,#9846,#9855,#9861));
#9845 = ORIENTED_EDGE('',*,*,#9807,.T.);
#9846 = ORIENTED_EDGE('',*,*,#9847,.T.);
#9847 = EDGE_CURVE('',#9793,#9848,#9850,.T.);
#9848 = VERTEX_POINT('',#9849);
#9849 = CARTESIAN_POINT('',(-1.2,-0.76,1.6));
#9850 = CIRCLE('',#9851,4.E-02);
#9851 = AXIS2_PLACEMENT_3D('',#9852,#9853,#9854);
#9852 = CARTESIAN_POINT('',(-1.2,-0.76,1.56));
#9853 = DIRECTION('',(-1.,0.,0.));
#9854 = DIRECTION('',(0.,0.,1.));
#9855 = ORIENTED_EDGE('',*,*,#9856,.F.);
#9856 = EDGE_CURVE('',#9768,#9848,#9857,.T.);
#9857 = LINE('',#9858,#9859);
#9858 = CARTESIAN_POINT('',(-1.6,-0.76,1.6));
#9859 = VECTOR('',#9860,1.);
#9860 = DIRECTION('',(1.,0.,0.));
#9861 = ORIENTED_EDGE('',*,*,#9775,.F.);
#9862 = CYLINDRICAL_SURFACE('',#9863,4.E-02);
#9863 = AXIS2_PLACEMENT_3D('',#9864,#9865,#9866);
#9864 = CARTESIAN_POINT('',(-1.6,-0.76,1.56));
#9865 = DIRECTION('',(1.,0.,0.));
#9866 = DIRECTION('',(0.,-1.,0.));
#9867 = ADVANCED_FACE('',(#9868),#9886,.F.);
#9868 = FACE_BOUND('',#9869,.F.);
#9869 = EDGE_LOOP('',(#9870,#9871,#9872,#9880));
#9870 = ORIENTED_EDGE('',*,*,#9733,.F.);
#9871 = ORIENTED_EDGE('',*,*,#9822,.T.);
#9872 = ORIENTED_EDGE('',*,*,#9873,.T.);
#9873 = EDGE_CURVE('',#9823,#9874,#9876,.T.);
#9874 = VERTEX_POINT('',#9875);
#9875 = CARTESIAN_POINT('',(-1.2,0.76,0.));
#9876 = LINE('',#9877,#9878);
#9877 = CARTESIAN_POINT('',(-1.2,-0.8,0.));
#9878 = VECTOR('',#9879,1.);
#9879 = DIRECTION('',(0.,1.,0.));
#9880 = ORIENTED_EDGE('',*,*,#9881,.F.);
#9881 = EDGE_CURVE('',#9734,#9874,#9882,.T.);
#9882 = LINE('',#9883,#9884);
#9883 = CARTESIAN_POINT('',(-1.6,0.76,0.));
#9884 = VECTOR('',#9885,1.);
#9885 = DIRECTION('',(1.,0.,0.));
#9886 = PLANE('',#9887);
#9887 = AXIS2_PLACEMENT_3D('',#9888,#9889,#9890);
#9888 = CARTESIAN_POINT('',(-1.6,-0.8,0.));
#9889 = DIRECTION('',(0.,0.,1.));
#9890 = DIRECTION('',(1.,0.,-0.));
#9891 = ADVANCED_FACE('',(#9892),#9910,.T.);
#9892 = FACE_BOUND('',#9893,.T.);
#9893 = EDGE_LOOP('',(#9894,#9895,#9896,#9904));
#9894 = ORIENTED_EDGE('',*,*,#9767,.F.);
#9895 = ORIENTED_EDGE('',*,*,#9856,.T.);
#9896 = ORIENTED_EDGE('',*,*,#9897,.T.);
#9897 = EDGE_CURVE('',#9848,#9898,#9900,.T.);
#9898 = VERTEX_POINT('',#9899);
#9899 = CARTESIAN_POINT('',(-1.2,0.76,1.6));
#9900 = LINE('',#9901,#9902);
#9901 = CARTESIAN_POINT('',(-1.2,-0.8,1.6));
#9902 = VECTOR('',#9903,1.);
#9903 = DIRECTION('',(0.,1.,0.));
#9904 = ORIENTED_EDGE('',*,*,#9905,.F.);
#9905 = EDGE_CURVE('',#9759,#9898,#9906,.T.);
#9906 = LINE('',#9907,#9908);
#9907 = CARTESIAN_POINT('',(-1.6,0.76,1.6));
#9908 = VECTOR('',#9909,1.);
#9909 = DIRECTION('',(1.,0.,0.));
#9910 = PLANE('',#9911);
#9911 = AXIS2_PLACEMENT_3D('',#9912,#9913,#9914);
#9912 = CARTESIAN_POINT('',(-1.6,-0.8,1.6));
#9913 = DIRECTION('',(0.,0.,1.));
#9914 = DIRECTION('',(1.,0.,-0.));
#9915 = ADVANCED_FACE('',(#9916),#9935,.T.);
#9916 = FACE_BOUND('',#9917,.T.);
#9917 = EDGE_LOOP('',(#9918,#9926,#9933,#9934));
#9918 = ORIENTED_EDGE('',*,*,#9919,.T.);
#9919 = EDGE_CURVE('',#9742,#9920,#9922,.T.);
#9920 = VERTEX_POINT('',#9921);
#9921 = CARTESIAN_POINT('',(-1.2,0.8,4.E-02));
#9922 = LINE('',#9923,#9924);
#9923 = CARTESIAN_POINT('',(-1.6,0.8,4.E-02));
#9924 = VECTOR('',#9925,1.);
#9925 = DIRECTION('',(1.,0.,0.));
#9926 = ORIENTED_EDGE('',*,*,#9927,.T.);
#9927 = EDGE_CURVE('',#9920,#9874,#9928,.T.);
#9928 = CIRCLE('',#9929,4.E-02);
#9929 = AXIS2_PLACEMENT_3D('',#9930,#9931,#9932);
#9930 = CARTESIAN_POINT('',(-1.2,0.76,4.E-02));
#9931 = DIRECTION('',(-1.,0.,0.));
#9932 = DIRECTION('',(0.,0.,1.));
#9933 = ORIENTED_EDGE('',*,*,#9881,.F.);
#9934 = ORIENTED_EDGE('',*,*,#9741,.F.);
#9935 = CYLINDRICAL_SURFACE('',#9936,4.E-02);
#9936 = AXIS2_PLACEMENT_3D('',#9937,#9938,#9939);
#9937 = CARTESIAN_POINT('',(-1.6,0.76,4.E-02));
#9938 = DIRECTION('',(1.,0.,0.));
#9939 = DIRECTION('',(-0.,1.,0.));
#9940 = ADVANCED_FACE('',(#9941),#9960,.T.);
#9941 = FACE_BOUND('',#9942,.T.);
#9942 = EDGE_LOOP('',(#9943,#9944,#9945,#9954));
#9943 = ORIENTED_EDGE('',*,*,#9758,.T.);
#9944 = ORIENTED_EDGE('',*,*,#9905,.T.);
#9945 = ORIENTED_EDGE('',*,*,#9946,.F.);
#9946 = EDGE_CURVE('',#9947,#9898,#9949,.T.);
#9947 = VERTEX_POINT('',#9948);
#9948 = CARTESIAN_POINT('',(-1.2,0.8,1.56));
#9949 = CIRCLE('',#9950,4.E-02);
#9950 = AXIS2_PLACEMENT_3D('',#9951,#9952,#9953);
#9951 = CARTESIAN_POINT('',(-1.2,0.76,1.56));
#9952 = DIRECTION('',(1.,0.,-0.));
#9953 = DIRECTION('',(0.,0.,1.));
#9954 = ORIENTED_EDGE('',*,*,#9955,.F.);
#9955 = EDGE_CURVE('',#9751,#9947,#9956,.T.);
#9956 = LINE('',#9957,#9958);
#9957 = CARTESIAN_POINT('',(-1.6,0.8,1.56));
#9958 = VECTOR('',#9959,1.);
#9959 = DIRECTION('',(1.,0.,0.));
#9960 = CYLINDRICAL_SURFACE('',#9961,4.E-02);
#9961 = AXIS2_PLACEMENT_3D('',#9962,#9963,#9964);
#9962 = CARTESIAN_POINT('',(-1.6,0.76,1.56));
#9963 = DIRECTION('',(1.,0.,0.));
#9964 = DIRECTION('',(-0.,1.,0.));
#9965 = ADVANCED_FACE('',(#9966),#9977,.T.);
#9966 = FACE_BOUND('',#9967,.T.);
#9967 = EDGE_LOOP('',(#9968,#9974,#9975,#9976));
#9968 = ORIENTED_EDGE('',*,*,#9969,.F.);
#9969 = EDGE_CURVE('',#9920,#9947,#9970,.T.);
#9970 = LINE('',#9971,#9972);
#9971 = CARTESIAN_POINT('',(-1.2,0.8,0.));
#9972 = VECTOR('',#9973,1.);
#9973 = DIRECTION('',(0.,0.,1.));
#9974 = ORIENTED_EDGE('',*,*,#9919,.F.);
#9975 = ORIENTED_EDGE('',*,*,#9750,.T.);
#9976 = ORIENTED_EDGE('',*,*,#9955,.T.);
#9977 = PLANE('',#9978);
#9978 = AXIS2_PLACEMENT_3D('',#9979,#9980,#9981);
#9979 = CARTESIAN_POINT('',(-1.6,0.8,0.));
#9980 = DIRECTION('',(0.,1.,0.));
#9981 = DIRECTION('',(0.,-0.,1.));
#9982 = ADVANCED_FACE('',(#9983,#9993),#10063,.T.);
#9983 = FACE_BOUND('',#9984,.T.);
#9984 = EDGE_LOOP('',(#9985,#9986,#9987,#9988,#9989,#9990,#9991,#9992));
#9985 = ORIENTED_EDGE('',*,*,#9790,.F.);
#9986 = ORIENTED_EDGE('',*,*,#9830,.T.);
#9987 = ORIENTED_EDGE('',*,*,#9873,.T.);
#9988 = ORIENTED_EDGE('',*,*,#9927,.F.);
#9989 = ORIENTED_EDGE('',*,*,#9969,.T.);
#9990 = ORIENTED_EDGE('',*,*,#9946,.T.);
#9991 = ORIENTED_EDGE('',*,*,#9897,.F.);
#9992 = ORIENTED_EDGE('',*,*,#9847,.F.);
#9993 = FACE_BOUND('',#9994,.T.);
#9994 = EDGE_LOOP('',(#9995,#10006,#10014,#10023,#10031,#10040,#10048,
    #10057));
#9995 = ORIENTED_EDGE('',*,*,#9996,.F.);
#9996 = EDGE_CURVE('',#9997,#9999,#10001,.T.);
#9997 = VERTEX_POINT('',#9998);
#9998 = CARTESIAN_POINT('',(-1.2,-0.76,8.E-02));
#9999 = VERTEX_POINT('',#10000);
#10000 = CARTESIAN_POINT('',(-1.2,-0.72,4.E-02));
#10001 = CIRCLE('',#10002,4.E-02);
#10002 = AXIS2_PLACEMENT_3D('',#10003,#10004,#10005);
#10003 = CARTESIAN_POINT('',(-1.2,-0.72,8.E-02));
#10004 = DIRECTION('',(1.,0.,-0.));
#10005 = DIRECTION('',(0.,0.,1.));
#10006 = ORIENTED_EDGE('',*,*,#10007,.T.);
#10007 = EDGE_CURVE('',#9997,#10008,#10010,.T.);
#10008 = VERTEX_POINT('',#10009);
#10009 = CARTESIAN_POINT('',(-1.2,-0.76,1.52));
#10010 = LINE('',#10011,#10012);
#10011 = CARTESIAN_POINT('',(-1.2,-0.76,4.E-02));
#10012 = VECTOR('',#10013,1.);
#10013 = DIRECTION('',(0.,0.,1.));
#10014 = ORIENTED_EDGE('',*,*,#10015,.T.);
#10015 = EDGE_CURVE('',#10008,#10016,#10018,.T.);
#10016 = VERTEX_POINT('',#10017);
#10017 = CARTESIAN_POINT('',(-1.2,-0.72,1.56));
#10018 = CIRCLE('',#10019,4.E-02);
#10019 = AXIS2_PLACEMENT_3D('',#10020,#10021,#10022);
#10020 = CARTESIAN_POINT('',(-1.2,-0.72,1.52));
#10021 = DIRECTION('',(-1.,0.,0.));
#10022 = DIRECTION('',(0.,0.,1.));
#10023 = ORIENTED_EDGE('',*,*,#10024,.T.);
#10024 = EDGE_CURVE('',#10016,#10025,#10027,.T.);
#10025 = VERTEX_POINT('',#10026);
#10026 = CARTESIAN_POINT('',(-1.2,0.72,1.56));
#10027 = LINE('',#10028,#10029);
#10028 = CARTESIAN_POINT('',(-1.2,-0.76,1.56));
#10029 = VECTOR('',#10030,1.);
#10030 = DIRECTION('',(0.,1.,0.));
#10031 = ORIENTED_EDGE('',*,*,#10032,.F.);
#10032 = EDGE_CURVE('',#10033,#10025,#10035,.T.);
#10033 = VERTEX_POINT('',#10034);
#10034 = CARTESIAN_POINT('',(-1.2,0.76,1.52));
#10035 = CIRCLE('',#10036,4.E-02);
#10036 = AXIS2_PLACEMENT_3D('',#10037,#10038,#10039);
#10037 = CARTESIAN_POINT('',(-1.2,0.72,1.52));
#10038 = DIRECTION('',(1.,0.,-0.));
#10039 = DIRECTION('',(0.,0.,1.));
#10040 = ORIENTED_EDGE('',*,*,#10041,.F.);
#10041 = EDGE_CURVE('',#10042,#10033,#10044,.T.);
#10042 = VERTEX_POINT('',#10043);
#10043 = CARTESIAN_POINT('',(-1.2,0.76,8.E-02));
#10044 = LINE('',#10045,#10046);
#10045 = CARTESIAN_POINT('',(-1.2,0.76,4.E-02));
#10046 = VECTOR('',#10047,1.);
#10047 = DIRECTION('',(0.,0.,1.));
#10048 = ORIENTED_EDGE('',*,*,#10049,.T.);
#10049 = EDGE_CURVE('',#10042,#10050,#10052,.T.);
#10050 = VERTEX_POINT('',#10051);
#10051 = CARTESIAN_POINT('',(-1.2,0.72,4.E-02));
#10052 = CIRCLE('',#10053,4.E-02);
#10053 = AXIS2_PLACEMENT_3D('',#10054,#10055,#10056);
#10054 = CARTESIAN_POINT('',(-1.2,0.72,8.E-02));
#10055 = DIRECTION('',(-1.,0.,0.));
#10056 = DIRECTION('',(0.,0.,1.));
#10057 = ORIENTED_EDGE('',*,*,#10058,.F.);
#10058 = EDGE_CURVE('',#9999,#10050,#10059,.T.);
#10059 = LINE('',#10060,#10061);
#10060 = CARTESIAN_POINT('',(-1.2,-0.76,4.E-02));
#10061 = VECTOR('',#10062,1.);
#10062 = DIRECTION('',(0.,1.,0.));
#10063 = PLANE('',#10064);
#10064 = AXIS2_PLACEMENT_3D('',#10065,#10066,#10067);
#10065 = CARTESIAN_POINT('',(-1.2,-0.8,0.));
#10066 = DIRECTION('',(1.,0.,0.));
#10067 = DIRECTION('',(0.,0.,1.));
#10068 = ADVANCED_FACE('',(#10069),#10095,.T.);
#10069 = FACE_BOUND('',#10070,.T.);
#10070 = EDGE_LOOP('',(#10071,#10072,#10080,#10089));
#10071 = ORIENTED_EDGE('',*,*,#9996,.T.);
#10072 = ORIENTED_EDGE('',*,*,#10073,.T.);
#10073 = EDGE_CURVE('',#9999,#10074,#10076,.T.);
#10074 = VERTEX_POINT('',#10075);
#10075 = CARTESIAN_POINT('',(1.2,-0.72,4.E-02));
#10076 = LINE('',#10077,#10078);
#10077 = CARTESIAN_POINT('',(-1.2,-0.72,4.E-02));
#10078 = VECTOR('',#10079,1.);
#10079 = DIRECTION('',(1.,0.,0.));
#10080 = ORIENTED_EDGE('',*,*,#10081,.F.);
#10081 = EDGE_CURVE('',#10082,#10074,#10084,.T.);
#10082 = VERTEX_POINT('',#10083);
#10083 = CARTESIAN_POINT('',(1.2,-0.76,8.E-02));
#10084 = CIRCLE('',#10085,4.E-02);
#10085 = AXIS2_PLACEMENT_3D('',#10086,#10087,#10088);
#10086 = CARTESIAN_POINT('',(1.2,-0.72,8.E-02));
#10087 = DIRECTION('',(1.,0.,-0.));
#10088 = DIRECTION('',(0.,0.,1.));
#10089 = ORIENTED_EDGE('',*,*,#10090,.F.);
#10090 = EDGE_CURVE('',#9997,#10082,#10091,.T.);
#10091 = LINE('',#10092,#10093);
#10092 = CARTESIAN_POINT('',(-1.2,-0.76,8.E-02));
#10093 = VECTOR('',#10094,1.);
#10094 = DIRECTION('',(1.,0.,0.));
#10095 = CYLINDRICAL_SURFACE('',#10096,4.E-02);
#10096 = AXIS2_PLACEMENT_3D('',#10097,#10098,#10099);
#10097 = CARTESIAN_POINT('',(-1.2,-0.72,8.E-02));
#10098 = DIRECTION('',(1.,0.,0.));
#10099 = DIRECTION('',(0.,-1.,0.));
#10100 = ADVANCED_FACE('',(#10101),#10119,.F.);
#10101 = FACE_BOUND('',#10102,.F.);
#10102 = EDGE_LOOP('',(#10103,#10104,#10105,#10113));
#10103 = ORIENTED_EDGE('',*,*,#10058,.F.);
#10104 = ORIENTED_EDGE('',*,*,#10073,.T.);
#10105 = ORIENTED_EDGE('',*,*,#10106,.T.);
#10106 = EDGE_CURVE('',#10074,#10107,#10109,.T.);
#10107 = VERTEX_POINT('',#10108);
#10108 = CARTESIAN_POINT('',(1.2,0.72,4.E-02));
#10109 = LINE('',#10110,#10111);
#10110 = CARTESIAN_POINT('',(1.2,-0.76,4.E-02));
#10111 = VECTOR('',#10112,1.);
#10112 = DIRECTION('',(0.,1.,0.));
#10113 = ORIENTED_EDGE('',*,*,#10114,.F.);
#10114 = EDGE_CURVE('',#10050,#10107,#10115,.T.);
#10115 = LINE('',#10116,#10117);
#10116 = CARTESIAN_POINT('',(-1.2,0.72,4.E-02));
#10117 = VECTOR('',#10118,1.);
#10118 = DIRECTION('',(1.,0.,0.));
#10119 = PLANE('',#10120);
#10120 = AXIS2_PLACEMENT_3D('',#10121,#10122,#10123);
#10121 = CARTESIAN_POINT('',(-1.2,-0.76,4.E-02));
#10122 = DIRECTION('',(0.,0.,1.));
#10123 = DIRECTION('',(1.,0.,-0.));
#10124 = ADVANCED_FACE('',(#10125),#10144,.T.);
#10125 = FACE_BOUND('',#10126,.T.);
#10126 = EDGE_LOOP('',(#10127,#10135,#10142,#10143));
#10127 = ORIENTED_EDGE('',*,*,#10128,.T.);
#10128 = EDGE_CURVE('',#10042,#10129,#10131,.T.);
#10129 = VERTEX_POINT('',#10130);
#10130 = CARTESIAN_POINT('',(1.2,0.76,8.E-02));
#10131 = LINE('',#10132,#10133);
#10132 = CARTESIAN_POINT('',(-1.2,0.76,8.E-02));
#10133 = VECTOR('',#10134,1.);
#10134 = DIRECTION('',(1.,0.,0.));
#10135 = ORIENTED_EDGE('',*,*,#10136,.T.);
#10136 = EDGE_CURVE('',#10129,#10107,#10137,.T.);
#10137 = CIRCLE('',#10138,4.E-02);
#10138 = AXIS2_PLACEMENT_3D('',#10139,#10140,#10141);
#10139 = CARTESIAN_POINT('',(1.2,0.72,8.E-02));
#10140 = DIRECTION('',(-1.,0.,0.));
#10141 = DIRECTION('',(0.,0.,1.));
#10142 = ORIENTED_EDGE('',*,*,#10114,.F.);
#10143 = ORIENTED_EDGE('',*,*,#10049,.F.);
#10144 = CYLINDRICAL_SURFACE('',#10145,4.E-02);
#10145 = AXIS2_PLACEMENT_3D('',#10146,#10147,#10148);
#10146 = CARTESIAN_POINT('',(-1.2,0.72,8.E-02));
#10147 = DIRECTION('',(1.,0.,0.));
#10148 = DIRECTION('',(-0.,1.,0.));
#10149 = ADVANCED_FACE('',(#10150),#10168,.T.);
#10150 = FACE_BOUND('',#10151,.T.);
#10151 = EDGE_LOOP('',(#10152,#10160,#10161,#10162));
#10152 = ORIENTED_EDGE('',*,*,#10153,.F.);
#10153 = EDGE_CURVE('',#10129,#10154,#10156,.T.);
#10154 = VERTEX_POINT('',#10155);
#10155 = CARTESIAN_POINT('',(1.2,0.76,1.52));
#10156 = LINE('',#10157,#10158);
#10157 = CARTESIAN_POINT('',(1.2,0.76,4.E-02));
#10158 = VECTOR('',#10159,1.);
#10159 = DIRECTION('',(0.,0.,1.));
#10160 = ORIENTED_EDGE('',*,*,#10128,.F.);
#10161 = ORIENTED_EDGE('',*,*,#10041,.T.);
#10162 = ORIENTED_EDGE('',*,*,#10163,.T.);
#10163 = EDGE_CURVE('',#10033,#10154,#10164,.T.);
#10164 = LINE('',#10165,#10166);
#10165 = CARTESIAN_POINT('',(-1.2,0.76,1.52));
#10166 = VECTOR('',#10167,1.);
#10167 = DIRECTION('',(1.,0.,0.));
#10168 = PLANE('',#10169);
#10169 = AXIS2_PLACEMENT_3D('',#10170,#10171,#10172);
#10170 = CARTESIAN_POINT('',(-1.2,0.76,4.E-02));
#10171 = DIRECTION('',(0.,1.,0.));
#10172 = DIRECTION('',(0.,-0.,1.));
#10173 = ADVANCED_FACE('',(#10174),#10193,.T.);
#10174 = FACE_BOUND('',#10175,.T.);
#10175 = EDGE_LOOP('',(#10176,#10177,#10185,#10192));
#10176 = ORIENTED_EDGE('',*,*,#10032,.T.);
#10177 = ORIENTED_EDGE('',*,*,#10178,.T.);
#10178 = EDGE_CURVE('',#10025,#10179,#10181,.T.);
#10179 = VERTEX_POINT('',#10180);
#10180 = CARTESIAN_POINT('',(1.2,0.72,1.56));
#10181 = LINE('',#10182,#10183);
#10182 = CARTESIAN_POINT('',(-1.2,0.72,1.56));
#10183 = VECTOR('',#10184,1.);
#10184 = DIRECTION('',(1.,0.,0.));
#10185 = ORIENTED_EDGE('',*,*,#10186,.F.);
#10186 = EDGE_CURVE('',#10154,#10179,#10187,.T.);
#10187 = CIRCLE('',#10188,4.E-02);
#10188 = AXIS2_PLACEMENT_3D('',#10189,#10190,#10191);
#10189 = CARTESIAN_POINT('',(1.2,0.72,1.52));
#10190 = DIRECTION('',(1.,0.,-0.));
#10191 = DIRECTION('',(0.,0.,1.));
#10192 = ORIENTED_EDGE('',*,*,#10163,.F.);
#10193 = CYLINDRICAL_SURFACE('',#10194,4.E-02);
#10194 = AXIS2_PLACEMENT_3D('',#10195,#10196,#10197);
#10195 = CARTESIAN_POINT('',(-1.2,0.72,1.52));
#10196 = DIRECTION('',(1.,0.,0.));
#10197 = DIRECTION('',(-0.,1.,0.));
#10198 = ADVANCED_FACE('',(#10199),#10217,.T.);
#10199 = FACE_BOUND('',#10200,.T.);
#10200 = EDGE_LOOP('',(#10201,#10202,#10210,#10216));
#10201 = ORIENTED_EDGE('',*,*,#10024,.F.);
#10202 = ORIENTED_EDGE('',*,*,#10203,.T.);
#10203 = EDGE_CURVE('',#10016,#10204,#10206,.T.);
#10204 = VERTEX_POINT('',#10205);
#10205 = CARTESIAN_POINT('',(1.2,-0.72,1.56));
#10206 = LINE('',#10207,#10208);
#10207 = CARTESIAN_POINT('',(-1.2,-0.72,1.56));
#10208 = VECTOR('',#10209,1.);
#10209 = DIRECTION('',(1.,0.,0.));
#10210 = ORIENTED_EDGE('',*,*,#10211,.T.);
#10211 = EDGE_CURVE('',#10204,#10179,#10212,.T.);
#10212 = LINE('',#10213,#10214);
#10213 = CARTESIAN_POINT('',(1.2,-0.76,1.56));
#10214 = VECTOR('',#10215,1.);
#10215 = DIRECTION('',(0.,1.,0.));
#10216 = ORIENTED_EDGE('',*,*,#10178,.F.);
#10217 = PLANE('',#10218);
#10218 = AXIS2_PLACEMENT_3D('',#10219,#10220,#10221);
#10219 = CARTESIAN_POINT('',(-1.2,-0.76,1.56));
#10220 = DIRECTION('',(0.,0.,1.));
#10221 = DIRECTION('',(1.,0.,-0.));
#10222 = ADVANCED_FACE('',(#10223),#10242,.T.);
#10223 = FACE_BOUND('',#10224,.T.);
#10224 = EDGE_LOOP('',(#10225,#10233,#10240,#10241));
#10225 = ORIENTED_EDGE('',*,*,#10226,.T.);
#10226 = EDGE_CURVE('',#10008,#10227,#10229,.T.);
#10227 = VERTEX_POINT('',#10228);
#10228 = CARTESIAN_POINT('',(1.2,-0.76,1.52));
#10229 = LINE('',#10230,#10231);
#10230 = CARTESIAN_POINT('',(-1.2,-0.76,1.52));
#10231 = VECTOR('',#10232,1.);
#10232 = DIRECTION('',(1.,0.,0.));
#10233 = ORIENTED_EDGE('',*,*,#10234,.T.);
#10234 = EDGE_CURVE('',#10227,#10204,#10235,.T.);
#10235 = CIRCLE('',#10236,4.E-02);
#10236 = AXIS2_PLACEMENT_3D('',#10237,#10238,#10239);
#10237 = CARTESIAN_POINT('',(1.2,-0.72,1.52));
#10238 = DIRECTION('',(-1.,0.,0.));
#10239 = DIRECTION('',(0.,0.,1.));
#10240 = ORIENTED_EDGE('',*,*,#10203,.F.);
#10241 = ORIENTED_EDGE('',*,*,#10015,.F.);
#10242 = CYLINDRICAL_SURFACE('',#10243,4.E-02);
#10243 = AXIS2_PLACEMENT_3D('',#10244,#10245,#10246);
#10244 = CARTESIAN_POINT('',(-1.2,-0.72,1.52));
#10245 = DIRECTION('',(1.,0.,0.));
#10246 = DIRECTION('',(0.,-1.,0.));
#10247 = ADVANCED_FACE('',(#10248),#10259,.F.);
#10248 = FACE_BOUND('',#10249,.F.);
#10249 = EDGE_LOOP('',(#10250,#10256,#10257,#10258));
#10250 = ORIENTED_EDGE('',*,*,#10251,.F.);
#10251 = EDGE_CURVE('',#10082,#10227,#10252,.T.);
#10252 = LINE('',#10253,#10254);
#10253 = CARTESIAN_POINT('',(1.2,-0.76,4.E-02));
#10254 = VECTOR('',#10255,1.);
#10255 = DIRECTION('',(0.,0.,1.));
#10256 = ORIENTED_EDGE('',*,*,#10090,.F.);
#10257 = ORIENTED_EDGE('',*,*,#10007,.T.);
#10258 = ORIENTED_EDGE('',*,*,#10226,.T.);
#10259 = PLANE('',#10260);
#10260 = AXIS2_PLACEMENT_3D('',#10261,#10262,#10263);
#10261 = CARTESIAN_POINT('',(-1.2,-0.76,4.E-02));
#10262 = DIRECTION('',(0.,1.,0.));
#10263 = DIRECTION('',(0.,-0.,1.));
#10264 = ADVANCED_FACE('',(#10265,#10335),#10345,.F.);
#10265 = FACE_BOUND('',#10266,.F.);
#10266 = EDGE_LOOP('',(#10267,#10277,#10286,#10294,#10303,#10311,#10320,
    #10328));
#10267 = ORIENTED_EDGE('',*,*,#10268,.F.);
#10268 = EDGE_CURVE('',#10269,#10271,#10273,.T.);
#10269 = VERTEX_POINT('',#10270);
#10270 = CARTESIAN_POINT('',(1.2,-0.8,4.E-02));
#10271 = VERTEX_POINT('',#10272);
#10272 = CARTESIAN_POINT('',(1.2,-0.8,1.56));
#10273 = LINE('',#10274,#10275);
#10274 = CARTESIAN_POINT('',(1.2,-0.8,0.));
#10275 = VECTOR('',#10276,1.);
#10276 = DIRECTION('',(0.,0.,1.));
#10277 = ORIENTED_EDGE('',*,*,#10278,.T.);
#10278 = EDGE_CURVE('',#10269,#10279,#10281,.T.);
#10279 = VERTEX_POINT('',#10280);
#10280 = CARTESIAN_POINT('',(1.2,-0.76,0.));
#10281 = CIRCLE('',#10282,4.E-02);
#10282 = AXIS2_PLACEMENT_3D('',#10283,#10284,#10285);
#10283 = CARTESIAN_POINT('',(1.2,-0.76,4.E-02));
#10284 = DIRECTION('',(1.,0.,-0.));
#10285 = DIRECTION('',(0.,0.,1.));
#10286 = ORIENTED_EDGE('',*,*,#10287,.T.);
#10287 = EDGE_CURVE('',#10279,#10288,#10290,.T.);
#10288 = VERTEX_POINT('',#10289);
#10289 = CARTESIAN_POINT('',(1.2,0.76,0.));
#10290 = LINE('',#10291,#10292);
#10291 = CARTESIAN_POINT('',(1.2,-0.8,0.));
#10292 = VECTOR('',#10293,1.);
#10293 = DIRECTION('',(0.,1.,0.));
#10294 = ORIENTED_EDGE('',*,*,#10295,.F.);
#10295 = EDGE_CURVE('',#10296,#10288,#10298,.T.);
#10296 = VERTEX_POINT('',#10297);
#10297 = CARTESIAN_POINT('',(1.2,0.8,4.E-02));
#10298 = CIRCLE('',#10299,4.E-02);
#10299 = AXIS2_PLACEMENT_3D('',#10300,#10301,#10302);
#10300 = CARTESIAN_POINT('',(1.2,0.76,4.E-02));
#10301 = DIRECTION('',(-1.,0.,0.));
#10302 = DIRECTION('',(0.,0.,1.));
#10303 = ORIENTED_EDGE('',*,*,#10304,.T.);
#10304 = EDGE_CURVE('',#10296,#10305,#10307,.T.);
#10305 = VERTEX_POINT('',#10306);
#10306 = CARTESIAN_POINT('',(1.2,0.8,1.56));
#10307 = LINE('',#10308,#10309);
#10308 = CARTESIAN_POINT('',(1.2,0.8,0.));
#10309 = VECTOR('',#10310,1.);
#10310 = DIRECTION('',(0.,0.,1.));
#10311 = ORIENTED_EDGE('',*,*,#10312,.T.);
#10312 = EDGE_CURVE('',#10305,#10313,#10315,.T.);
#10313 = VERTEX_POINT('',#10314);
#10314 = CARTESIAN_POINT('',(1.2,0.76,1.6));
#10315 = CIRCLE('',#10316,4.E-02);
#10316 = AXIS2_PLACEMENT_3D('',#10317,#10318,#10319);
#10317 = CARTESIAN_POINT('',(1.2,0.76,1.56));
#10318 = DIRECTION('',(1.,0.,-0.));
#10319 = DIRECTION('',(0.,0.,1.));
#10320 = ORIENTED_EDGE('',*,*,#10321,.F.);
#10321 = EDGE_CURVE('',#10322,#10313,#10324,.T.);
#10322 = VERTEX_POINT('',#10323);
#10323 = CARTESIAN_POINT('',(1.2,-0.76,1.6));
#10324 = LINE('',#10325,#10326);
#10325 = CARTESIAN_POINT('',(1.2,-0.8,1.6));
#10326 = VECTOR('',#10327,1.);
#10327 = DIRECTION('',(0.,1.,0.));
#10328 = ORIENTED_EDGE('',*,*,#10329,.F.);
#10329 = EDGE_CURVE('',#10271,#10322,#10330,.T.);
#10330 = CIRCLE('',#10331,4.E-02);
#10331 = AXIS2_PLACEMENT_3D('',#10332,#10333,#10334);
#10332 = CARTESIAN_POINT('',(1.2,-0.76,1.56));
#10333 = DIRECTION('',(-1.,0.,0.));
#10334 = DIRECTION('',(0.,0.,1.));
#10335 = FACE_BOUND('',#10336,.F.);
#10336 = EDGE_LOOP('',(#10337,#10338,#10339,#10340,#10341,#10342,#10343,
    #10344));
#10337 = ORIENTED_EDGE('',*,*,#10081,.F.);
#10338 = ORIENTED_EDGE('',*,*,#10251,.T.);
#10339 = ORIENTED_EDGE('',*,*,#10234,.T.);
#10340 = ORIENTED_EDGE('',*,*,#10211,.T.);
#10341 = ORIENTED_EDGE('',*,*,#10186,.F.);
#10342 = ORIENTED_EDGE('',*,*,#10153,.F.);
#10343 = ORIENTED_EDGE('',*,*,#10136,.T.);
#10344 = ORIENTED_EDGE('',*,*,#10106,.F.);
#10345 = PLANE('',#10346);
#10346 = AXIS2_PLACEMENT_3D('',#10347,#10348,#10349);
#10347 = CARTESIAN_POINT('',(1.2,-0.8,0.));
#10348 = DIRECTION('',(1.,0.,0.));
#10349 = DIRECTION('',(0.,0.,1.));
#10350 = ADVANCED_FACE('',(#10351),#10376,.F.);
#10351 = FACE_BOUND('',#10352,.F.);
#10352 = EDGE_LOOP('',(#10353,#10363,#10369,#10370));
#10353 = ORIENTED_EDGE('',*,*,#10354,.F.);
#10354 = EDGE_CURVE('',#10355,#10357,#10359,.T.);
#10355 = VERTEX_POINT('',#10356);
#10356 = CARTESIAN_POINT('',(1.6,-0.8,4.E-02));
#10357 = VERTEX_POINT('',#10358);
#10358 = CARTESIAN_POINT('',(1.6,-0.8,1.56));
#10359 = LINE('',#10360,#10361);
#10360 = CARTESIAN_POINT('',(1.6,-0.8,0.));
#10361 = VECTOR('',#10362,1.);
#10362 = DIRECTION('',(0.,0.,1.));
#10363 = ORIENTED_EDGE('',*,*,#10364,.F.);
#10364 = EDGE_CURVE('',#10269,#10355,#10365,.T.);
#10365 = LINE('',#10366,#10367);
#10366 = CARTESIAN_POINT('',(1.2,-0.8,4.E-02));
#10367 = VECTOR('',#10368,1.);
#10368 = DIRECTION('',(1.,0.,0.));
#10369 = ORIENTED_EDGE('',*,*,#10268,.T.);
#10370 = ORIENTED_EDGE('',*,*,#10371,.T.);
#10371 = EDGE_CURVE('',#10271,#10357,#10372,.T.);
#10372 = LINE('',#10373,#10374);
#10373 = CARTESIAN_POINT('',(1.2,-0.8,1.56));
#10374 = VECTOR('',#10375,1.);
#10375 = DIRECTION('',(1.,0.,0.));
#10376 = PLANE('',#10377);
#10377 = AXIS2_PLACEMENT_3D('',#10378,#10379,#10380);
#10378 = CARTESIAN_POINT('',(1.2,-0.8,0.));
#10379 = DIRECTION('',(0.,1.,0.));
#10380 = DIRECTION('',(0.,-0.,1.));
#10381 = ADVANCED_FACE('',(#10382),#10401,.T.);
#10382 = FACE_BOUND('',#10383,.T.);
#10383 = EDGE_LOOP('',(#10384,#10385,#10393,#10400));
#10384 = ORIENTED_EDGE('',*,*,#10278,.T.);
#10385 = ORIENTED_EDGE('',*,*,#10386,.T.);
#10386 = EDGE_CURVE('',#10279,#10387,#10389,.T.);
#10387 = VERTEX_POINT('',#10388);
#10388 = CARTESIAN_POINT('',(1.6,-0.76,0.));
#10389 = LINE('',#10390,#10391);
#10390 = CARTESIAN_POINT('',(1.2,-0.76,0.));
#10391 = VECTOR('',#10392,1.);
#10392 = DIRECTION('',(1.,0.,0.));
#10393 = ORIENTED_EDGE('',*,*,#10394,.F.);
#10394 = EDGE_CURVE('',#10355,#10387,#10395,.T.);
#10395 = CIRCLE('',#10396,4.E-02);
#10396 = AXIS2_PLACEMENT_3D('',#10397,#10398,#10399);
#10397 = CARTESIAN_POINT('',(1.6,-0.76,4.E-02));
#10398 = DIRECTION('',(1.,0.,-0.));
#10399 = DIRECTION('',(0.,0.,1.));
#10400 = ORIENTED_EDGE('',*,*,#10364,.F.);
#10401 = CYLINDRICAL_SURFACE('',#10402,4.E-02);
#10402 = AXIS2_PLACEMENT_3D('',#10403,#10404,#10405);
#10403 = CARTESIAN_POINT('',(1.2,-0.76,4.E-02));
#10404 = DIRECTION('',(1.,0.,0.));
#10405 = DIRECTION('',(0.,-1.,0.));
#10406 = ADVANCED_FACE('',(#10407),#10426,.T.);
#10407 = FACE_BOUND('',#10408,.T.);
#10408 = EDGE_LOOP('',(#10409,#10410,#10419,#10425));
#10409 = ORIENTED_EDGE('',*,*,#10371,.T.);
#10410 = ORIENTED_EDGE('',*,*,#10411,.T.);
#10411 = EDGE_CURVE('',#10357,#10412,#10414,.T.);
#10412 = VERTEX_POINT('',#10413);
#10413 = CARTESIAN_POINT('',(1.6,-0.76,1.6));
#10414 = CIRCLE('',#10415,4.E-02);
#10415 = AXIS2_PLACEMENT_3D('',#10416,#10417,#10418);
#10416 = CARTESIAN_POINT('',(1.6,-0.76,1.56));
#10417 = DIRECTION('',(-1.,0.,0.));
#10418 = DIRECTION('',(0.,0.,1.));
#10419 = ORIENTED_EDGE('',*,*,#10420,.F.);
#10420 = EDGE_CURVE('',#10322,#10412,#10421,.T.);
#10421 = LINE('',#10422,#10423);
#10422 = CARTESIAN_POINT('',(1.2,-0.76,1.6));
#10423 = VECTOR('',#10424,1.);
#10424 = DIRECTION('',(1.,0.,0.));
#10425 = ORIENTED_EDGE('',*,*,#10329,.F.);
#10426 = CYLINDRICAL_SURFACE('',#10427,4.E-02);
#10427 = AXIS2_PLACEMENT_3D('',#10428,#10429,#10430);
#10428 = CARTESIAN_POINT('',(1.2,-0.76,1.56));
#10429 = DIRECTION('',(1.,0.,0.));
#10430 = DIRECTION('',(0.,-1.,0.));
#10431 = ADVANCED_FACE('',(#10432),#10450,.F.);
#10432 = FACE_BOUND('',#10433,.F.);
#10433 = EDGE_LOOP('',(#10434,#10435,#10436,#10444));
#10434 = ORIENTED_EDGE('',*,*,#10287,.F.);
#10435 = ORIENTED_EDGE('',*,*,#10386,.T.);
#10436 = ORIENTED_EDGE('',*,*,#10437,.T.);
#10437 = EDGE_CURVE('',#10387,#10438,#10440,.T.);
#10438 = VERTEX_POINT('',#10439);
#10439 = CARTESIAN_POINT('',(1.6,0.76,0.));
#10440 = LINE('',#10441,#10442);
#10441 = CARTESIAN_POINT('',(1.6,-0.8,0.));
#10442 = VECTOR('',#10443,1.);
#10443 = DIRECTION('',(0.,1.,0.));
#10444 = ORIENTED_EDGE('',*,*,#10445,.F.);
#10445 = EDGE_CURVE('',#10288,#10438,#10446,.T.);
#10446 = LINE('',#10447,#10448);
#10447 = CARTESIAN_POINT('',(1.2,0.76,0.));
#10448 = VECTOR('',#10449,1.);
#10449 = DIRECTION('',(1.,0.,0.));
#10450 = PLANE('',#10451);
#10451 = AXIS2_PLACEMENT_3D('',#10452,#10453,#10454);
#10452 = CARTESIAN_POINT('',(1.2,-0.8,0.));
#10453 = DIRECTION('',(0.,0.,1.));
#10454 = DIRECTION('',(1.,0.,-0.));
#10455 = ADVANCED_FACE('',(#10456),#10474,.T.);
#10456 = FACE_BOUND('',#10457,.T.);
#10457 = EDGE_LOOP('',(#10458,#10459,#10460,#10468));
#10458 = ORIENTED_EDGE('',*,*,#10321,.F.);
#10459 = ORIENTED_EDGE('',*,*,#10420,.T.);
#10460 = ORIENTED_EDGE('',*,*,#10461,.T.);
#10461 = EDGE_CURVE('',#10412,#10462,#10464,.T.);
#10462 = VERTEX_POINT('',#10463);
#10463 = CARTESIAN_POINT('',(1.6,0.76,1.6));
#10464 = LINE('',#10465,#10466);
#10465 = CARTESIAN_POINT('',(1.6,-0.8,1.6));
#10466 = VECTOR('',#10467,1.);
#10467 = DIRECTION('',(0.,1.,0.));
#10468 = ORIENTED_EDGE('',*,*,#10469,.F.);
#10469 = EDGE_CURVE('',#10313,#10462,#10470,.T.);
#10470 = LINE('',#10471,#10472);
#10471 = CARTESIAN_POINT('',(1.2,0.76,1.6));
#10472 = VECTOR('',#10473,1.);
#10473 = DIRECTION('',(1.,0.,0.));
#10474 = PLANE('',#10475);
#10475 = AXIS2_PLACEMENT_3D('',#10476,#10477,#10478);
#10476 = CARTESIAN_POINT('',(1.2,-0.8,1.6));
#10477 = DIRECTION('',(0.,0.,1.));
#10478 = DIRECTION('',(1.,0.,-0.));
#10479 = ADVANCED_FACE('',(#10480),#10499,.T.);
#10480 = FACE_BOUND('',#10481,.T.);
#10481 = EDGE_LOOP('',(#10482,#10490,#10497,#10498));
#10482 = ORIENTED_EDGE('',*,*,#10483,.T.);
#10483 = EDGE_CURVE('',#10296,#10484,#10486,.T.);
#10484 = VERTEX_POINT('',#10485);
#10485 = CARTESIAN_POINT('',(1.6,0.8,4.E-02));
#10486 = LINE('',#10487,#10488);
#10487 = CARTESIAN_POINT('',(1.2,0.8,4.E-02));
#10488 = VECTOR('',#10489,1.);
#10489 = DIRECTION('',(1.,0.,0.));
#10490 = ORIENTED_EDGE('',*,*,#10491,.T.);
#10491 = EDGE_CURVE('',#10484,#10438,#10492,.T.);
#10492 = CIRCLE('',#10493,4.E-02);
#10493 = AXIS2_PLACEMENT_3D('',#10494,#10495,#10496);
#10494 = CARTESIAN_POINT('',(1.6,0.76,4.E-02));
#10495 = DIRECTION('',(-1.,0.,0.));
#10496 = DIRECTION('',(0.,0.,1.));
#10497 = ORIENTED_EDGE('',*,*,#10445,.F.);
#10498 = ORIENTED_EDGE('',*,*,#10295,.F.);
#10499 = CYLINDRICAL_SURFACE('',#10500,4.E-02);
#10500 = AXIS2_PLACEMENT_3D('',#10501,#10502,#10503);
#10501 = CARTESIAN_POINT('',(1.2,0.76,4.E-02));
#10502 = DIRECTION('',(1.,0.,0.));
#10503 = DIRECTION('',(-0.,1.,0.));
#10504 = ADVANCED_FACE('',(#10505),#10524,.T.);
#10505 = FACE_BOUND('',#10506,.T.);
#10506 = EDGE_LOOP('',(#10507,#10508,#10509,#10518));
#10507 = ORIENTED_EDGE('',*,*,#10312,.T.);
#10508 = ORIENTED_EDGE('',*,*,#10469,.T.);
#10509 = ORIENTED_EDGE('',*,*,#10510,.F.);
#10510 = EDGE_CURVE('',#10511,#10462,#10513,.T.);
#10511 = VERTEX_POINT('',#10512);
#10512 = CARTESIAN_POINT('',(1.6,0.8,1.56));
#10513 = CIRCLE('',#10514,4.E-02);
#10514 = AXIS2_PLACEMENT_3D('',#10515,#10516,#10517);
#10515 = CARTESIAN_POINT('',(1.6,0.76,1.56));
#10516 = DIRECTION('',(1.,0.,-0.));
#10517 = DIRECTION('',(0.,0.,1.));
#10518 = ORIENTED_EDGE('',*,*,#10519,.F.);
#10519 = EDGE_CURVE('',#10305,#10511,#10520,.T.);
#10520 = LINE('',#10521,#10522);
#10521 = CARTESIAN_POINT('',(1.2,0.8,1.56));
#10522 = VECTOR('',#10523,1.);
#10523 = DIRECTION('',(1.,0.,0.));
#10524 = CYLINDRICAL_SURFACE('',#10525,4.E-02);
#10525 = AXIS2_PLACEMENT_3D('',#10526,#10527,#10528);
#10526 = CARTESIAN_POINT('',(1.2,0.76,1.56));
#10527 = DIRECTION('',(1.,0.,0.));
#10528 = DIRECTION('',(-0.,1.,0.));
#10529 = ADVANCED_FACE('',(#10530),#10541,.T.);
#10530 = FACE_BOUND('',#10531,.T.);
#10531 = EDGE_LOOP('',(#10532,#10538,#10539,#10540));
#10532 = ORIENTED_EDGE('',*,*,#10533,.F.);
#10533 = EDGE_CURVE('',#10484,#10511,#10534,.T.);
#10534 = LINE('',#10535,#10536);
#10535 = CARTESIAN_POINT('',(1.6,0.8,0.));
#10536 = VECTOR('',#10537,1.);
#10537 = DIRECTION('',(0.,0.,1.));
#10538 = ORIENTED_EDGE('',*,*,#10483,.F.);
#10539 = ORIENTED_EDGE('',*,*,#10304,.T.);
#10540 = ORIENTED_EDGE('',*,*,#10519,.T.);
#10541 = PLANE('',#10542);
#10542 = AXIS2_PLACEMENT_3D('',#10543,#10544,#10545);
#10543 = CARTESIAN_POINT('',(1.2,0.8,0.));
#10544 = DIRECTION('',(0.,1.,0.));
#10545 = DIRECTION('',(0.,-0.,1.));
#10546 = ADVANCED_FACE('',(#10547),#10557,.T.);
#10547 = FACE_BOUND('',#10548,.T.);
#10548 = EDGE_LOOP('',(#10549,#10550,#10551,#10552,#10553,#10554,#10555,
    #10556));
#10549 = ORIENTED_EDGE('',*,*,#10354,.F.);
#10550 = ORIENTED_EDGE('',*,*,#10394,.T.);
#10551 = ORIENTED_EDGE('',*,*,#10437,.T.);
#10552 = ORIENTED_EDGE('',*,*,#10491,.F.);
#10553 = ORIENTED_EDGE('',*,*,#10533,.T.);
#10554 = ORIENTED_EDGE('',*,*,#10510,.T.);
#10555 = ORIENTED_EDGE('',*,*,#10461,.F.);
#10556 = ORIENTED_EDGE('',*,*,#10411,.F.);
#10557 = PLANE('',#10558);
#10558 = AXIS2_PLACEMENT_3D('',#10559,#10560,#10561);
#10559 = CARTESIAN_POINT('',(1.6,-0.8,0.));
#10560 = DIRECTION('',(1.,0.,0.));
#10561 = DIRECTION('',(0.,0.,1.));
#10562 = ( GEOMETRIC_REPRESENTATION_CONTEXT(3) 
GLOBAL_UNCERTAINTY_ASSIGNED_CONTEXT((#10566)) 
GLOBAL_UNIT_ASSIGNED_CONTEXT((#10563,#10564,#10565)) 
REPRESENTATION_CONTEXT('Context #1',
  '3D Context with UNIT and UNCERTAINTY') );
#10563 = ( LENGTH_UNIT() NAMED_UNIT(*) SI_UNIT(.MILLI.,.METRE.) );
#10564 = ( NAMED_UNIT(*) PLANE_ANGLE_UNIT() SI_UNIT($,.RADIAN.) );
#10565 = ( NAMED_UNIT(*) SI_UNIT($,.STERADIAN.) SOLID_ANGLE_UNIT() );
#10566 = UNCERTAINTY_MEASURE_WITH_UNIT(LENGTH_MEASURE(1.E-07),#10563,
  'distance_accuracy_value','confusion accuracy');
#10567 = CONTEXT_DEPENDENT_SHAPE_REPRESENTATION(#10568,#10570);
#10568 = ( REPRESENTATION_RELATIONSHIP('','',#9707,#9684) 
REPRESENTATION_RELATIONSHIP_WITH_TRANSFORMATION(#10569) 
SHAPE_REPRESENTATION_RELATIONSHIP() );
#10569 = ITEM_DEFINED_TRANSFORMATION('','',#11,#9685);
#10570 = PRODUCT_DEFINITION_SHAPE('Placement','Placement of an item',
  #10571);
#10571 = NEXT_ASSEMBLY_USAGE_OCCURRENCE('13','=>[0:1:1:11]','',#9679,
  #9702,$);
#10572 = PRODUCT_RELATED_PRODUCT_CATEGORY('part',$,(#9704));
#10573 = CONTEXT_DEPENDENT_SHAPE_REPRESENTATION(#10574,#10576);
#10574 = ( REPRESENTATION_RELATIONSHIP('','',#84,#10) 
REPRESENTATION_RELATIONSHIP_WITH_TRANSFORMATION(#10575) 
SHAPE_REPRESENTATION_RELATIONSHIP() );
#10575 = ITEM_DEFINED_TRANSFORMATION('','',#11,#51);
#10576 = PRODUCT_DEFINITION_SHAPE('Placement','Placement of an item',
  #10577);
#10577 = NEXT_ASSEMBLY_USAGE_OCCURRENCE('15','C1','',#5,#79,$);
#10578 = CONTEXT_DEPENDENT_SHAPE_REPRESENTATION(#10579,#10581);
#10579 = ( REPRESENTATION_RELATIONSHIP('','',#9684,#10) 
REPRESENTATION_RELATIONSHIP_WITH_TRANSFORMATION(#10580) 
SHAPE_REPRESENTATION_RELATIONSHIP() );
#10580 = ITEM_DEFINED_TRANSFORMATION('','',#11,#55);
#10581 = PRODUCT_DEFINITION_SHAPE('Placement','Placement of an item',
  #10582);
#10582 = NEXT_ASSEMBLY_USAGE_OCCURRENCE('16','C17','',#5,#9679,$);
#10583 = CONTEXT_DEPENDENT_SHAPE_REPRESENTATION(#10584,#10586);
#10584 = ( REPRESENTATION_RELATIONSHIP('','',#5639,#10) 
REPRESENTATION_RELATIONSHIP_WITH_TRANSFORMATION(#10585) 
SHAPE_REPRESENTATION_RELATIONSHIP() );
#10585 = ITEM_DEFINED_TRANSFORMATION('','',#11,#59);
#10586 = PRODUCT_DEFINITION_SHAPE('Placement','Placement of an item',
  #10587);
#10587 = NEXT_ASSEMBLY_USAGE_OCCURRENCE('17','R23','',#5,#5634,$);
#10588 = CONTEXT_DEPENDENT_SHAPE_REPRESENTATION(#10589,#10591);
#10589 = ( REPRESENTATION_RELATIONSHIP('','',#84,#10) 
REPRESENTATION_RELATIONSHIP_WITH_TRANSFORMATION(#10590) 
SHAPE_REPRESENTATION_RELATIONSHIP() );
#10590 = ITEM_DEFINED_TRANSFORMATION('','',#11,#63);
#10591 = PRODUCT_DEFINITION_SHAPE('Placement','Placement of an item',
  #10592);
#10592 = NEXT_ASSEMBLY_USAGE_OCCURRENCE('18','C16','',#5,#79,$);
#10593 = SHAPE_DEFINITION_REPRESENTATION(#10594,#10600);
#10594 = PRODUCT_DEFINITION_SHAPE('','',#10595);
#10595 = PRODUCT_DEFINITION('design','',#10596,#10599);
#10596 = PRODUCT_DEFINITION_FORMATION('','',#10597);
#10597 = PRODUCT('middle_PCB_PCB','middle_PCB_PCB','',(#10598));
#10598 = PRODUCT_CONTEXT('',#2,'mechanical');
#10599 = PRODUCT_DEFINITION_CONTEXT('part definition',#2,'design');
#10600 = ADVANCED_BREP_SHAPE_REPRESENTATION('',(#11,#10601),#13403);
#10601 = MANIFOLD_SOLID_BREP('',#10602);
#10602 = CLOSED_SHELL('',(#10603,#10643,#10674,#10705,#11470,#12235,
    #12247,#12264,#12281,#12298,#12315,#12332,#12349,#12366,#12383,
    #12400,#12417,#12434,#12451,#12468,#12485,#12502,#12519,#12536,
    #12553,#12570,#12587,#12604,#12621,#12638,#12655,#12672,#12689,
    #12706,#12723,#12740,#12757,#12774,#12791,#12808,#12825,#12842,
    #12859,#12876,#12893,#12910,#12927,#12944,#12961,#12978,#12995,
    #13012,#13029,#13046,#13063,#13080,#13097,#13114,#13131,#13148,
    #13165,#13182,#13199,#13216,#13233,#13250,#13267,#13284,#13301,
    #13318,#13335,#13352,#13369,#13386));
#10603 = ADVANCED_FACE('',(#10604),#10638,.T.);
#10604 = FACE_BOUND('',#10605,.T.);
#10605 = EDGE_LOOP('',(#10606,#10616,#10624,#10632));
#10606 = ORIENTED_EDGE('',*,*,#10607,.T.);
#10607 = EDGE_CURVE('',#10608,#10610,#10612,.T.);
#10608 = VERTEX_POINT('',#10609);
#10609 = CARTESIAN_POINT('',(43.942,-18.6436,0.));
#10610 = VERTEX_POINT('',#10611);
#10611 = CARTESIAN_POINT('',(43.942,-18.6436,1.6));
#10612 = LINE('',#10613,#10614);
#10613 = CARTESIAN_POINT('',(43.942,-18.6436,0.));
#10614 = VECTOR('',#10615,1.);
#10615 = DIRECTION('',(0.,0.,1.));
#10616 = ORIENTED_EDGE('',*,*,#10617,.T.);
#10617 = EDGE_CURVE('',#10610,#10618,#10620,.T.);
#10618 = VERTEX_POINT('',#10619);
#10619 = CARTESIAN_POINT('',(-43.942,-18.7452,1.6));
#10620 = LINE('',#10621,#10622);
#10621 = CARTESIAN_POINT('',(43.942,-18.6436,1.6));
#10622 = VECTOR('',#10623,1.);
#10623 = DIRECTION('',(-0.999999331752,-1.156068591621E-03,0.));
#10624 = ORIENTED_EDGE('',*,*,#10625,.F.);
#10625 = EDGE_CURVE('',#10626,#10618,#10628,.T.);
#10626 = VERTEX_POINT('',#10627);
#10627 = CARTESIAN_POINT('',(-43.942,-18.7452,0.));
#10628 = LINE('',#10629,#10630);
#10629 = CARTESIAN_POINT('',(-43.942,-18.7452,0.));
#10630 = VECTOR('',#10631,1.);
#10631 = DIRECTION('',(0.,0.,1.));
#10632 = ORIENTED_EDGE('',*,*,#10633,.F.);
#10633 = EDGE_CURVE('',#10608,#10626,#10634,.T.);
#10634 = LINE('',#10635,#10636);
#10635 = CARTESIAN_POINT('',(43.942,-18.6436,0.));
#10636 = VECTOR('',#10637,1.);
#10637 = DIRECTION('',(-0.999999331752,-1.156068591621E-03,0.));
#10638 = PLANE('',#10639);
#10639 = AXIS2_PLACEMENT_3D('',#10640,#10641,#10642);
#10640 = CARTESIAN_POINT('',(43.942,-18.6436,0.));
#10641 = DIRECTION('',(1.156068591621E-03,-0.999999331752,0.));
#10642 = DIRECTION('',(-0.999999331752,-1.156068591621E-03,0.));
#10643 = ADVANCED_FACE('',(#10644),#10669,.T.);
#10644 = FACE_BOUND('',#10645,.T.);
#10645 = EDGE_LOOP('',(#10646,#10656,#10662,#10663));
#10646 = ORIENTED_EDGE('',*,*,#10647,.T.);
#10647 = EDGE_CURVE('',#10648,#10650,#10652,.T.);
#10648 = VERTEX_POINT('',#10649);
#10649 = CARTESIAN_POINT('',(43.942,18.7452,0.));
#10650 = VERTEX_POINT('',#10651);
#10651 = CARTESIAN_POINT('',(43.942,18.7452,1.6));
#10652 = LINE('',#10653,#10654);
#10653 = CARTESIAN_POINT('',(43.942,18.7452,0.));
#10654 = VECTOR('',#10655,1.);
#10655 = DIRECTION('',(0.,0.,1.));
#10656 = ORIENTED_EDGE('',*,*,#10657,.T.);
#10657 = EDGE_CURVE('',#10650,#10610,#10658,.T.);
#10658 = LINE('',#10659,#10660);
#10659 = CARTESIAN_POINT('',(43.942,18.7452,1.6));
#10660 = VECTOR('',#10661,1.);
#10661 = DIRECTION('',(0.,-1.,0.));
#10662 = ORIENTED_EDGE('',*,*,#10607,.F.);
#10663 = ORIENTED_EDGE('',*,*,#10664,.F.);
#10664 = EDGE_CURVE('',#10648,#10608,#10665,.T.);
#10665 = LINE('',#10666,#10667);
#10666 = CARTESIAN_POINT('',(43.942,18.7452,0.));
#10667 = VECTOR('',#10668,1.);
#10668 = DIRECTION('',(0.,-1.,0.));
#10669 = PLANE('',#10670);
#10670 = AXIS2_PLACEMENT_3D('',#10671,#10672,#10673);
#10671 = CARTESIAN_POINT('',(43.942,18.7452,0.));
#10672 = DIRECTION('',(1.,0.,-0.));
#10673 = DIRECTION('',(0.,-1.,0.));
#10674 = ADVANCED_FACE('',(#10675),#10700,.T.);
#10675 = FACE_BOUND('',#10676,.T.);
#10676 = EDGE_LOOP('',(#10677,#10678,#10686,#10694));
#10677 = ORIENTED_EDGE('',*,*,#10625,.T.);
#10678 = ORIENTED_EDGE('',*,*,#10679,.T.);
#10679 = EDGE_CURVE('',#10618,#10680,#10682,.T.);
#10680 = VERTEX_POINT('',#10681);
#10681 = CARTESIAN_POINT('',(-43.942,18.7452,1.6));
#10682 = LINE('',#10683,#10684);
#10683 = CARTESIAN_POINT('',(-43.942,-18.7452,1.6));
#10684 = VECTOR('',#10685,1.);
#10685 = DIRECTION('',(0.,1.,0.));
#10686 = ORIENTED_EDGE('',*,*,#10687,.F.);
#10687 = EDGE_CURVE('',#10688,#10680,#10690,.T.);
#10688 = VERTEX_POINT('',#10689);
#10689 = CARTESIAN_POINT('',(-43.942,18.7452,0.));
#10690 = LINE('',#10691,#10692);
#10691 = CARTESIAN_POINT('',(-43.942,18.7452,0.));
#10692 = VECTOR('',#10693,1.);
#10693 = DIRECTION('',(0.,0.,1.));
#10694 = ORIENTED_EDGE('',*,*,#10695,.F.);
#10695 = EDGE_CURVE('',#10626,#10688,#10696,.T.);
#10696 = LINE('',#10697,#10698);
#10697 = CARTESIAN_POINT('',(-43.942,-18.7452,0.));
#10698 = VECTOR('',#10699,1.);
#10699 = DIRECTION('',(0.,1.,0.));
#10700 = PLANE('',#10701);
#10701 = AXIS2_PLACEMENT_3D('',#10702,#10703,#10704);
#10702 = CARTESIAN_POINT('',(-43.942,-18.7452,0.));
#10703 = DIRECTION('',(-1.,0.,0.));
#10704 = DIRECTION('',(0.,1.,0.));
#10705 = ADVANCED_FACE('',(#10706,#10717,#10728,#10739,#10750,#10761,
    #10772,#10783,#10794,#10805,#10816,#10827,#10838,#10849,#10860,
    #10871,#10882,#10893,#10904,#10915,#10926,#10937,#10948,#10959,
    #10970,#10981,#10992,#11003,#11014,#11025,#11036,#11047,#11058,
    #11069,#11080,#11091,#11102,#11113,#11124,#11135,#11146,#11157,
    #11168,#11179,#11190,#11201,#11212,#11223,#11234,#11245,#11256,
    #11267,#11278,#11289,#11300,#11311,#11322,#11333,#11344,#11355,
    #11366,#11377,#11388,#11399,#11410,#11421,#11432,#11443,#11454),
  #11465,.F.);
#10706 = FACE_BOUND('',#10707,.F.);
#10707 = EDGE_LOOP('',(#10708,#10709,#10710,#10716));
#10708 = ORIENTED_EDGE('',*,*,#10633,.F.);
#10709 = ORIENTED_EDGE('',*,*,#10664,.F.);
#10710 = ORIENTED_EDGE('',*,*,#10711,.F.);
#10711 = EDGE_CURVE('',#10688,#10648,#10712,.T.);
#10712 = LINE('',#10713,#10714);
#10713 = CARTESIAN_POINT('',(-43.942,18.7452,0.));
#10714 = VECTOR('',#10715,1.);
#10715 = DIRECTION('',(1.,0.,0.));
#10716 = ORIENTED_EDGE('',*,*,#10695,.F.);
#10717 = FACE_BOUND('',#10718,.F.);
#10718 = EDGE_LOOP('',(#10719));
#10719 = ORIENTED_EDGE('',*,*,#10720,.T.);
#10720 = EDGE_CURVE('',#10721,#10721,#10723,.T.);
#10721 = VERTEX_POINT('',#10722);
#10722 = CARTESIAN_POINT('',(-41.092,-16.1164,0.));
#10723 = CIRCLE('',#10724,0.55);
#10724 = AXIS2_PLACEMENT_3D('',#10725,#10726,#10727);
#10725 = CARTESIAN_POINT('',(-41.092,-15.5664,0.));
#10726 = DIRECTION('',(-0.,0.,-1.));
#10727 = DIRECTION('',(-0.,-1.,0.));
#10728 = FACE_BOUND('',#10729,.F.);
#10729 = EDGE_LOOP('',(#10730));
#10730 = ORIENTED_EDGE('',*,*,#10731,.T.);
#10731 = EDGE_CURVE('',#10732,#10732,#10734,.T.);
#10732 = VERTEX_POINT('',#10733);
#10733 = CARTESIAN_POINT('',(-37.592,-16.1164,0.));
#10734 = CIRCLE('',#10735,0.55);
#10735 = AXIS2_PLACEMENT_3D('',#10736,#10737,#10738);
#10736 = CARTESIAN_POINT('',(-37.592,-15.5664,0.));
#10737 = DIRECTION('',(-0.,0.,-1.));
#10738 = DIRECTION('',(-0.,-1.,0.));
#10739 = FACE_BOUND('',#10740,.F.);
#10740 = EDGE_LOOP('',(#10741));
#10741 = ORIENTED_EDGE('',*,*,#10742,.T.);
#10742 = EDGE_CURVE('',#10743,#10743,#10745,.T.);
#10743 = VERTEX_POINT('',#10744);
#10744 = CARTESIAN_POINT('',(-31.707075,-16.1164,0.));
#10745 = CIRCLE('',#10746,0.55);
#10746 = AXIS2_PLACEMENT_3D('',#10747,#10748,#10749);
#10747 = CARTESIAN_POINT('',(-31.707075,-15.5664,0.));
#10748 = DIRECTION('',(-0.,0.,-1.));
#10749 = DIRECTION('',(-0.,-1.,0.));
#10750 = FACE_BOUND('',#10751,.F.);
#10751 = EDGE_LOOP('',(#10752));
#10752 = ORIENTED_EDGE('',*,*,#10753,.T.);
#10753 = EDGE_CURVE('',#10754,#10754,#10756,.T.);
#10754 = VERTEX_POINT('',#10755);
#10755 = CARTESIAN_POINT('',(-28.207075,-16.1164,0.));
#10756 = CIRCLE('',#10757,0.55);
#10757 = AXIS2_PLACEMENT_3D('',#10758,#10759,#10760);
#10758 = CARTESIAN_POINT('',(-28.207075,-15.5664,0.));
#10759 = DIRECTION('',(-0.,0.,-1.));
#10760 = DIRECTION('',(-0.,-1.,0.));
#10761 = FACE_BOUND('',#10762,.F.);
#10762 = EDGE_LOOP('',(#10763));
#10763 = ORIENTED_EDGE('',*,*,#10764,.T.);
#10764 = EDGE_CURVE('',#10765,#10765,#10767,.T.);
#10765 = VERTEX_POINT('',#10766);
#10766 = CARTESIAN_POINT('',(-22.451075,-16.0948,0.));
#10767 = CIRCLE('',#10768,0.55);
#10768 = AXIS2_PLACEMENT_3D('',#10769,#10770,#10771);
#10769 = CARTESIAN_POINT('',(-22.451075,-15.5448,0.));
#10770 = DIRECTION('',(-0.,0.,-1.));
#10771 = DIRECTION('',(-0.,-1.,0.));
#10772 = FACE_BOUND('',#10773,.F.);
#10773 = EDGE_LOOP('',(#10774));
#10774 = ORIENTED_EDGE('',*,*,#10775,.T.);
#10775 = EDGE_CURVE('',#10776,#10776,#10778,.T.);
#10776 = VERTEX_POINT('',#10777);
#10777 = CARTESIAN_POINT('',(-41.092,-11.1164,0.));
#10778 = CIRCLE('',#10779,0.55);
#10779 = AXIS2_PLACEMENT_3D('',#10780,#10781,#10782);
#10780 = CARTESIAN_POINT('',(-41.092,-10.5664,0.));
#10781 = DIRECTION('',(-0.,0.,-1.));
#10782 = DIRECTION('',(-0.,-1.,0.));
#10783 = FACE_BOUND('',#10784,.F.);
#10784 = EDGE_LOOP('',(#10785));
#10785 = ORIENTED_EDGE('',*,*,#10786,.T.);
#10786 = EDGE_CURVE('',#10787,#10787,#10789,.T.);
#10787 = VERTEX_POINT('',#10788);
#10788 = CARTESIAN_POINT('',(-37.592,-11.1164,0.));
#10789 = CIRCLE('',#10790,0.55);
#10790 = AXIS2_PLACEMENT_3D('',#10791,#10792,#10793);
#10791 = CARTESIAN_POINT('',(-37.592,-10.5664,0.));
#10792 = DIRECTION('',(-0.,0.,-1.));
#10793 = DIRECTION('',(-0.,-1.,0.));
#10794 = FACE_BOUND('',#10795,.F.);
#10795 = EDGE_LOOP('',(#10796));
#10796 = ORIENTED_EDGE('',*,*,#10797,.T.);
#10797 = EDGE_CURVE('',#10798,#10798,#10800,.T.);
#10798 = VERTEX_POINT('',#10799);
#10799 = CARTESIAN_POINT('',(-31.707075,-11.1164,0.));
#10800 = CIRCLE('',#10801,0.55);
#10801 = AXIS2_PLACEMENT_3D('',#10802,#10803,#10804);
#10802 = CARTESIAN_POINT('',(-31.707075,-10.5664,0.));
#10803 = DIRECTION('',(-0.,0.,-1.));
#10804 = DIRECTION('',(-0.,-1.,0.));
#10805 = FACE_BOUND('',#10806,.F.);
#10806 = EDGE_LOOP('',(#10807));
#10807 = ORIENTED_EDGE('',*,*,#10808,.T.);
#10808 = EDGE_CURVE('',#10809,#10809,#10811,.T.);
#10809 = VERTEX_POINT('',#10810);
#10810 = CARTESIAN_POINT('',(-28.207075,-11.1164,0.));
#10811 = CIRCLE('',#10812,0.55);
#10812 = AXIS2_PLACEMENT_3D('',#10813,#10814,#10815);
#10813 = CARTESIAN_POINT('',(-28.207075,-10.5664,0.));
#10814 = DIRECTION('',(-0.,0.,-1.));
#10815 = DIRECTION('',(-0.,-1.,0.));
#10816 = FACE_BOUND('',#10817,.F.);
#10817 = EDGE_LOOP('',(#10818));
#10818 = ORIENTED_EDGE('',*,*,#10819,.T.);
#10819 = EDGE_CURVE('',#10820,#10820,#10822,.T.);
#10820 = VERTEX_POINT('',#10821);
#10821 = CARTESIAN_POINT('',(-22.451075,-11.0948,0.));
#10822 = CIRCLE('',#10823,0.55);
#10823 = AXIS2_PLACEMENT_3D('',#10824,#10825,#10826);
#10824 = CARTESIAN_POINT('',(-22.451075,-10.5448,0.));
#10825 = DIRECTION('',(-0.,0.,-1.));
#10826 = DIRECTION('',(-0.,-1.,0.));
#10827 = FACE_BOUND('',#10828,.F.);
#10828 = EDGE_LOOP('',(#10829));
#10829 = ORIENTED_EDGE('',*,*,#10830,.T.);
#10830 = EDGE_CURVE('',#10831,#10831,#10833,.T.);
#10831 = VERTEX_POINT('',#10832);
#10832 = CARTESIAN_POINT('',(-18.951075,-16.0948,0.));
#10833 = CIRCLE('',#10834,0.55);
#10834 = AXIS2_PLACEMENT_3D('',#10835,#10836,#10837);
#10835 = CARTESIAN_POINT('',(-18.951075,-15.5448,0.));
#10836 = DIRECTION('',(-0.,0.,-1.));
#10837 = DIRECTION('',(-0.,-1.,0.));
#10838 = FACE_BOUND('',#10839,.F.);
#10839 = EDGE_LOOP('',(#10840));
#10840 = ORIENTED_EDGE('',*,*,#10841,.T.);
#10841 = EDGE_CURVE('',#10842,#10842,#10844,.T.);
#10842 = VERTEX_POINT('',#10843);
#10843 = CARTESIAN_POINT('',(-15.451075,-16.0948,0.));
#10844 = CIRCLE('',#10845,0.55);
#10845 = AXIS2_PLACEMENT_3D('',#10846,#10847,#10848);
#10846 = CARTESIAN_POINT('',(-15.451075,-15.5448,0.));
#10847 = DIRECTION('',(-0.,0.,-1.));
#10848 = DIRECTION('',(-0.,-1.,0.));
#10849 = FACE_BOUND('',#10850,.F.);
#10850 = EDGE_LOOP('',(#10851));
#10851 = ORIENTED_EDGE('',*,*,#10852,.T.);
#10852 = EDGE_CURVE('',#10853,#10853,#10855,.T.);
#10853 = VERTEX_POINT('',#10854);
#10854 = CARTESIAN_POINT('',(-9.467475,-16.0096,0.));
#10855 = CIRCLE('',#10856,0.55);
#10856 = AXIS2_PLACEMENT_3D('',#10857,#10858,#10859);
#10857 = CARTESIAN_POINT('',(-9.467475,-15.4596,0.));
#10858 = DIRECTION('',(-0.,0.,-1.));
#10859 = DIRECTION('',(-0.,-1.,0.));
#10860 = FACE_BOUND('',#10861,.F.);
#10861 = EDGE_LOOP('',(#10862));
#10862 = ORIENTED_EDGE('',*,*,#10863,.T.);
#10863 = EDGE_CURVE('',#10864,#10864,#10866,.T.);
#10864 = VERTEX_POINT('',#10865);
#10865 = CARTESIAN_POINT('',(-5.967475,-16.0096,0.));
#10866 = CIRCLE('',#10867,0.55);
#10867 = AXIS2_PLACEMENT_3D('',#10868,#10869,#10870);
#10868 = CARTESIAN_POINT('',(-5.967475,-15.4596,0.));
#10869 = DIRECTION('',(-0.,0.,-1.));
#10870 = DIRECTION('',(-0.,-1.,0.));
#10871 = FACE_BOUND('',#10872,.F.);
#10872 = EDGE_LOOP('',(#10873));
#10873 = ORIENTED_EDGE('',*,*,#10874,.T.);
#10874 = EDGE_CURVE('',#10875,#10875,#10877,.T.);
#10875 = VERTEX_POINT('',#10876);
#10876 = CARTESIAN_POINT('',(-2.467475,-16.0096,0.));
#10877 = CIRCLE('',#10878,0.55);
#10878 = AXIS2_PLACEMENT_3D('',#10879,#10880,#10881);
#10879 = CARTESIAN_POINT('',(-2.467475,-15.4596,0.));
#10880 = DIRECTION('',(-0.,0.,-1.));
#10881 = DIRECTION('',(8.074349270001E-16,-1.,-0.));
#10882 = FACE_BOUND('',#10883,.F.);
#10883 = EDGE_LOOP('',(#10884));
#10884 = ORIENTED_EDGE('',*,*,#10885,.T.);
#10885 = EDGE_CURVE('',#10886,#10886,#10888,.T.);
#10886 = VERTEX_POINT('',#10887);
#10887 = CARTESIAN_POINT('',(-18.951075,-11.0948,0.));
#10888 = CIRCLE('',#10889,0.55);
#10889 = AXIS2_PLACEMENT_3D('',#10890,#10891,#10892);
#10890 = CARTESIAN_POINT('',(-18.951075,-10.5448,0.));
#10891 = DIRECTION('',(-0.,0.,-1.));
#10892 = DIRECTION('',(-0.,-1.,0.));
#10893 = FACE_BOUND('',#10894,.F.);
#10894 = EDGE_LOOP('',(#10895));
#10895 = ORIENTED_EDGE('',*,*,#10896,.T.);
#10896 = EDGE_CURVE('',#10897,#10897,#10899,.T.);
#10897 = VERTEX_POINT('',#10898);
#10898 = CARTESIAN_POINT('',(-15.451075,-11.0948,0.));
#10899 = CIRCLE('',#10900,0.55);
#10900 = AXIS2_PLACEMENT_3D('',#10901,#10902,#10903);
#10901 = CARTESIAN_POINT('',(-15.451075,-10.5448,0.));
#10902 = DIRECTION('',(-0.,0.,-1.));
#10903 = DIRECTION('',(-0.,-1.,0.));
#10904 = FACE_BOUND('',#10905,.F.);
#10905 = EDGE_LOOP('',(#10906));
#10906 = ORIENTED_EDGE('',*,*,#10907,.T.);
#10907 = EDGE_CURVE('',#10908,#10908,#10910,.T.);
#10908 = VERTEX_POINT('',#10909);
#10909 = CARTESIAN_POINT('',(-9.467475,-11.0096,0.));
#10910 = CIRCLE('',#10911,0.55);
#10911 = AXIS2_PLACEMENT_3D('',#10912,#10913,#10914);
#10912 = CARTESIAN_POINT('',(-9.467475,-10.4596,0.));
#10913 = DIRECTION('',(-0.,0.,-1.));
#10914 = DIRECTION('',(-0.,-1.,0.));
#10915 = FACE_BOUND('',#10916,.F.);
#10916 = EDGE_LOOP('',(#10917));
#10917 = ORIENTED_EDGE('',*,*,#10918,.T.);
#10918 = EDGE_CURVE('',#10919,#10919,#10921,.T.);
#10919 = VERTEX_POINT('',#10920);
#10920 = CARTESIAN_POINT('',(-5.967475,-11.0096,0.));
#10921 = CIRCLE('',#10922,0.55);
#10922 = AXIS2_PLACEMENT_3D('',#10923,#10924,#10925);
#10923 = CARTESIAN_POINT('',(-5.967475,-10.4596,0.));
#10924 = DIRECTION('',(-0.,0.,-1.));
#10925 = DIRECTION('',(-0.,-1.,0.));
#10926 = FACE_BOUND('',#10927,.F.);
#10927 = EDGE_LOOP('',(#10928));
#10928 = ORIENTED_EDGE('',*,*,#10929,.T.);
#10929 = EDGE_CURVE('',#10930,#10930,#10932,.T.);
#10930 = VERTEX_POINT('',#10931);
#10931 = CARTESIAN_POINT('',(-2.467475,-11.0096,0.));
#10932 = CIRCLE('',#10933,0.55);
#10933 = AXIS2_PLACEMENT_3D('',#10934,#10935,#10936);
#10934 = CARTESIAN_POINT('',(-2.467475,-10.4596,0.));
#10935 = DIRECTION('',(-0.,0.,-1.));
#10936 = DIRECTION('',(8.074349270001E-16,-1.,-0.));
#10937 = FACE_BOUND('',#10938,.F.);
#10938 = EDGE_LOOP('',(#10939));
#10939 = ORIENTED_EDGE('',*,*,#10940,.T.);
#10940 = EDGE_CURVE('',#10941,#10941,#10943,.T.);
#10941 = VERTEX_POINT('',#10942);
#10942 = CARTESIAN_POINT('',(-39.878,-2.7024,0.));
#10943 = CIRCLE('',#10944,1.6);
#10944 = AXIS2_PLACEMENT_3D('',#10945,#10946,#10947);
#10945 = CARTESIAN_POINT('',(-39.878,-1.1024,0.));
#10946 = DIRECTION('',(-0.,0.,-1.));
#10947 = DIRECTION('',(-0.,-1.,0.));
#10948 = FACE_BOUND('',#10949,.F.);
#10949 = EDGE_LOOP('',(#10950));
#10950 = ORIENTED_EDGE('',*,*,#10951,.T.);
#10951 = EDGE_CURVE('',#10952,#10952,#10954,.T.);
#10952 = VERTEX_POINT('',#10953);
#10953 = CARTESIAN_POINT('',(-22.918675,-1.262,0.));
#10954 = CIRCLE('',#10955,0.5);
#10955 = AXIS2_PLACEMENT_3D('',#10956,#10957,#10958);
#10956 = CARTESIAN_POINT('',(-22.918675,-0.762,0.));
#10957 = DIRECTION('',(-0.,0.,-1.));
#10958 = DIRECTION('',(-0.,-1.,0.));
#10959 = FACE_BOUND('',#10960,.F.);
#10960 = EDGE_LOOP('',(#10961));
#10961 = ORIENTED_EDGE('',*,*,#10962,.T.);
#10962 = EDGE_CURVE('',#10963,#10963,#10965,.T.);
#10963 = VERTEX_POINT('',#10964);
#10964 = CARTESIAN_POINT('',(-20.378675,-1.262,0.));
#10965 = CIRCLE('',#10966,0.5);
#10966 = AXIS2_PLACEMENT_3D('',#10967,#10968,#10969);
#10967 = CARTESIAN_POINT('',(-20.378675,-0.762,0.));
#10968 = DIRECTION('',(-0.,0.,-1.));
#10969 = DIRECTION('',(-0.,-1.,0.));
#10970 = FACE_BOUND('',#10971,.F.);
#10971 = EDGE_LOOP('',(#10972));
#10972 = ORIENTED_EDGE('',*,*,#10973,.T.);
#10973 = EDGE_CURVE('',#10974,#10974,#10976,.T.);
#10974 = VERTEX_POINT('',#10975);
#10975 = CARTESIAN_POINT('',(-17.838675,-1.262,0.));
#10976 = CIRCLE('',#10977,0.5);
#10977 = AXIS2_PLACEMENT_3D('',#10978,#10979,#10980);
#10978 = CARTESIAN_POINT('',(-17.838675,-0.762,0.));
#10979 = DIRECTION('',(-0.,0.,-1.));
#10980 = DIRECTION('',(-0.,-1.,0.));
#10981 = FACE_BOUND('',#10982,.F.);
#10982 = EDGE_LOOP('',(#10983));
#10983 = ORIENTED_EDGE('',*,*,#10984,.T.);
#10984 = EDGE_CURVE('',#10985,#10985,#10987,.T.);
#10985 = VERTEX_POINT('',#10986);
#10986 = CARTESIAN_POINT('',(-15.298675,-1.262,0.));
#10987 = CIRCLE('',#10988,0.5);
#10988 = AXIS2_PLACEMENT_3D('',#10989,#10990,#10991);
#10989 = CARTESIAN_POINT('',(-15.298675,-0.762,0.));
#10990 = DIRECTION('',(-0.,0.,-1.));
#10991 = DIRECTION('',(-0.,-1.,0.));
#10992 = FACE_BOUND('',#10993,.F.);
#10993 = EDGE_LOOP('',(#10994));
#10994 = ORIENTED_EDGE('',*,*,#10995,.T.);
#10995 = EDGE_CURVE('',#10996,#10996,#10998,.T.);
#10996 = VERTEX_POINT('',#10997);
#10997 = CARTESIAN_POINT('',(-12.758675,-1.262,0.));
#10998 = CIRCLE('',#10999,0.5);
#10999 = AXIS2_PLACEMENT_3D('',#11000,#11001,#11002);
#11000 = CARTESIAN_POINT('',(-12.758675,-0.762,0.));
#11001 = DIRECTION('',(-0.,0.,-1.));
#11002 = DIRECTION('',(-0.,-1.,0.));
#11003 = FACE_BOUND('',#11004,.F.);
#11004 = EDGE_LOOP('',(#11005));
#11005 = ORIENTED_EDGE('',*,*,#11006,.T.);
#11006 = EDGE_CURVE('',#11007,#11007,#11009,.T.);
#11007 = VERTEX_POINT('',#11008);
#11008 = CARTESIAN_POINT('',(-10.218675,-1.262,0.));
#11009 = CIRCLE('',#11010,0.5);
#11010 = AXIS2_PLACEMENT_3D('',#11011,#11012,#11013);
#11011 = CARTESIAN_POINT('',(-10.218675,-0.762,0.));
#11012 = DIRECTION('',(-0.,0.,-1.));
#11013 = DIRECTION('',(-0.,-1.,0.));
#11014 = FACE_BOUND('',#11015,.F.);
#11015 = EDGE_LOOP('',(#11016));
#11016 = ORIENTED_EDGE('',*,*,#11017,.T.);
#11017 = EDGE_CURVE('',#11018,#11018,#11020,.T.);
#11018 = VERTEX_POINT('',#11019);
#11019 = CARTESIAN_POINT('',(-7.678675,-1.262,0.));
#11020 = CIRCLE('',#11021,0.5);
#11021 = AXIS2_PLACEMENT_3D('',#11022,#11023,#11024);
#11022 = CARTESIAN_POINT('',(-7.678675,-0.762,0.));
#11023 = DIRECTION('',(-0.,0.,-1.));
#11024 = DIRECTION('',(-0.,-1.,0.));
#11025 = FACE_BOUND('',#11026,.F.);
#11026 = EDGE_LOOP('',(#11027));
#11027 = ORIENTED_EDGE('',*,*,#11028,.T.);
#11028 = EDGE_CURVE('',#11029,#11029,#11031,.T.);
#11029 = VERTEX_POINT('',#11030);
#11030 = CARTESIAN_POINT('',(-5.138675,-1.262,0.));
#11031 = CIRCLE('',#11032,0.5);
#11032 = AXIS2_PLACEMENT_3D('',#11033,#11034,#11035);
#11033 = CARTESIAN_POINT('',(-5.138675,-0.762,0.));
#11034 = DIRECTION('',(-0.,0.,-1.));
#11035 = DIRECTION('',(-0.,-1.,0.));
#11036 = FACE_BOUND('',#11037,.F.);
#11037 = EDGE_LOOP('',(#11038));
#11038 = ORIENTED_EDGE('',*,*,#11039,.T.);
#11039 = EDGE_CURVE('',#11040,#11040,#11042,.T.);
#11040 = VERTEX_POINT('',#11041);
#11041 = CARTESIAN_POINT('',(-2.598675,-1.262,0.));
#11042 = CIRCLE('',#11043,0.5);
#11043 = AXIS2_PLACEMENT_3D('',#11044,#11045,#11046);
#11044 = CARTESIAN_POINT('',(-2.598675,-0.762,0.));
#11045 = DIRECTION('',(-0.,0.,-1.));
#11046 = DIRECTION('',(-0.,-1.,0.));
#11047 = FACE_BOUND('',#11048,.F.);
#11048 = EDGE_LOOP('',(#11049));
#11049 = ORIENTED_EDGE('',*,*,#11050,.T.);
#11050 = EDGE_CURVE('',#11051,#11051,#11053,.T.);
#11051 = VERTEX_POINT('',#11052);
#11052 = CARTESIAN_POINT('',(-5.8675E-02,-1.262,0.));
#11053 = CIRCLE('',#11054,0.5);
#11054 = AXIS2_PLACEMENT_3D('',#11055,#11056,#11057);
#11055 = CARTESIAN_POINT('',(-5.8675E-02,-0.762,0.));
#11056 = DIRECTION('',(-0.,0.,-1.));
#11057 = DIRECTION('',(6.938893903907E-17,-1.,-0.));
#11058 = FACE_BOUND('',#11059,.F.);
#11059 = EDGE_LOOP('',(#11060));
#11060 = ORIENTED_EDGE('',*,*,#11061,.T.);
#11061 = EDGE_CURVE('',#11062,#11062,#11064,.T.);
#11062 = VERTEX_POINT('',#11063);
#11063 = CARTESIAN_POINT('',(3.386125,-15.9932,0.));
#11064 = CIRCLE('',#11065,0.55);
#11065 = AXIS2_PLACEMENT_3D('',#11066,#11067,#11068);
#11066 = CARTESIAN_POINT('',(3.386125,-15.4432,0.));
#11067 = DIRECTION('',(-0.,0.,-1.));
#11068 = DIRECTION('',(-0.,-1.,0.));
#11069 = FACE_BOUND('',#11070,.F.);
#11070 = EDGE_LOOP('',(#11071));
#11071 = ORIENTED_EDGE('',*,*,#11072,.T.);
#11072 = EDGE_CURVE('',#11073,#11073,#11075,.T.);
#11073 = VERTEX_POINT('',#11074);
#11074 = CARTESIAN_POINT('',(6.886125,-15.9932,0.));
#11075 = CIRCLE('',#11076,0.55);
#11076 = AXIS2_PLACEMENT_3D('',#11077,#11078,#11079);
#11077 = CARTESIAN_POINT('',(6.886125,-15.4432,0.));
#11078 = DIRECTION('',(-0.,0.,-1.));
#11079 = DIRECTION('',(-0.,-1.,0.));
#11080 = FACE_BOUND('',#11081,.F.);
#11081 = EDGE_LOOP('',(#11082));
#11082 = ORIENTED_EDGE('',*,*,#11083,.T.);
#11083 = EDGE_CURVE('',#11084,#11084,#11086,.T.);
#11084 = VERTEX_POINT('',#11085);
#11085 = CARTESIAN_POINT('',(10.386125,-15.9932,0.));
#11086 = CIRCLE('',#11087,0.55);
#11087 = AXIS2_PLACEMENT_3D('',#11088,#11089,#11090);
#11088 = CARTESIAN_POINT('',(10.386125,-15.4432,0.));
#11089 = DIRECTION('',(-0.,0.,-1.));
#11090 = DIRECTION('',(-0.,-1.,0.));
#11091 = FACE_BOUND('',#11092,.F.);
#11092 = EDGE_LOOP('',(#11093));
#11093 = ORIENTED_EDGE('',*,*,#11094,.T.);
#11094 = EDGE_CURVE('',#11095,#11095,#11097,.T.);
#11095 = VERTEX_POINT('',#11096);
#11096 = CARTESIAN_POINT('',(16.146525,-16.044,0.));
#11097 = CIRCLE('',#11098,0.55);
#11098 = AXIS2_PLACEMENT_3D('',#11099,#11100,#11101);
#11099 = CARTESIAN_POINT('',(16.146525,-15.494,0.));
#11100 = DIRECTION('',(-0.,0.,-1.));
#11101 = DIRECTION('',(-0.,-1.,0.));
#11102 = FACE_BOUND('',#11103,.F.);
#11103 = EDGE_LOOP('',(#11104));
#11104 = ORIENTED_EDGE('',*,*,#11105,.T.);
#11105 = EDGE_CURVE('',#11106,#11106,#11108,.T.);
#11106 = VERTEX_POINT('',#11107);
#11107 = CARTESIAN_POINT('',(19.646525,-16.044,0.));
#11108 = CIRCLE('',#11109,0.55);
#11109 = AXIS2_PLACEMENT_3D('',#11110,#11111,#11112);
#11110 = CARTESIAN_POINT('',(19.646525,-15.494,0.));
#11111 = DIRECTION('',(-0.,0.,-1.));
#11112 = DIRECTION('',(-0.,-1.,0.));
#11113 = FACE_BOUND('',#11114,.F.);
#11114 = EDGE_LOOP('',(#11115));
#11115 = ORIENTED_EDGE('',*,*,#11116,.T.);
#11116 = EDGE_CURVE('',#11117,#11117,#11119,.T.);
#11117 = VERTEX_POINT('',#11118);
#11118 = CARTESIAN_POINT('',(3.386125,-10.9932,0.));
#11119 = CIRCLE('',#11120,0.55);
#11120 = AXIS2_PLACEMENT_3D('',#11121,#11122,#11123);
#11121 = CARTESIAN_POINT('',(3.386125,-10.4432,0.));
#11122 = DIRECTION('',(-0.,0.,-1.));
#11123 = DIRECTION('',(-0.,-1.,0.));
#11124 = FACE_BOUND('',#11125,.F.);
#11125 = EDGE_LOOP('',(#11126));
#11126 = ORIENTED_EDGE('',*,*,#11127,.T.);
#11127 = EDGE_CURVE('',#11128,#11128,#11130,.T.);
#11128 = VERTEX_POINT('',#11129);
#11129 = CARTESIAN_POINT('',(6.886125,-10.9932,0.));
#11130 = CIRCLE('',#11131,0.55);
#11131 = AXIS2_PLACEMENT_3D('',#11132,#11133,#11134);
#11132 = CARTESIAN_POINT('',(6.886125,-10.4432,0.));
#11133 = DIRECTION('',(-0.,0.,-1.));
#11134 = DIRECTION('',(-0.,-1.,0.));
#11135 = FACE_BOUND('',#11136,.F.);
#11136 = EDGE_LOOP('',(#11137));
#11137 = ORIENTED_EDGE('',*,*,#11138,.T.);
#11138 = EDGE_CURVE('',#11139,#11139,#11141,.T.);
#11139 = VERTEX_POINT('',#11140);
#11140 = CARTESIAN_POINT('',(10.386125,-10.9932,0.));
#11141 = CIRCLE('',#11142,0.55);
#11142 = AXIS2_PLACEMENT_3D('',#11143,#11144,#11145);
#11143 = CARTESIAN_POINT('',(10.386125,-10.4432,0.));
#11144 = DIRECTION('',(-0.,0.,-1.));
#11145 = DIRECTION('',(-0.,-1.,0.));
#11146 = FACE_BOUND('',#11147,.F.);
#11147 = EDGE_LOOP('',(#11148));
#11148 = ORIENTED_EDGE('',*,*,#11149,.T.);
#11149 = EDGE_CURVE('',#11150,#11150,#11152,.T.);
#11150 = VERTEX_POINT('',#11151);
#11151 = CARTESIAN_POINT('',(16.146525,-11.044,0.));
#11152 = CIRCLE('',#11153,0.55);
#11153 = AXIS2_PLACEMENT_3D('',#11154,#11155,#11156);
#11154 = CARTESIAN_POINT('',(16.146525,-10.494,0.));
#11155 = DIRECTION('',(-0.,0.,-1.));
#11156 = DIRECTION('',(-0.,-1.,0.));
#11157 = FACE_BOUND('',#11158,.F.);
#11158 = EDGE_LOOP('',(#11159));
#11159 = ORIENTED_EDGE('',*,*,#11160,.T.);
#11160 = EDGE_CURVE('',#11161,#11161,#11163,.T.);
#11161 = VERTEX_POINT('',#11162);
#11162 = CARTESIAN_POINT('',(19.646525,-11.044,0.));
#11163 = CIRCLE('',#11164,0.55);
#11164 = AXIS2_PLACEMENT_3D('',#11165,#11166,#11167);
#11165 = CARTESIAN_POINT('',(19.646525,-10.494,0.));
#11166 = DIRECTION('',(-0.,0.,-1.));
#11167 = DIRECTION('',(-0.,-1.,0.));
#11168 = FACE_BOUND('',#11169,.F.);
#11169 = EDGE_LOOP('',(#11170));
#11170 = ORIENTED_EDGE('',*,*,#11171,.T.);
#11171 = EDGE_CURVE('',#11172,#11172,#11174,.T.);
#11172 = VERTEX_POINT('',#11173);
#11173 = CARTESIAN_POINT('',(23.146525,-16.044,0.));
#11174 = CIRCLE('',#11175,0.55);
#11175 = AXIS2_PLACEMENT_3D('',#11176,#11177,#11178);
#11176 = CARTESIAN_POINT('',(23.146525,-15.494,0.));
#11177 = DIRECTION('',(-0.,0.,-1.));
#11178 = DIRECTION('',(-0.,-1.,0.));
#11179 = FACE_BOUND('',#11180,.F.);
#11180 = EDGE_LOOP('',(#11181));
#11181 = ORIENTED_EDGE('',*,*,#11182,.T.);
#11182 = EDGE_CURVE('',#11183,#11183,#11185,.T.);
#11183 = VERTEX_POINT('',#11184);
#11184 = CARTESIAN_POINT('',(28.643325,-16.044,0.));
#11185 = CIRCLE('',#11186,0.55);
#11186 = AXIS2_PLACEMENT_3D('',#11187,#11188,#11189);
#11187 = CARTESIAN_POINT('',(28.643325,-15.494,0.));
#11188 = DIRECTION('',(-0.,0.,-1.));
#11189 = DIRECTION('',(-0.,-1.,0.));
#11190 = FACE_BOUND('',#11191,.F.);
#11191 = EDGE_LOOP('',(#11192));
#11192 = ORIENTED_EDGE('',*,*,#11193,.T.);
#11193 = EDGE_CURVE('',#11194,#11194,#11196,.T.);
#11194 = VERTEX_POINT('',#11195);
#11195 = CARTESIAN_POINT('',(32.143325,-16.044,0.));
#11196 = CIRCLE('',#11197,0.55);
#11197 = AXIS2_PLACEMENT_3D('',#11198,#11199,#11200);
#11198 = CARTESIAN_POINT('',(32.143325,-15.494,0.));
#11199 = DIRECTION('',(-0.,0.,-1.));
#11200 = DIRECTION('',(-1.2918958832E-14,-1.,0.));
#11201 = FACE_BOUND('',#11202,.F.);
#11202 = EDGE_LOOP('',(#11203));
#11203 = ORIENTED_EDGE('',*,*,#11204,.T.);
#11204 = EDGE_CURVE('',#11205,#11205,#11207,.T.);
#11205 = VERTEX_POINT('',#11206);
#11206 = CARTESIAN_POINT('',(37.592,-16.044,0.));
#11207 = CIRCLE('',#11208,0.55);
#11208 = AXIS2_PLACEMENT_3D('',#11209,#11210,#11211);
#11209 = CARTESIAN_POINT('',(37.592,-15.494,0.));
#11210 = DIRECTION('',(-0.,0.,-1.));
#11211 = DIRECTION('',(-0.,-1.,0.));
#11212 = FACE_BOUND('',#11213,.F.);
#11213 = EDGE_LOOP('',(#11214));
#11214 = ORIENTED_EDGE('',*,*,#11215,.T.);
#11215 = EDGE_CURVE('',#11216,#11216,#11218,.T.);
#11216 = VERTEX_POINT('',#11217);
#11217 = CARTESIAN_POINT('',(41.092,-16.044,0.));
#11218 = CIRCLE('',#11219,0.55);
#11219 = AXIS2_PLACEMENT_3D('',#11220,#11221,#11222);
#11220 = CARTESIAN_POINT('',(41.092,-15.494,0.));
#11221 = DIRECTION('',(-0.,0.,-1.));
#11222 = DIRECTION('',(-0.,-1.,0.));
#11223 = FACE_BOUND('',#11224,.F.);
#11224 = EDGE_LOOP('',(#11225));
#11225 = ORIENTED_EDGE('',*,*,#11226,.T.);
#11226 = EDGE_CURVE('',#11227,#11227,#11229,.T.);
#11227 = VERTEX_POINT('',#11228);
#11228 = CARTESIAN_POINT('',(23.146525,-11.044,0.));
#11229 = CIRCLE('',#11230,0.55);
#11230 = AXIS2_PLACEMENT_3D('',#11231,#11232,#11233);
#11231 = CARTESIAN_POINT('',(23.146525,-10.494,0.));
#11232 = DIRECTION('',(-0.,0.,-1.));
#11233 = DIRECTION('',(-0.,-1.,0.));
#11234 = FACE_BOUND('',#11235,.F.);
#11235 = EDGE_LOOP('',(#11236));
#11236 = ORIENTED_EDGE('',*,*,#11237,.T.);
#11237 = EDGE_CURVE('',#11238,#11238,#11240,.T.);
#11238 = VERTEX_POINT('',#11239);
#11239 = CARTESIAN_POINT('',(28.643325,-11.044,0.));
#11240 = CIRCLE('',#11241,0.55);
#11241 = AXIS2_PLACEMENT_3D('',#11242,#11243,#11244);
#11242 = CARTESIAN_POINT('',(28.643325,-10.494,0.));
#11243 = DIRECTION('',(-0.,0.,-1.));
#11244 = DIRECTION('',(-0.,-1.,0.));
#11245 = FACE_BOUND('',#11246,.F.);
#11246 = EDGE_LOOP('',(#11247));
#11247 = ORIENTED_EDGE('',*,*,#11248,.T.);
#11248 = EDGE_CURVE('',#11249,#11249,#11251,.T.);
#11249 = VERTEX_POINT('',#11250);
#11250 = CARTESIAN_POINT('',(32.143325,-11.044,0.));
#11251 = CIRCLE('',#11252,0.55);
#11252 = AXIS2_PLACEMENT_3D('',#11253,#11254,#11255);
#11253 = CARTESIAN_POINT('',(32.143325,-10.494,0.));
#11254 = DIRECTION('',(-0.,0.,-1.));
#11255 = DIRECTION('',(-1.2918958832E-14,-1.,0.));
#11256 = FACE_BOUND('',#11257,.F.);
#11257 = EDGE_LOOP('',(#11258));
#11258 = ORIENTED_EDGE('',*,*,#11259,.T.);
#11259 = EDGE_CURVE('',#11260,#11260,#11262,.T.);
#11260 = VERTEX_POINT('',#11261);
#11261 = CARTESIAN_POINT('',(37.592,-11.044,0.));
#11262 = CIRCLE('',#11263,0.55);
#11263 = AXIS2_PLACEMENT_3D('',#11264,#11265,#11266);
#11264 = CARTESIAN_POINT('',(37.592,-10.494,0.));
#11265 = DIRECTION('',(-0.,0.,-1.));
#11266 = DIRECTION('',(-0.,-1.,0.));
#11267 = FACE_BOUND('',#11268,.F.);
#11268 = EDGE_LOOP('',(#11269));
#11269 = ORIENTED_EDGE('',*,*,#11270,.T.);
#11270 = EDGE_CURVE('',#11271,#11271,#11273,.T.);
#11271 = VERTEX_POINT('',#11272);
#11272 = CARTESIAN_POINT('',(41.092,-11.044,0.));
#11273 = CIRCLE('',#11274,0.55);
#11274 = AXIS2_PLACEMENT_3D('',#11275,#11276,#11277);
#11275 = CARTESIAN_POINT('',(41.092,-10.494,0.));
#11276 = DIRECTION('',(-0.,0.,-1.));
#11277 = DIRECTION('',(-0.,-1.,0.));
#11278 = FACE_BOUND('',#11279,.F.);
#11279 = EDGE_LOOP('',(#11280));
#11280 = ORIENTED_EDGE('',*,*,#11281,.T.);
#11281 = EDGE_CURVE('',#11282,#11282,#11284,.T.);
#11282 = VERTEX_POINT('',#11283);
#11283 = CARTESIAN_POINT('',(2.481325,-1.262,0.));
#11284 = CIRCLE('',#11285,0.5);
#11285 = AXIS2_PLACEMENT_3D('',#11286,#11287,#11288);
#11286 = CARTESIAN_POINT('',(2.481325,-0.762,0.));
#11287 = DIRECTION('',(-0.,0.,-1.));
#11288 = DIRECTION('',(-0.,-1.,0.));
#11289 = FACE_BOUND('',#11290,.F.);
#11290 = EDGE_LOOP('',(#11291));
#11291 = ORIENTED_EDGE('',*,*,#11292,.T.);
#11292 = EDGE_CURVE('',#11293,#11293,#11295,.T.);
#11293 = VERTEX_POINT('',#11294);
#11294 = CARTESIAN_POINT('',(5.021325,-1.262,0.));
#11295 = CIRCLE('',#11296,0.5);
#11296 = AXIS2_PLACEMENT_3D('',#11297,#11298,#11299);
#11297 = CARTESIAN_POINT('',(5.021325,-0.762,0.));
#11298 = DIRECTION('',(-0.,0.,-1.));
#11299 = DIRECTION('',(-0.,-1.,0.));
#11300 = FACE_BOUND('',#11301,.F.);
#11301 = EDGE_LOOP('',(#11302));
#11302 = ORIENTED_EDGE('',*,*,#11303,.T.);
#11303 = EDGE_CURVE('',#11304,#11304,#11306,.T.);
#11304 = VERTEX_POINT('',#11305);
#11305 = CARTESIAN_POINT('',(40.132,-2.7024,0.));
#11306 = CIRCLE('',#11307,1.6);
#11307 = AXIS2_PLACEMENT_3D('',#11308,#11309,#11310);
#11308 = CARTESIAN_POINT('',(40.132,-1.1024,0.));
#11309 = DIRECTION('',(-0.,0.,-1.));
#11310 = DIRECTION('',(-0.,-1.,0.));
#11311 = FACE_BOUND('',#11312,.F.);
#11312 = EDGE_LOOP('',(#11313));
#11313 = ORIENTED_EDGE('',*,*,#11314,.T.);
#11314 = EDGE_CURVE('',#11315,#11315,#11317,.T.);
#11315 = VERTEX_POINT('',#11316);
#11316 = CARTESIAN_POINT('',(-22.918675,13.978,0.));
#11317 = CIRCLE('',#11318,0.5);
#11318 = AXIS2_PLACEMENT_3D('',#11319,#11320,#11321);
#11319 = CARTESIAN_POINT('',(-22.918675,14.478,0.));
#11320 = DIRECTION('',(-0.,0.,-1.));
#11321 = DIRECTION('',(-0.,-1.,0.));
#11322 = FACE_BOUND('',#11323,.F.);
#11323 = EDGE_LOOP('',(#11324));
#11324 = ORIENTED_EDGE('',*,*,#11325,.T.);
#11325 = EDGE_CURVE('',#11326,#11326,#11328,.T.);
#11326 = VERTEX_POINT('',#11327);
#11327 = CARTESIAN_POINT('',(-30.955475,13.7976,0.));
#11328 = CIRCLE('',#11329,1.6);
#11329 = AXIS2_PLACEMENT_3D('',#11330,#11331,#11332);
#11330 = CARTESIAN_POINT('',(-30.955475,15.3976,0.));
#11331 = DIRECTION('',(-0.,0.,-1.));
#11332 = DIRECTION('',(-0.,-1.,0.));
#11333 = FACE_BOUND('',#11334,.F.);
#11334 = EDGE_LOOP('',(#11335));
#11335 = ORIENTED_EDGE('',*,*,#11336,.T.);
#11336 = EDGE_CURVE('',#11337,#11337,#11339,.T.);
#11337 = VERTEX_POINT('',#11338);
#11338 = CARTESIAN_POINT('',(-20.378675,13.978,0.));
#11339 = CIRCLE('',#11340,0.5);
#11340 = AXIS2_PLACEMENT_3D('',#11341,#11342,#11343);
#11341 = CARTESIAN_POINT('',(-20.378675,14.478,0.));
#11342 = DIRECTION('',(-0.,0.,-1.));
#11343 = DIRECTION('',(-0.,-1.,0.));
#11344 = FACE_BOUND('',#11345,.F.);
#11345 = EDGE_LOOP('',(#11346));
#11346 = ORIENTED_EDGE('',*,*,#11347,.T.);
#11347 = EDGE_CURVE('',#11348,#11348,#11350,.T.);
#11348 = VERTEX_POINT('',#11349);
#11349 = CARTESIAN_POINT('',(-17.838675,13.978,0.));
#11350 = CIRCLE('',#11351,0.5);
#11351 = AXIS2_PLACEMENT_3D('',#11352,#11353,#11354);
#11352 = CARTESIAN_POINT('',(-17.838675,14.478,0.));
#11353 = DIRECTION('',(-0.,0.,-1.));
#11354 = DIRECTION('',(-0.,-1.,0.));
#11355 = FACE_BOUND('',#11356,.F.);
#11356 = EDGE_LOOP('',(#11357));
#11357 = ORIENTED_EDGE('',*,*,#11358,.T.);
#11358 = EDGE_CURVE('',#11359,#11359,#11361,.T.);
#11359 = VERTEX_POINT('',#11360);
#11360 = CARTESIAN_POINT('',(-15.298675,13.978,0.));
#11361 = CIRCLE('',#11362,0.5);
#11362 = AXIS2_PLACEMENT_3D('',#11363,#11364,#11365);
#11363 = CARTESIAN_POINT('',(-15.298675,14.478,0.));
#11364 = DIRECTION('',(-0.,0.,-1.));
#11365 = DIRECTION('',(-0.,-1.,0.));
#11366 = FACE_BOUND('',#11367,.F.);
#11367 = EDGE_LOOP('',(#11368));
#11368 = ORIENTED_EDGE('',*,*,#11369,.T.);
#11369 = EDGE_CURVE('',#11370,#11370,#11372,.T.);
#11370 = VERTEX_POINT('',#11371);
#11371 = CARTESIAN_POINT('',(-12.758675,13.978,0.));
#11372 = CIRCLE('',#11373,0.5);
#11373 = AXIS2_PLACEMENT_3D('',#11374,#11375,#11376);
#11374 = CARTESIAN_POINT('',(-12.758675,14.478,0.));
#11375 = DIRECTION('',(-0.,0.,-1.));
#11376 = DIRECTION('',(-0.,-1.,0.));
#11377 = FACE_BOUND('',#11378,.F.);
#11378 = EDGE_LOOP('',(#11379));
#11379 = ORIENTED_EDGE('',*,*,#11380,.T.);
#11380 = EDGE_CURVE('',#11381,#11381,#11383,.T.);
#11381 = VERTEX_POINT('',#11382);
#11382 = CARTESIAN_POINT('',(-10.218675,13.978,0.));
#11383 = CIRCLE('',#11384,0.5);
#11384 = AXIS2_PLACEMENT_3D('',#11385,#11386,#11387);
#11385 = CARTESIAN_POINT('',(-10.218675,14.478,0.));
#11386 = DIRECTION('',(-0.,0.,-1.));
#11387 = DIRECTION('',(-0.,-1.,0.));
#11388 = FACE_BOUND('',#11389,.F.);
#11389 = EDGE_LOOP('',(#11390));
#11390 = ORIENTED_EDGE('',*,*,#11391,.T.);
#11391 = EDGE_CURVE('',#11392,#11392,#11394,.T.);
#11392 = VERTEX_POINT('',#11393);
#11393 = CARTESIAN_POINT('',(-7.678675,13.978,0.));
#11394 = CIRCLE('',#11395,0.5);
#11395 = AXIS2_PLACEMENT_3D('',#11396,#11397,#11398);
#11396 = CARTESIAN_POINT('',(-7.678675,14.478,0.));
#11397 = DIRECTION('',(-0.,0.,-1.));
#11398 = DIRECTION('',(-0.,-1.,0.));
#11399 = FACE_BOUND('',#11400,.F.);
#11400 = EDGE_LOOP('',(#11401));
#11401 = ORIENTED_EDGE('',*,*,#11402,.T.);
#11402 = EDGE_CURVE('',#11403,#11403,#11405,.T.);
#11403 = VERTEX_POINT('',#11404);
#11404 = CARTESIAN_POINT('',(-5.138675,13.978,0.));
#11405 = CIRCLE('',#11406,0.5);
#11406 = AXIS2_PLACEMENT_3D('',#11407,#11408,#11409);
#11407 = CARTESIAN_POINT('',(-5.138675,14.478,0.));
#11408 = DIRECTION('',(-0.,0.,-1.));
#11409 = DIRECTION('',(-0.,-1.,0.));
#11410 = FACE_BOUND('',#11411,.F.);
#11411 = EDGE_LOOP('',(#11412));
#11412 = ORIENTED_EDGE('',*,*,#11413,.T.);
#11413 = EDGE_CURVE('',#11414,#11414,#11416,.T.);
#11414 = VERTEX_POINT('',#11415);
#11415 = CARTESIAN_POINT('',(-2.598675,13.978,0.));
#11416 = CIRCLE('',#11417,0.5);
#11417 = AXIS2_PLACEMENT_3D('',#11418,#11419,#11420);
#11418 = CARTESIAN_POINT('',(-2.598675,14.478,0.));
#11419 = DIRECTION('',(-0.,0.,-1.));
#11420 = DIRECTION('',(-0.,-1.,0.));
#11421 = FACE_BOUND('',#11422,.F.);
#11422 = EDGE_LOOP('',(#11423));
#11423 = ORIENTED_EDGE('',*,*,#11424,.T.);
#11424 = EDGE_CURVE('',#11425,#11425,#11427,.T.);
#11425 = VERTEX_POINT('',#11426);
#11426 = CARTESIAN_POINT('',(-5.8675E-02,13.978,0.));
#11427 = CIRCLE('',#11428,0.5);
#11428 = AXIS2_PLACEMENT_3D('',#11429,#11430,#11431);
#11429 = CARTESIAN_POINT('',(-5.8675E-02,14.478,0.));
#11430 = DIRECTION('',(-0.,0.,-1.));
#11431 = DIRECTION('',(6.938893903907E-17,-1.,-0.));
#11432 = FACE_BOUND('',#11433,.F.);
#11433 = EDGE_LOOP('',(#11434));
#11434 = ORIENTED_EDGE('',*,*,#11435,.T.);
#11435 = EDGE_CURVE('',#11436,#11436,#11438,.T.);
#11436 = VERTEX_POINT('',#11437);
#11437 = CARTESIAN_POINT('',(2.481325,13.978,0.));
#11438 = CIRCLE('',#11439,0.5);
#11439 = AXIS2_PLACEMENT_3D('',#11440,#11441,#11442);
#11440 = CARTESIAN_POINT('',(2.481325,14.478,0.));
#11441 = DIRECTION('',(-0.,0.,-1.));
#11442 = DIRECTION('',(-0.,-1.,0.));
#11443 = FACE_BOUND('',#11444,.F.);
#11444 = EDGE_LOOP('',(#11445));
#11445 = ORIENTED_EDGE('',*,*,#11446,.T.);
#11446 = EDGE_CURVE('',#11447,#11447,#11449,.T.);
#11447 = VERTEX_POINT('',#11448);
#11448 = CARTESIAN_POINT('',(5.021325,13.978,0.));
#11449 = CIRCLE('',#11450,0.5);
#11450 = AXIS2_PLACEMENT_3D('',#11451,#11452,#11453);
#11451 = CARTESIAN_POINT('',(5.021325,14.478,0.));
#11452 = DIRECTION('',(-0.,0.,-1.));
#11453 = DIRECTION('',(-0.,-1.,0.));
#11454 = FACE_BOUND('',#11455,.F.);
#11455 = EDGE_LOOP('',(#11456));
#11456 = ORIENTED_EDGE('',*,*,#11457,.T.);
#11457 = EDGE_CURVE('',#11458,#11458,#11460,.T.);
#11458 = VERTEX_POINT('',#11459);
#11459 = CARTESIAN_POINT('',(31.533725,13.7976,0.));
#11460 = CIRCLE('',#11461,1.6);
#11461 = AXIS2_PLACEMENT_3D('',#11462,#11463,#11464);
#11462 = CARTESIAN_POINT('',(31.533725,15.3976,0.));
#11463 = DIRECTION('',(-0.,0.,-1.));
#11464 = DIRECTION('',(2.22044604925E-15,-1.,-0.));
#11465 = PLANE('',#11466);
#11466 = AXIS2_PLACEMENT_3D('',#11467,#11468,#11469);
#11467 = CARTESIAN_POINT('',(0.,0.,0.));
#11468 = DIRECTION('',(0.,0.,1.));
#11469 = DIRECTION('',(1.,0.,-0.));
#11470 = ADVANCED_FACE('',(#11471,#11482,#11493,#11504,#11515,#11526,
    #11537,#11548,#11559,#11570,#11581,#11592,#11603,#11614,#11625,
    #11636,#11647,#11658,#11669,#11680,#11691,#11702,#11713,#11724,
    #11735,#11746,#11757,#11768,#11779,#11790,#11801,#11812,#11823,
    #11834,#11845,#11856,#11867,#11878,#11889,#11900,#11911,#11922,
    #11933,#11944,#11955,#11966,#11977,#11988,#11999,#12010,#12021,
    #12032,#12043,#12054,#12065,#12076,#12087,#12098,#12109,#12120,
    #12131,#12142,#12153,#12164,#12175,#12186,#12197,#12208,#12219),
  #12230,.T.);
#11471 = FACE_BOUND('',#11472,.T.);
#11472 = EDGE_LOOP('',(#11473,#11474,#11475,#11481));
#11473 = ORIENTED_EDGE('',*,*,#10617,.F.);
#11474 = ORIENTED_EDGE('',*,*,#10657,.F.);
#11475 = ORIENTED_EDGE('',*,*,#11476,.F.);
#11476 = EDGE_CURVE('',#10680,#10650,#11477,.T.);
#11477 = LINE('',#11478,#11479);
#11478 = CARTESIAN_POINT('',(-43.942,18.7452,1.6));
#11479 = VECTOR('',#11480,1.);
#11480 = DIRECTION('',(1.,0.,0.));
#11481 = ORIENTED_EDGE('',*,*,#10679,.F.);
#11482 = FACE_BOUND('',#11483,.T.);
#11483 = EDGE_LOOP('',(#11484));
#11484 = ORIENTED_EDGE('',*,*,#11485,.T.);
#11485 = EDGE_CURVE('',#11486,#11486,#11488,.T.);
#11486 = VERTEX_POINT('',#11487);
#11487 = CARTESIAN_POINT('',(-41.092,-16.1164,1.6));
#11488 = CIRCLE('',#11489,0.55);
#11489 = AXIS2_PLACEMENT_3D('',#11490,#11491,#11492);
#11490 = CARTESIAN_POINT('',(-41.092,-15.5664,1.6));
#11491 = DIRECTION('',(-0.,0.,-1.));
#11492 = DIRECTION('',(-0.,-1.,0.));
#11493 = FACE_BOUND('',#11494,.T.);
#11494 = EDGE_LOOP('',(#11495));
#11495 = ORIENTED_EDGE('',*,*,#11496,.T.);
#11496 = EDGE_CURVE('',#11497,#11497,#11499,.T.);
#11497 = VERTEX_POINT('',#11498);
#11498 = CARTESIAN_POINT('',(-37.592,-16.1164,1.6));
#11499 = CIRCLE('',#11500,0.55);
#11500 = AXIS2_PLACEMENT_3D('',#11501,#11502,#11503);
#11501 = CARTESIAN_POINT('',(-37.592,-15.5664,1.6));
#11502 = DIRECTION('',(-0.,0.,-1.));
#11503 = DIRECTION('',(-0.,-1.,0.));
#11504 = FACE_BOUND('',#11505,.T.);
#11505 = EDGE_LOOP('',(#11506));
#11506 = ORIENTED_EDGE('',*,*,#11507,.T.);
#11507 = EDGE_CURVE('',#11508,#11508,#11510,.T.);
#11508 = VERTEX_POINT('',#11509);
#11509 = CARTESIAN_POINT('',(-31.707075,-16.1164,1.6));
#11510 = CIRCLE('',#11511,0.55);
#11511 = AXIS2_PLACEMENT_3D('',#11512,#11513,#11514);
#11512 = CARTESIAN_POINT('',(-31.707075,-15.5664,1.6));
#11513 = DIRECTION('',(-0.,0.,-1.));
#11514 = DIRECTION('',(-0.,-1.,0.));
#11515 = FACE_BOUND('',#11516,.T.);
#11516 = EDGE_LOOP('',(#11517));
#11517 = ORIENTED_EDGE('',*,*,#11518,.T.);
#11518 = EDGE_CURVE('',#11519,#11519,#11521,.T.);
#11519 = VERTEX_POINT('',#11520);
#11520 = CARTESIAN_POINT('',(-28.207075,-16.1164,1.6));
#11521 = CIRCLE('',#11522,0.55);
#11522 = AXIS2_PLACEMENT_3D('',#11523,#11524,#11525);
#11523 = CARTESIAN_POINT('',(-28.207075,-15.5664,1.6));
#11524 = DIRECTION('',(-0.,0.,-1.));
#11525 = DIRECTION('',(-0.,-1.,0.));
#11526 = FACE_BOUND('',#11527,.T.);
#11527 = EDGE_LOOP('',(#11528));
#11528 = ORIENTED_EDGE('',*,*,#11529,.T.);
#11529 = EDGE_CURVE('',#11530,#11530,#11532,.T.);
#11530 = VERTEX_POINT('',#11531);
#11531 = CARTESIAN_POINT('',(-22.451075,-16.0948,1.6));
#11532 = CIRCLE('',#11533,0.55);
#11533 = AXIS2_PLACEMENT_3D('',#11534,#11535,#11536);
#11534 = CARTESIAN_POINT('',(-22.451075,-15.5448,1.6));
#11535 = DIRECTION('',(-0.,0.,-1.));
#11536 = DIRECTION('',(-0.,-1.,0.));
#11537 = FACE_BOUND('',#11538,.T.);
#11538 = EDGE_LOOP('',(#11539));
#11539 = ORIENTED_EDGE('',*,*,#11540,.T.);
#11540 = EDGE_CURVE('',#11541,#11541,#11543,.T.);
#11541 = VERTEX_POINT('',#11542);
#11542 = CARTESIAN_POINT('',(-41.092,-11.1164,1.6));
#11543 = CIRCLE('',#11544,0.55);
#11544 = AXIS2_PLACEMENT_3D('',#11545,#11546,#11547);
#11545 = CARTESIAN_POINT('',(-41.092,-10.5664,1.6));
#11546 = DIRECTION('',(-0.,0.,-1.));
#11547 = DIRECTION('',(-0.,-1.,0.));
#11548 = FACE_BOUND('',#11549,.T.);
#11549 = EDGE_LOOP('',(#11550));
#11550 = ORIENTED_EDGE('',*,*,#11551,.T.);
#11551 = EDGE_CURVE('',#11552,#11552,#11554,.T.);
#11552 = VERTEX_POINT('',#11553);
#11553 = CARTESIAN_POINT('',(-37.592,-11.1164,1.6));
#11554 = CIRCLE('',#11555,0.55);
#11555 = AXIS2_PLACEMENT_3D('',#11556,#11557,#11558);
#11556 = CARTESIAN_POINT('',(-37.592,-10.5664,1.6));
#11557 = DIRECTION('',(-0.,0.,-1.));
#11558 = DIRECTION('',(-0.,-1.,0.));
#11559 = FACE_BOUND('',#11560,.T.);
#11560 = EDGE_LOOP('',(#11561));
#11561 = ORIENTED_EDGE('',*,*,#11562,.T.);
#11562 = EDGE_CURVE('',#11563,#11563,#11565,.T.);
#11563 = VERTEX_POINT('',#11564);
#11564 = CARTESIAN_POINT('',(-31.707075,-11.1164,1.6));
#11565 = CIRCLE('',#11566,0.55);
#11566 = AXIS2_PLACEMENT_3D('',#11567,#11568,#11569);
#11567 = CARTESIAN_POINT('',(-31.707075,-10.5664,1.6));
#11568 = DIRECTION('',(-0.,0.,-1.));
#11569 = DIRECTION('',(-0.,-1.,0.));
#11570 = FACE_BOUND('',#11571,.T.);
#11571 = EDGE_LOOP('',(#11572));
#11572 = ORIENTED_EDGE('',*,*,#11573,.T.);
#11573 = EDGE_CURVE('',#11574,#11574,#11576,.T.);
#11574 = VERTEX_POINT('',#11575);
#11575 = CARTESIAN_POINT('',(-28.207075,-11.1164,1.6));
#11576 = CIRCLE('',#11577,0.55);
#11577 = AXIS2_PLACEMENT_3D('',#11578,#11579,#11580);
#11578 = CARTESIAN_POINT('',(-28.207075,-10.5664,1.6));
#11579 = DIRECTION('',(-0.,0.,-1.));
#11580 = DIRECTION('',(-0.,-1.,0.));
#11581 = FACE_BOUND('',#11582,.T.);
#11582 = EDGE_LOOP('',(#11583));
#11583 = ORIENTED_EDGE('',*,*,#11584,.T.);
#11584 = EDGE_CURVE('',#11585,#11585,#11587,.T.);
#11585 = VERTEX_POINT('',#11586);
#11586 = CARTESIAN_POINT('',(-22.451075,-11.0948,1.6));
#11587 = CIRCLE('',#11588,0.55);
#11588 = AXIS2_PLACEMENT_3D('',#11589,#11590,#11591);
#11589 = CARTESIAN_POINT('',(-22.451075,-10.5448,1.6));
#11590 = DIRECTION('',(-0.,0.,-1.));
#11591 = DIRECTION('',(-0.,-1.,0.));
#11592 = FACE_BOUND('',#11593,.T.);
#11593 = EDGE_LOOP('',(#11594));
#11594 = ORIENTED_EDGE('',*,*,#11595,.T.);
#11595 = EDGE_CURVE('',#11596,#11596,#11598,.T.);
#11596 = VERTEX_POINT('',#11597);
#11597 = CARTESIAN_POINT('',(-18.951075,-16.0948,1.6));
#11598 = CIRCLE('',#11599,0.55);
#11599 = AXIS2_PLACEMENT_3D('',#11600,#11601,#11602);
#11600 = CARTESIAN_POINT('',(-18.951075,-15.5448,1.6));
#11601 = DIRECTION('',(-0.,0.,-1.));
#11602 = DIRECTION('',(-0.,-1.,0.));
#11603 = FACE_BOUND('',#11604,.T.);
#11604 = EDGE_LOOP('',(#11605));
#11605 = ORIENTED_EDGE('',*,*,#11606,.T.);
#11606 = EDGE_CURVE('',#11607,#11607,#11609,.T.);
#11607 = VERTEX_POINT('',#11608);
#11608 = CARTESIAN_POINT('',(-15.451075,-16.0948,1.6));
#11609 = CIRCLE('',#11610,0.55);
#11610 = AXIS2_PLACEMENT_3D('',#11611,#11612,#11613);
#11611 = CARTESIAN_POINT('',(-15.451075,-15.5448,1.6));
#11612 = DIRECTION('',(-0.,0.,-1.));
#11613 = DIRECTION('',(-0.,-1.,0.));
#11614 = FACE_BOUND('',#11615,.T.);
#11615 = EDGE_LOOP('',(#11616));
#11616 = ORIENTED_EDGE('',*,*,#11617,.T.);
#11617 = EDGE_CURVE('',#11618,#11618,#11620,.T.);
#11618 = VERTEX_POINT('',#11619);
#11619 = CARTESIAN_POINT('',(-9.467475,-16.0096,1.6));
#11620 = CIRCLE('',#11621,0.55);
#11621 = AXIS2_PLACEMENT_3D('',#11622,#11623,#11624);
#11622 = CARTESIAN_POINT('',(-9.467475,-15.4596,1.6));
#11623 = DIRECTION('',(-0.,0.,-1.));
#11624 = DIRECTION('',(-0.,-1.,0.));
#11625 = FACE_BOUND('',#11626,.T.);
#11626 = EDGE_LOOP('',(#11627));
#11627 = ORIENTED_EDGE('',*,*,#11628,.T.);
#11628 = EDGE_CURVE('',#11629,#11629,#11631,.T.);
#11629 = VERTEX_POINT('',#11630);
#11630 = CARTESIAN_POINT('',(-5.967475,-16.0096,1.6));
#11631 = CIRCLE('',#11632,0.55);
#11632 = AXIS2_PLACEMENT_3D('',#11633,#11634,#11635);
#11633 = CARTESIAN_POINT('',(-5.967475,-15.4596,1.6));
#11634 = DIRECTION('',(-0.,0.,-1.));
#11635 = DIRECTION('',(-0.,-1.,0.));
#11636 = FACE_BOUND('',#11637,.T.);
#11637 = EDGE_LOOP('',(#11638));
#11638 = ORIENTED_EDGE('',*,*,#11639,.T.);
#11639 = EDGE_CURVE('',#11640,#11640,#11642,.T.);
#11640 = VERTEX_POINT('',#11641);
#11641 = CARTESIAN_POINT('',(-2.467475,-16.0096,1.6));
#11642 = CIRCLE('',#11643,0.55);
#11643 = AXIS2_PLACEMENT_3D('',#11644,#11645,#11646);
#11644 = CARTESIAN_POINT('',(-2.467475,-15.4596,1.6));
#11645 = DIRECTION('',(-0.,0.,-1.));
#11646 = DIRECTION('',(8.074349270001E-16,-1.,-0.));
#11647 = FACE_BOUND('',#11648,.T.);
#11648 = EDGE_LOOP('',(#11649));
#11649 = ORIENTED_EDGE('',*,*,#11650,.T.);
#11650 = EDGE_CURVE('',#11651,#11651,#11653,.T.);
#11651 = VERTEX_POINT('',#11652);
#11652 = CARTESIAN_POINT('',(-18.951075,-11.0948,1.6));
#11653 = CIRCLE('',#11654,0.55);
#11654 = AXIS2_PLACEMENT_3D('',#11655,#11656,#11657);
#11655 = CARTESIAN_POINT('',(-18.951075,-10.5448,1.6));
#11656 = DIRECTION('',(-0.,0.,-1.));
#11657 = DIRECTION('',(-0.,-1.,0.));
#11658 = FACE_BOUND('',#11659,.T.);
#11659 = EDGE_LOOP('',(#11660));
#11660 = ORIENTED_EDGE('',*,*,#11661,.T.);
#11661 = EDGE_CURVE('',#11662,#11662,#11664,.T.);
#11662 = VERTEX_POINT('',#11663);
#11663 = CARTESIAN_POINT('',(-15.451075,-11.0948,1.6));
#11664 = CIRCLE('',#11665,0.55);
#11665 = AXIS2_PLACEMENT_3D('',#11666,#11667,#11668);
#11666 = CARTESIAN_POINT('',(-15.451075,-10.5448,1.6));
#11667 = DIRECTION('',(-0.,0.,-1.));
#11668 = DIRECTION('',(-0.,-1.,0.));
#11669 = FACE_BOUND('',#11670,.T.);
#11670 = EDGE_LOOP('',(#11671));
#11671 = ORIENTED_EDGE('',*,*,#11672,.T.);
#11672 = EDGE_CURVE('',#11673,#11673,#11675,.T.);
#11673 = VERTEX_POINT('',#11674);
#11674 = CARTESIAN_POINT('',(-9.467475,-11.0096,1.6));
#11675 = CIRCLE('',#11676,0.55);
#11676 = AXIS2_PLACEMENT_3D('',#11677,#11678,#11679);
#11677 = CARTESIAN_POINT('',(-9.467475,-10.4596,1.6));
#11678 = DIRECTION('',(-0.,0.,-1.));
#11679 = DIRECTION('',(-0.,-1.,0.));
#11680 = FACE_BOUND('',#11681,.T.);
#11681 = EDGE_LOOP('',(#11682));
#11682 = ORIENTED_EDGE('',*,*,#11683,.T.);
#11683 = EDGE_CURVE('',#11684,#11684,#11686,.T.);
#11684 = VERTEX_POINT('',#11685);
#11685 = CARTESIAN_POINT('',(-5.967475,-11.0096,1.6));
#11686 = CIRCLE('',#11687,0.55);
#11687 = AXIS2_PLACEMENT_3D('',#11688,#11689,#11690);
#11688 = CARTESIAN_POINT('',(-5.967475,-10.4596,1.6));
#11689 = DIRECTION('',(-0.,0.,-1.));
#11690 = DIRECTION('',(-0.,-1.,0.));
#11691 = FACE_BOUND('',#11692,.T.);
#11692 = EDGE_LOOP('',(#11693));
#11693 = ORIENTED_EDGE('',*,*,#11694,.T.);
#11694 = EDGE_CURVE('',#11695,#11695,#11697,.T.);
#11695 = VERTEX_POINT('',#11696);
#11696 = CARTESIAN_POINT('',(-2.467475,-11.0096,1.6));
#11697 = CIRCLE('',#11698,0.55);
#11698 = AXIS2_PLACEMENT_3D('',#11699,#11700,#11701);
#11699 = CARTESIAN_POINT('',(-2.467475,-10.4596,1.6));
#11700 = DIRECTION('',(-0.,0.,-1.));
#11701 = DIRECTION('',(8.074349270001E-16,-1.,-0.));
#11702 = FACE_BOUND('',#11703,.T.);
#11703 = EDGE_LOOP('',(#11704));
#11704 = ORIENTED_EDGE('',*,*,#11705,.T.);
#11705 = EDGE_CURVE('',#11706,#11706,#11708,.T.);
#11706 = VERTEX_POINT('',#11707);
#11707 = CARTESIAN_POINT('',(-39.878,-2.7024,1.6));
#11708 = CIRCLE('',#11709,1.6);
#11709 = AXIS2_PLACEMENT_3D('',#11710,#11711,#11712);
#11710 = CARTESIAN_POINT('',(-39.878,-1.1024,1.6));
#11711 = DIRECTION('',(-0.,0.,-1.));
#11712 = DIRECTION('',(-0.,-1.,0.));
#11713 = FACE_BOUND('',#11714,.T.);
#11714 = EDGE_LOOP('',(#11715));
#11715 = ORIENTED_EDGE('',*,*,#11716,.T.);
#11716 = EDGE_CURVE('',#11717,#11717,#11719,.T.);
#11717 = VERTEX_POINT('',#11718);
#11718 = CARTESIAN_POINT('',(-22.918675,-1.262,1.6));
#11719 = CIRCLE('',#11720,0.5);
#11720 = AXIS2_PLACEMENT_3D('',#11721,#11722,#11723);
#11721 = CARTESIAN_POINT('',(-22.918675,-0.762,1.6));
#11722 = DIRECTION('',(-0.,0.,-1.));
#11723 = DIRECTION('',(-0.,-1.,0.));
#11724 = FACE_BOUND('',#11725,.T.);
#11725 = EDGE_LOOP('',(#11726));
#11726 = ORIENTED_EDGE('',*,*,#11727,.T.);
#11727 = EDGE_CURVE('',#11728,#11728,#11730,.T.);
#11728 = VERTEX_POINT('',#11729);
#11729 = CARTESIAN_POINT('',(-20.378675,-1.262,1.6));
#11730 = CIRCLE('',#11731,0.5);
#11731 = AXIS2_PLACEMENT_3D('',#11732,#11733,#11734);
#11732 = CARTESIAN_POINT('',(-20.378675,-0.762,1.6));
#11733 = DIRECTION('',(-0.,0.,-1.));
#11734 = DIRECTION('',(-0.,-1.,0.));
#11735 = FACE_BOUND('',#11736,.T.);
#11736 = EDGE_LOOP('',(#11737));
#11737 = ORIENTED_EDGE('',*,*,#11738,.T.);
#11738 = EDGE_CURVE('',#11739,#11739,#11741,.T.);
#11739 = VERTEX_POINT('',#11740);
#11740 = CARTESIAN_POINT('',(-17.838675,-1.262,1.6));
#11741 = CIRCLE('',#11742,0.5);
#11742 = AXIS2_PLACEMENT_3D('',#11743,#11744,#11745);
#11743 = CARTESIAN_POINT('',(-17.838675,-0.762,1.6));
#11744 = DIRECTION('',(-0.,0.,-1.));
#11745 = DIRECTION('',(-0.,-1.,0.));
#11746 = FACE_BOUND('',#11747,.T.);
#11747 = EDGE_LOOP('',(#11748));
#11748 = ORIENTED_EDGE('',*,*,#11749,.T.);
#11749 = EDGE_CURVE('',#11750,#11750,#11752,.T.);
#11750 = VERTEX_POINT('',#11751);
#11751 = CARTESIAN_POINT('',(-15.298675,-1.262,1.6));
#11752 = CIRCLE('',#11753,0.5);
#11753 = AXIS2_PLACEMENT_3D('',#11754,#11755,#11756);
#11754 = CARTESIAN_POINT('',(-15.298675,-0.762,1.6));
#11755 = DIRECTION('',(-0.,0.,-1.));
#11756 = DIRECTION('',(-0.,-1.,0.));
#11757 = FACE_BOUND('',#11758,.T.);
#11758 = EDGE_LOOP('',(#11759));
#11759 = ORIENTED_EDGE('',*,*,#11760,.T.);
#11760 = EDGE_CURVE('',#11761,#11761,#11763,.T.);
#11761 = VERTEX_POINT('',#11762);
#11762 = CARTESIAN_POINT('',(-12.758675,-1.262,1.6));
#11763 = CIRCLE('',#11764,0.5);
#11764 = AXIS2_PLACEMENT_3D('',#11765,#11766,#11767);
#11765 = CARTESIAN_POINT('',(-12.758675,-0.762,1.6));
#11766 = DIRECTION('',(-0.,0.,-1.));
#11767 = DIRECTION('',(-0.,-1.,0.));
#11768 = FACE_BOUND('',#11769,.T.);
#11769 = EDGE_LOOP('',(#11770));
#11770 = ORIENTED_EDGE('',*,*,#11771,.T.);
#11771 = EDGE_CURVE('',#11772,#11772,#11774,.T.);
#11772 = VERTEX_POINT('',#11773);
#11773 = CARTESIAN_POINT('',(-10.218675,-1.262,1.6));
#11774 = CIRCLE('',#11775,0.5);
#11775 = AXIS2_PLACEMENT_3D('',#11776,#11777,#11778);
#11776 = CARTESIAN_POINT('',(-10.218675,-0.762,1.6));
#11777 = DIRECTION('',(-0.,0.,-1.));
#11778 = DIRECTION('',(-0.,-1.,0.));
#11779 = FACE_BOUND('',#11780,.T.);
#11780 = EDGE_LOOP('',(#11781));
#11781 = ORIENTED_EDGE('',*,*,#11782,.T.);
#11782 = EDGE_CURVE('',#11783,#11783,#11785,.T.);
#11783 = VERTEX_POINT('',#11784);
#11784 = CARTESIAN_POINT('',(-7.678675,-1.262,1.6));
#11785 = CIRCLE('',#11786,0.5);
#11786 = AXIS2_PLACEMENT_3D('',#11787,#11788,#11789);
#11787 = CARTESIAN_POINT('',(-7.678675,-0.762,1.6));
#11788 = DIRECTION('',(-0.,0.,-1.));
#11789 = DIRECTION('',(-0.,-1.,0.));
#11790 = FACE_BOUND('',#11791,.T.);
#11791 = EDGE_LOOP('',(#11792));
#11792 = ORIENTED_EDGE('',*,*,#11793,.T.);
#11793 = EDGE_CURVE('',#11794,#11794,#11796,.T.);
#11794 = VERTEX_POINT('',#11795);
#11795 = CARTESIAN_POINT('',(-5.138675,-1.262,1.6));
#11796 = CIRCLE('',#11797,0.5);
#11797 = AXIS2_PLACEMENT_3D('',#11798,#11799,#11800);
#11798 = CARTESIAN_POINT('',(-5.138675,-0.762,1.6));
#11799 = DIRECTION('',(-0.,0.,-1.));
#11800 = DIRECTION('',(-0.,-1.,0.));
#11801 = FACE_BOUND('',#11802,.T.);
#11802 = EDGE_LOOP('',(#11803));
#11803 = ORIENTED_EDGE('',*,*,#11804,.T.);
#11804 = EDGE_CURVE('',#11805,#11805,#11807,.T.);
#11805 = VERTEX_POINT('',#11806);
#11806 = CARTESIAN_POINT('',(-2.598675,-1.262,1.6));
#11807 = CIRCLE('',#11808,0.5);
#11808 = AXIS2_PLACEMENT_3D('',#11809,#11810,#11811);
#11809 = CARTESIAN_POINT('',(-2.598675,-0.762,1.6));
#11810 = DIRECTION('',(-0.,0.,-1.));
#11811 = DIRECTION('',(-0.,-1.,0.));
#11812 = FACE_BOUND('',#11813,.T.);
#11813 = EDGE_LOOP('',(#11814));
#11814 = ORIENTED_EDGE('',*,*,#11815,.T.);
#11815 = EDGE_CURVE('',#11816,#11816,#11818,.T.);
#11816 = VERTEX_POINT('',#11817);
#11817 = CARTESIAN_POINT('',(-5.8675E-02,-1.262,1.6));
#11818 = CIRCLE('',#11819,0.5);
#11819 = AXIS2_PLACEMENT_3D('',#11820,#11821,#11822);
#11820 = CARTESIAN_POINT('',(-5.8675E-02,-0.762,1.6));
#11821 = DIRECTION('',(-0.,0.,-1.));
#11822 = DIRECTION('',(6.938893903907E-17,-1.,-0.));
#11823 = FACE_BOUND('',#11824,.T.);
#11824 = EDGE_LOOP('',(#11825));
#11825 = ORIENTED_EDGE('',*,*,#11826,.T.);
#11826 = EDGE_CURVE('',#11827,#11827,#11829,.T.);
#11827 = VERTEX_POINT('',#11828);
#11828 = CARTESIAN_POINT('',(3.386125,-15.9932,1.6));
#11829 = CIRCLE('',#11830,0.55);
#11830 = AXIS2_PLACEMENT_3D('',#11831,#11832,#11833);
#11831 = CARTESIAN_POINT('',(3.386125,-15.4432,1.6));
#11832 = DIRECTION('',(-0.,0.,-1.));
#11833 = DIRECTION('',(-0.,-1.,0.));
#11834 = FACE_BOUND('',#11835,.T.);
#11835 = EDGE_LOOP('',(#11836));
#11836 = ORIENTED_EDGE('',*,*,#11837,.T.);
#11837 = EDGE_CURVE('',#11838,#11838,#11840,.T.);
#11838 = VERTEX_POINT('',#11839);
#11839 = CARTESIAN_POINT('',(6.886125,-15.9932,1.6));
#11840 = CIRCLE('',#11841,0.55);
#11841 = AXIS2_PLACEMENT_3D('',#11842,#11843,#11844);
#11842 = CARTESIAN_POINT('',(6.886125,-15.4432,1.6));
#11843 = DIRECTION('',(-0.,0.,-1.));
#11844 = DIRECTION('',(-0.,-1.,0.));
#11845 = FACE_BOUND('',#11846,.T.);
#11846 = EDGE_LOOP('',(#11847));
#11847 = ORIENTED_EDGE('',*,*,#11848,.T.);
#11848 = EDGE_CURVE('',#11849,#11849,#11851,.T.);
#11849 = VERTEX_POINT('',#11850);
#11850 = CARTESIAN_POINT('',(10.386125,-15.9932,1.6));
#11851 = CIRCLE('',#11852,0.55);
#11852 = AXIS2_PLACEMENT_3D('',#11853,#11854,#11855);
#11853 = CARTESIAN_POINT('',(10.386125,-15.4432,1.6));
#11854 = DIRECTION('',(-0.,0.,-1.));
#11855 = DIRECTION('',(-0.,-1.,0.));
#11856 = FACE_BOUND('',#11857,.T.);
#11857 = EDGE_LOOP('',(#11858));
#11858 = ORIENTED_EDGE('',*,*,#11859,.T.);
#11859 = EDGE_CURVE('',#11860,#11860,#11862,.T.);
#11860 = VERTEX_POINT('',#11861);
#11861 = CARTESIAN_POINT('',(16.146525,-16.044,1.6));
#11862 = CIRCLE('',#11863,0.55);
#11863 = AXIS2_PLACEMENT_3D('',#11864,#11865,#11866);
#11864 = CARTESIAN_POINT('',(16.146525,-15.494,1.6));
#11865 = DIRECTION('',(-0.,0.,-1.));
#11866 = DIRECTION('',(-0.,-1.,0.));
#11867 = FACE_BOUND('',#11868,.T.);
#11868 = EDGE_LOOP('',(#11869));
#11869 = ORIENTED_EDGE('',*,*,#11870,.T.);
#11870 = EDGE_CURVE('',#11871,#11871,#11873,.T.);
#11871 = VERTEX_POINT('',#11872);
#11872 = CARTESIAN_POINT('',(19.646525,-16.044,1.6));
#11873 = CIRCLE('',#11874,0.55);
#11874 = AXIS2_PLACEMENT_3D('',#11875,#11876,#11877);
#11875 = CARTESIAN_POINT('',(19.646525,-15.494,1.6));
#11876 = DIRECTION('',(-0.,0.,-1.));
#11877 = DIRECTION('',(-0.,-1.,0.));
#11878 = FACE_BOUND('',#11879,.T.);
#11879 = EDGE_LOOP('',(#11880));
#11880 = ORIENTED_EDGE('',*,*,#11881,.T.);
#11881 = EDGE_CURVE('',#11882,#11882,#11884,.T.);
#11882 = VERTEX_POINT('',#11883);
#11883 = CARTESIAN_POINT('',(3.386125,-10.9932,1.6));
#11884 = CIRCLE('',#11885,0.55);
#11885 = AXIS2_PLACEMENT_3D('',#11886,#11887,#11888);
#11886 = CARTESIAN_POINT('',(3.386125,-10.4432,1.6));
#11887 = DIRECTION('',(-0.,0.,-1.));
#11888 = DIRECTION('',(-0.,-1.,0.));
#11889 = FACE_BOUND('',#11890,.T.);
#11890 = EDGE_LOOP('',(#11891));
#11891 = ORIENTED_EDGE('',*,*,#11892,.T.);
#11892 = EDGE_CURVE('',#11893,#11893,#11895,.T.);
#11893 = VERTEX_POINT('',#11894);
#11894 = CARTESIAN_POINT('',(6.886125,-10.9932,1.6));
#11895 = CIRCLE('',#11896,0.55);
#11896 = AXIS2_PLACEMENT_3D('',#11897,#11898,#11899);
#11897 = CARTESIAN_POINT('',(6.886125,-10.4432,1.6));
#11898 = DIRECTION('',(-0.,0.,-1.));
#11899 = DIRECTION('',(-0.,-1.,0.));
#11900 = FACE_BOUND('',#11901,.T.);
#11901 = EDGE_LOOP('',(#11902));
#11902 = ORIENTED_EDGE('',*,*,#11903,.T.);
#11903 = EDGE_CURVE('',#11904,#11904,#11906,.T.);
#11904 = VERTEX_POINT('',#11905);
#11905 = CARTESIAN_POINT('',(10.386125,-10.9932,1.6));
#11906 = CIRCLE('',#11907,0.55);
#11907 = AXIS2_PLACEMENT_3D('',#11908,#11909,#11910);
#11908 = CARTESIAN_POINT('',(10.386125,-10.4432,1.6));
#11909 = DIRECTION('',(-0.,0.,-1.));
#11910 = DIRECTION('',(-0.,-1.,0.));
#11911 = FACE_BOUND('',#11912,.T.);
#11912 = EDGE_LOOP('',(#11913));
#11913 = ORIENTED_EDGE('',*,*,#11914,.T.);
#11914 = EDGE_CURVE('',#11915,#11915,#11917,.T.);
#11915 = VERTEX_POINT('',#11916);
#11916 = CARTESIAN_POINT('',(16.146525,-11.044,1.6));
#11917 = CIRCLE('',#11918,0.55);
#11918 = AXIS2_PLACEMENT_3D('',#11919,#11920,#11921);
#11919 = CARTESIAN_POINT('',(16.146525,-10.494,1.6));
#11920 = DIRECTION('',(-0.,0.,-1.));
#11921 = DIRECTION('',(-0.,-1.,0.));
#11922 = FACE_BOUND('',#11923,.T.);
#11923 = EDGE_LOOP('',(#11924));
#11924 = ORIENTED_EDGE('',*,*,#11925,.T.);
#11925 = EDGE_CURVE('',#11926,#11926,#11928,.T.);
#11926 = VERTEX_POINT('',#11927);
#11927 = CARTESIAN_POINT('',(19.646525,-11.044,1.6));
#11928 = CIRCLE('',#11929,0.55);
#11929 = AXIS2_PLACEMENT_3D('',#11930,#11931,#11932);
#11930 = CARTESIAN_POINT('',(19.646525,-10.494,1.6));
#11931 = DIRECTION('',(-0.,0.,-1.));
#11932 = DIRECTION('',(-0.,-1.,0.));
#11933 = FACE_BOUND('',#11934,.T.);
#11934 = EDGE_LOOP('',(#11935));
#11935 = ORIENTED_EDGE('',*,*,#11936,.T.);
#11936 = EDGE_CURVE('',#11937,#11937,#11939,.T.);
#11937 = VERTEX_POINT('',#11938);
#11938 = CARTESIAN_POINT('',(23.146525,-16.044,1.6));
#11939 = CIRCLE('',#11940,0.55);
#11940 = AXIS2_PLACEMENT_3D('',#11941,#11942,#11943);
#11941 = CARTESIAN_POINT('',(23.146525,-15.494,1.6));
#11942 = DIRECTION('',(-0.,0.,-1.));
#11943 = DIRECTION('',(-0.,-1.,0.));
#11944 = FACE_BOUND('',#11945,.T.);
#11945 = EDGE_LOOP('',(#11946));
#11946 = ORIENTED_EDGE('',*,*,#11947,.T.);
#11947 = EDGE_CURVE('',#11948,#11948,#11950,.T.);
#11948 = VERTEX_POINT('',#11949);
#11949 = CARTESIAN_POINT('',(28.643325,-16.044,1.6));
#11950 = CIRCLE('',#11951,0.55);
#11951 = AXIS2_PLACEMENT_3D('',#11952,#11953,#11954);
#11952 = CARTESIAN_POINT('',(28.643325,-15.494,1.6));
#11953 = DIRECTION('',(-0.,0.,-1.));
#11954 = DIRECTION('',(-0.,-1.,0.));
#11955 = FACE_BOUND('',#11956,.T.);
#11956 = EDGE_LOOP('',(#11957));
#11957 = ORIENTED_EDGE('',*,*,#11958,.T.);
#11958 = EDGE_CURVE('',#11959,#11959,#11961,.T.);
#11959 = VERTEX_POINT('',#11960);
#11960 = CARTESIAN_POINT('',(32.143325,-16.044,1.6));
#11961 = CIRCLE('',#11962,0.55);
#11962 = AXIS2_PLACEMENT_3D('',#11963,#11964,#11965);
#11963 = CARTESIAN_POINT('',(32.143325,-15.494,1.6));
#11964 = DIRECTION('',(-0.,0.,-1.));
#11965 = DIRECTION('',(-1.2918958832E-14,-1.,0.));
#11966 = FACE_BOUND('',#11967,.T.);
#11967 = EDGE_LOOP('',(#11968));
#11968 = ORIENTED_EDGE('',*,*,#11969,.T.);
#11969 = EDGE_CURVE('',#11970,#11970,#11972,.T.);
#11970 = VERTEX_POINT('',#11971);
#11971 = CARTESIAN_POINT('',(37.592,-16.044,1.6));
#11972 = CIRCLE('',#11973,0.55);
#11973 = AXIS2_PLACEMENT_3D('',#11974,#11975,#11976);
#11974 = CARTESIAN_POINT('',(37.592,-15.494,1.6));
#11975 = DIRECTION('',(-0.,0.,-1.));
#11976 = DIRECTION('',(-0.,-1.,0.));
#11977 = FACE_BOUND('',#11978,.T.);
#11978 = EDGE_LOOP('',(#11979));
#11979 = ORIENTED_EDGE('',*,*,#11980,.T.);
#11980 = EDGE_CURVE('',#11981,#11981,#11983,.T.);
#11981 = VERTEX_POINT('',#11982);
#11982 = CARTESIAN_POINT('',(41.092,-16.044,1.6));
#11983 = CIRCLE('',#11984,0.55);
#11984 = AXIS2_PLACEMENT_3D('',#11985,#11986,#11987);
#11985 = CARTESIAN_POINT('',(41.092,-15.494,1.6));
#11986 = DIRECTION('',(-0.,0.,-1.));
#11987 = DIRECTION('',(-0.,-1.,0.));
#11988 = FACE_BOUND('',#11989,.T.);
#11989 = EDGE_LOOP('',(#11990));
#11990 = ORIENTED_EDGE('',*,*,#11991,.T.);
#11991 = EDGE_CURVE('',#11992,#11992,#11994,.T.);
#11992 = VERTEX_POINT('',#11993);
#11993 = CARTESIAN_POINT('',(23.146525,-11.044,1.6));
#11994 = CIRCLE('',#11995,0.55);
#11995 = AXIS2_PLACEMENT_3D('',#11996,#11997,#11998);
#11996 = CARTESIAN_POINT('',(23.146525,-10.494,1.6));
#11997 = DIRECTION('',(-0.,0.,-1.));
#11998 = DIRECTION('',(-0.,-1.,0.));
#11999 = FACE_BOUND('',#12000,.T.);
#12000 = EDGE_LOOP('',(#12001));
#12001 = ORIENTED_EDGE('',*,*,#12002,.T.);
#12002 = EDGE_CURVE('',#12003,#12003,#12005,.T.);
#12003 = VERTEX_POINT('',#12004);
#12004 = CARTESIAN_POINT('',(28.643325,-11.044,1.6));
#12005 = CIRCLE('',#12006,0.55);
#12006 = AXIS2_PLACEMENT_3D('',#12007,#12008,#12009);
#12007 = CARTESIAN_POINT('',(28.643325,-10.494,1.6));
#12008 = DIRECTION('',(-0.,0.,-1.));
#12009 = DIRECTION('',(-0.,-1.,0.));
#12010 = FACE_BOUND('',#12011,.T.);
#12011 = EDGE_LOOP('',(#12012));
#12012 = ORIENTED_EDGE('',*,*,#12013,.T.);
#12013 = EDGE_CURVE('',#12014,#12014,#12016,.T.);
#12014 = VERTEX_POINT('',#12015);
#12015 = CARTESIAN_POINT('',(32.143325,-11.044,1.6));
#12016 = CIRCLE('',#12017,0.55);
#12017 = AXIS2_PLACEMENT_3D('',#12018,#12019,#12020);
#12018 = CARTESIAN_POINT('',(32.143325,-10.494,1.6));
#12019 = DIRECTION('',(-0.,0.,-1.));
#12020 = DIRECTION('',(-1.2918958832E-14,-1.,0.));
#12021 = FACE_BOUND('',#12022,.T.);
#12022 = EDGE_LOOP('',(#12023));
#12023 = ORIENTED_EDGE('',*,*,#12024,.T.);
#12024 = EDGE_CURVE('',#12025,#12025,#12027,.T.);
#12025 = VERTEX_POINT('',#12026);
#12026 = CARTESIAN_POINT('',(37.592,-11.044,1.6));
#12027 = CIRCLE('',#12028,0.55);
#12028 = AXIS2_PLACEMENT_3D('',#12029,#12030,#12031);
#12029 = CARTESIAN_POINT('',(37.592,-10.494,1.6));
#12030 = DIRECTION('',(-0.,0.,-1.));
#12031 = DIRECTION('',(-0.,-1.,0.));
#12032 = FACE_BOUND('',#12033,.T.);
#12033 = EDGE_LOOP('',(#12034));
#12034 = ORIENTED_EDGE('',*,*,#12035,.T.);
#12035 = EDGE_CURVE('',#12036,#12036,#12038,.T.);
#12036 = VERTEX_POINT('',#12037);
#12037 = CARTESIAN_POINT('',(41.092,-11.044,1.6));
#12038 = CIRCLE('',#12039,0.55);
#12039 = AXIS2_PLACEMENT_3D('',#12040,#12041,#12042);
#12040 = CARTESIAN_POINT('',(41.092,-10.494,1.6));
#12041 = DIRECTION('',(-0.,0.,-1.));
#12042 = DIRECTION('',(-0.,-1.,0.));
#12043 = FACE_BOUND('',#12044,.T.);
#12044 = EDGE_LOOP('',(#12045));
#12045 = ORIENTED_EDGE('',*,*,#12046,.T.);
#12046 = EDGE_CURVE('',#12047,#12047,#12049,.T.);
#12047 = VERTEX_POINT('',#12048);
#12048 = CARTESIAN_POINT('',(2.481325,-1.262,1.6));
#12049 = CIRCLE('',#12050,0.5);
#12050 = AXIS2_PLACEMENT_3D('',#12051,#12052,#12053);
#12051 = CARTESIAN_POINT('',(2.481325,-0.762,1.6));
#12052 = DIRECTION('',(-0.,0.,-1.));
#12053 = DIRECTION('',(-0.,-1.,0.));
#12054 = FACE_BOUND('',#12055,.T.);
#12055 = EDGE_LOOP('',(#12056));
#12056 = ORIENTED_EDGE('',*,*,#12057,.T.);
#12057 = EDGE_CURVE('',#12058,#12058,#12060,.T.);
#12058 = VERTEX_POINT('',#12059);
#12059 = CARTESIAN_POINT('',(5.021325,-1.262,1.6));
#12060 = CIRCLE('',#12061,0.5);
#12061 = AXIS2_PLACEMENT_3D('',#12062,#12063,#12064);
#12062 = CARTESIAN_POINT('',(5.021325,-0.762,1.6));
#12063 = DIRECTION('',(-0.,0.,-1.));
#12064 = DIRECTION('',(-0.,-1.,0.));
#12065 = FACE_BOUND('',#12066,.T.);
#12066 = EDGE_LOOP('',(#12067));
#12067 = ORIENTED_EDGE('',*,*,#12068,.T.);
#12068 = EDGE_CURVE('',#12069,#12069,#12071,.T.);
#12069 = VERTEX_POINT('',#12070);
#12070 = CARTESIAN_POINT('',(40.132,-2.7024,1.6));
#12071 = CIRCLE('',#12072,1.6);
#12072 = AXIS2_PLACEMENT_3D('',#12073,#12074,#12075);
#12073 = CARTESIAN_POINT('',(40.132,-1.1024,1.6));
#12074 = DIRECTION('',(-0.,0.,-1.));
#12075 = DIRECTION('',(-0.,-1.,0.));
#12076 = FACE_BOUND('',#12077,.T.);
#12077 = EDGE_LOOP('',(#12078));
#12078 = ORIENTED_EDGE('',*,*,#12079,.T.);
#12079 = EDGE_CURVE('',#12080,#12080,#12082,.T.);
#12080 = VERTEX_POINT('',#12081);
#12081 = CARTESIAN_POINT('',(-22.918675,13.978,1.6));
#12082 = CIRCLE('',#12083,0.5);
#12083 = AXIS2_PLACEMENT_3D('',#12084,#12085,#12086);
#12084 = CARTESIAN_POINT('',(-22.918675,14.478,1.6));
#12085 = DIRECTION('',(-0.,0.,-1.));
#12086 = DIRECTION('',(-0.,-1.,0.));
#12087 = FACE_BOUND('',#12088,.T.);
#12088 = EDGE_LOOP('',(#12089));
#12089 = ORIENTED_EDGE('',*,*,#12090,.T.);
#12090 = EDGE_CURVE('',#12091,#12091,#12093,.T.);
#12091 = VERTEX_POINT('',#12092);
#12092 = CARTESIAN_POINT('',(-30.955475,13.7976,1.6));
#12093 = CIRCLE('',#12094,1.6);
#12094 = AXIS2_PLACEMENT_3D('',#12095,#12096,#12097);
#12095 = CARTESIAN_POINT('',(-30.955475,15.3976,1.6));
#12096 = DIRECTION('',(-0.,0.,-1.));
#12097 = DIRECTION('',(-0.,-1.,0.));
#12098 = FACE_BOUND('',#12099,.T.);
#12099 = EDGE_LOOP('',(#12100));
#12100 = ORIENTED_EDGE('',*,*,#12101,.T.);
#12101 = EDGE_CURVE('',#12102,#12102,#12104,.T.);
#12102 = VERTEX_POINT('',#12103);
#12103 = CARTESIAN_POINT('',(-20.378675,13.978,1.6));
#12104 = CIRCLE('',#12105,0.5);
#12105 = AXIS2_PLACEMENT_3D('',#12106,#12107,#12108);
#12106 = CARTESIAN_POINT('',(-20.378675,14.478,1.6));
#12107 = DIRECTION('',(-0.,0.,-1.));
#12108 = DIRECTION('',(-0.,-1.,0.));
#12109 = FACE_BOUND('',#12110,.T.);
#12110 = EDGE_LOOP('',(#12111));
#12111 = ORIENTED_EDGE('',*,*,#12112,.T.);
#12112 = EDGE_CURVE('',#12113,#12113,#12115,.T.);
#12113 = VERTEX_POINT('',#12114);
#12114 = CARTESIAN_POINT('',(-17.838675,13.978,1.6));
#12115 = CIRCLE('',#12116,0.5);
#12116 = AXIS2_PLACEMENT_3D('',#12117,#12118,#12119);
#12117 = CARTESIAN_POINT('',(-17.838675,14.478,1.6));
#12118 = DIRECTION('',(-0.,0.,-1.));
#12119 = DIRECTION('',(-0.,-1.,0.));
#12120 = FACE_BOUND('',#12121,.T.);
#12121 = EDGE_LOOP('',(#12122));
#12122 = ORIENTED_EDGE('',*,*,#12123,.T.);
#12123 = EDGE_CURVE('',#12124,#12124,#12126,.T.);
#12124 = VERTEX_POINT('',#12125);
#12125 = CARTESIAN_POINT('',(-15.298675,13.978,1.6));
#12126 = CIRCLE('',#12127,0.5);
#12127 = AXIS2_PLACEMENT_3D('',#12128,#12129,#12130);
#12128 = CARTESIAN_POINT('',(-15.298675,14.478,1.6));
#12129 = DIRECTION('',(-0.,0.,-1.));
#12130 = DIRECTION('',(-0.,-1.,0.));
#12131 = FACE_BOUND('',#12132,.T.);
#12132 = EDGE_LOOP('',(#12133));
#12133 = ORIENTED_EDGE('',*,*,#12134,.T.);
#12134 = EDGE_CURVE('',#12135,#12135,#12137,.T.);
#12135 = VERTEX_POINT('',#12136);
#12136 = CARTESIAN_POINT('',(-12.758675,13.978,1.6));
#12137 = CIRCLE('',#12138,0.5);
#12138 = AXIS2_PLACEMENT_3D('',#12139,#12140,#12141);
#12139 = CARTESIAN_POINT('',(-12.758675,14.478,1.6));
#12140 = DIRECTION('',(-0.,0.,-1.));
#12141 = DIRECTION('',(-0.,-1.,0.));
#12142 = FACE_BOUND('',#12143,.T.);
#12143 = EDGE_LOOP('',(#12144));
#12144 = ORIENTED_EDGE('',*,*,#12145,.T.);
#12145 = EDGE_CURVE('',#12146,#12146,#12148,.T.);
#12146 = VERTEX_POINT('',#12147);
#12147 = CARTESIAN_POINT('',(-10.218675,13.978,1.6));
#12148 = CIRCLE('',#12149,0.5);
#12149 = AXIS2_PLACEMENT_3D('',#12150,#12151,#12152);
#12150 = CARTESIAN_POINT('',(-10.218675,14.478,1.6));
#12151 = DIRECTION('',(-0.,0.,-1.));
#12152 = DIRECTION('',(-0.,-1.,0.));
#12153 = FACE_BOUND('',#12154,.T.);
#12154 = EDGE_LOOP('',(#12155));
#12155 = ORIENTED_EDGE('',*,*,#12156,.T.);
#12156 = EDGE_CURVE('',#12157,#12157,#12159,.T.);
#12157 = VERTEX_POINT('',#12158);
#12158 = CARTESIAN_POINT('',(-7.678675,13.978,1.6));
#12159 = CIRCLE('',#12160,0.5);
#12160 = AXIS2_PLACEMENT_3D('',#12161,#12162,#12163);
#12161 = CARTESIAN_POINT('',(-7.678675,14.478,1.6));
#12162 = DIRECTION('',(-0.,0.,-1.));
#12163 = DIRECTION('',(-0.,-1.,0.));
#12164 = FACE_BOUND('',#12165,.T.);
#12165 = EDGE_LOOP('',(#12166));
#12166 = ORIENTED_EDGE('',*,*,#12167,.T.);
#12167 = EDGE_CURVE('',#12168,#12168,#12170,.T.);
#12168 = VERTEX_POINT('',#12169);
#12169 = CARTESIAN_POINT('',(-5.138675,13.978,1.6));
#12170 = CIRCLE('',#12171,0.5);
#12171 = AXIS2_PLACEMENT_3D('',#12172,#12173,#12174);
#12172 = CARTESIAN_POINT('',(-5.138675,14.478,1.6));
#12173 = DIRECTION('',(-0.,0.,-1.));
#12174 = DIRECTION('',(-0.,-1.,0.));
#12175 = FACE_BOUND('',#12176,.T.);
#12176 = EDGE_LOOP('',(#12177));
#12177 = ORIENTED_EDGE('',*,*,#12178,.T.);
#12178 = EDGE_CURVE('',#12179,#12179,#12181,.T.);
#12179 = VERTEX_POINT('',#12180);
#12180 = CARTESIAN_POINT('',(-2.598675,13.978,1.6));
#12181 = CIRCLE('',#12182,0.5);
#12182 = AXIS2_PLACEMENT_3D('',#12183,#12184,#12185);
#12183 = CARTESIAN_POINT('',(-2.598675,14.478,1.6));
#12184 = DIRECTION('',(-0.,0.,-1.));
#12185 = DIRECTION('',(-0.,-1.,0.));
#12186 = FACE_BOUND('',#12187,.T.);
#12187 = EDGE_LOOP('',(#12188));
#12188 = ORIENTED_EDGE('',*,*,#12189,.T.);
#12189 = EDGE_CURVE('',#12190,#12190,#12192,.T.);
#12190 = VERTEX_POINT('',#12191);
#12191 = CARTESIAN_POINT('',(-5.8675E-02,13.978,1.6));
#12192 = CIRCLE('',#12193,0.5);
#12193 = AXIS2_PLACEMENT_3D('',#12194,#12195,#12196);
#12194 = CARTESIAN_POINT('',(-5.8675E-02,14.478,1.6));
#12195 = DIRECTION('',(-0.,0.,-1.));
#12196 = DIRECTION('',(6.938893903907E-17,-1.,-0.));
#12197 = FACE_BOUND('',#12198,.T.);
#12198 = EDGE_LOOP('',(#12199));
#12199 = ORIENTED_EDGE('',*,*,#12200,.T.);
#12200 = EDGE_CURVE('',#12201,#12201,#12203,.T.);
#12201 = VERTEX_POINT('',#12202);
#12202 = CARTESIAN_POINT('',(2.481325,13.978,1.6));
#12203 = CIRCLE('',#12204,0.5);
#12204 = AXIS2_PLACEMENT_3D('',#12205,#12206,#12207);
#12205 = CARTESIAN_POINT('',(2.481325,14.478,1.6));
#12206 = DIRECTION('',(-0.,0.,-1.));
#12207 = DIRECTION('',(-0.,-1.,0.));
#12208 = FACE_BOUND('',#12209,.T.);
#12209 = EDGE_LOOP('',(#12210));
#12210 = ORIENTED_EDGE('',*,*,#12211,.T.);
#12211 = EDGE_CURVE('',#12212,#12212,#12214,.T.);
#12212 = VERTEX_POINT('',#12213);
#12213 = CARTESIAN_POINT('',(5.021325,13.978,1.6));
#12214 = CIRCLE('',#12215,0.5);
#12215 = AXIS2_PLACEMENT_3D('',#12216,#12217,#12218);
#12216 = CARTESIAN_POINT('',(5.021325,14.478,1.6));
#12217 = DIRECTION('',(-0.,0.,-1.));
#12218 = DIRECTION('',(-0.,-1.,0.));
#12219 = FACE_BOUND('',#12220,.T.);
#12220 = EDGE_LOOP('',(#12221));
#12221 = ORIENTED_EDGE('',*,*,#12222,.T.);
#12222 = EDGE_CURVE('',#12223,#12223,#12225,.T.);
#12223 = VERTEX_POINT('',#12224);
#12224 = CARTESIAN_POINT('',(31.533725,13.7976,1.6));
#12225 = CIRCLE('',#12226,1.6);
#12226 = AXIS2_PLACEMENT_3D('',#12227,#12228,#12229);
#12227 = CARTESIAN_POINT('',(31.533725,15.3976,1.6));
#12228 = DIRECTION('',(-0.,0.,-1.));
#12229 = DIRECTION('',(2.22044604925E-15,-1.,-0.));
#12230 = PLANE('',#12231);
#12231 = AXIS2_PLACEMENT_3D('',#12232,#12233,#12234);
#12232 = CARTESIAN_POINT('',(0.,0.,1.6));
#12233 = DIRECTION('',(0.,0.,1.));
#12234 = DIRECTION('',(1.,0.,-0.));
#12235 = ADVANCED_FACE('',(#12236),#12242,.T.);
#12236 = FACE_BOUND('',#12237,.T.);
#12237 = EDGE_LOOP('',(#12238,#12239,#12240,#12241));
#12238 = ORIENTED_EDGE('',*,*,#10687,.T.);
#12239 = ORIENTED_EDGE('',*,*,#11476,.T.);
#12240 = ORIENTED_EDGE('',*,*,#10647,.F.);
#12241 = ORIENTED_EDGE('',*,*,#10711,.F.);
#12242 = PLANE('',#12243);
#12243 = AXIS2_PLACEMENT_3D('',#12244,#12245,#12246);
#12244 = CARTESIAN_POINT('',(-43.942,18.7452,0.));
#12245 = DIRECTION('',(0.,1.,0.));
#12246 = DIRECTION('',(1.,0.,0.));
#12247 = ADVANCED_FACE('',(#12248),#12259,.F.);
#12248 = FACE_BOUND('',#12249,.T.);
#12249 = EDGE_LOOP('',(#12250,#12251,#12257,#12258));
#12250 = ORIENTED_EDGE('',*,*,#10720,.T.);
#12251 = ORIENTED_EDGE('',*,*,#12252,.T.);
#12252 = EDGE_CURVE('',#10721,#11486,#12253,.T.);
#12253 = LINE('',#12254,#12255);
#12254 = CARTESIAN_POINT('',(-41.092,-16.1164,-4.5E-02));
#12255 = VECTOR('',#12256,1.);
#12256 = DIRECTION('',(0.,0.,1.));
#12257 = ORIENTED_EDGE('',*,*,#11485,.F.);
#12258 = ORIENTED_EDGE('',*,*,#12252,.F.);
#12259 = CYLINDRICAL_SURFACE('',#12260,0.55);
#12260 = AXIS2_PLACEMENT_3D('',#12261,#12262,#12263);
#12261 = CARTESIAN_POINT('',(-41.092,-15.5664,-4.5E-02));
#12262 = DIRECTION('',(-0.,-0.,-1.));
#12263 = DIRECTION('',(-0.,-1.,0.));
#12264 = ADVANCED_FACE('',(#12265),#12276,.F.);
#12265 = FACE_BOUND('',#12266,.T.);
#12266 = EDGE_LOOP('',(#12267,#12268,#12274,#12275));
#12267 = ORIENTED_EDGE('',*,*,#10731,.T.);
#12268 = ORIENTED_EDGE('',*,*,#12269,.T.);
#12269 = EDGE_CURVE('',#10732,#11497,#12270,.T.);
#12270 = LINE('',#12271,#12272);
#12271 = CARTESIAN_POINT('',(-37.592,-16.1164,-4.5E-02));
#12272 = VECTOR('',#12273,1.);
#12273 = DIRECTION('',(0.,0.,1.));
#12274 = ORIENTED_EDGE('',*,*,#11496,.F.);
#12275 = ORIENTED_EDGE('',*,*,#12269,.F.);
#12276 = CYLINDRICAL_SURFACE('',#12277,0.55);
#12277 = AXIS2_PLACEMENT_3D('',#12278,#12279,#12280);
#12278 = CARTESIAN_POINT('',(-37.592,-15.5664,-4.5E-02));
#12279 = DIRECTION('',(-0.,-0.,-1.));
#12280 = DIRECTION('',(-0.,-1.,0.));
#12281 = ADVANCED_FACE('',(#12282),#12293,.F.);
#12282 = FACE_BOUND('',#12283,.T.);
#12283 = EDGE_LOOP('',(#12284,#12285,#12291,#12292));
#12284 = ORIENTED_EDGE('',*,*,#10742,.T.);
#12285 = ORIENTED_EDGE('',*,*,#12286,.T.);
#12286 = EDGE_CURVE('',#10743,#11508,#12287,.T.);
#12287 = LINE('',#12288,#12289);
#12288 = CARTESIAN_POINT('',(-31.707075,-16.1164,-4.5E-02));
#12289 = VECTOR('',#12290,1.);
#12290 = DIRECTION('',(0.,0.,1.));
#12291 = ORIENTED_EDGE('',*,*,#11507,.F.);
#12292 = ORIENTED_EDGE('',*,*,#12286,.F.);
#12293 = CYLINDRICAL_SURFACE('',#12294,0.55);
#12294 = AXIS2_PLACEMENT_3D('',#12295,#12296,#12297);
#12295 = CARTESIAN_POINT('',(-31.707075,-15.5664,-4.5E-02));
#12296 = DIRECTION('',(-0.,-0.,-1.));
#12297 = DIRECTION('',(-0.,-1.,0.));
#12298 = ADVANCED_FACE('',(#12299),#12310,.F.);
#12299 = FACE_BOUND('',#12300,.T.);
#12300 = EDGE_LOOP('',(#12301,#12302,#12308,#12309));
#12301 = ORIENTED_EDGE('',*,*,#10753,.T.);
#12302 = ORIENTED_EDGE('',*,*,#12303,.T.);
#12303 = EDGE_CURVE('',#10754,#11519,#12304,.T.);
#12304 = LINE('',#12305,#12306);
#12305 = CARTESIAN_POINT('',(-28.207075,-16.1164,-4.5E-02));
#12306 = VECTOR('',#12307,1.);
#12307 = DIRECTION('',(0.,0.,1.));
#12308 = ORIENTED_EDGE('',*,*,#11518,.F.);
#12309 = ORIENTED_EDGE('',*,*,#12303,.F.);
#12310 = CYLINDRICAL_SURFACE('',#12311,0.55);
#12311 = AXIS2_PLACEMENT_3D('',#12312,#12313,#12314);
#12312 = CARTESIAN_POINT('',(-28.207075,-15.5664,-4.5E-02));
#12313 = DIRECTION('',(-0.,-0.,-1.));
#12314 = DIRECTION('',(-0.,-1.,0.));
#12315 = ADVANCED_FACE('',(#12316),#12327,.F.);
#12316 = FACE_BOUND('',#12317,.T.);
#12317 = EDGE_LOOP('',(#12318,#12319,#12325,#12326));
#12318 = ORIENTED_EDGE('',*,*,#10764,.T.);
#12319 = ORIENTED_EDGE('',*,*,#12320,.T.);
#12320 = EDGE_CURVE('',#10765,#11530,#12321,.T.);
#12321 = LINE('',#12322,#12323);
#12322 = CARTESIAN_POINT('',(-22.451075,-16.0948,-4.5E-02));
#12323 = VECTOR('',#12324,1.);
#12324 = DIRECTION('',(0.,0.,1.));
#12325 = ORIENTED_EDGE('',*,*,#11529,.F.);
#12326 = ORIENTED_EDGE('',*,*,#12320,.F.);
#12327 = CYLINDRICAL_SURFACE('',#12328,0.55);
#12328 = AXIS2_PLACEMENT_3D('',#12329,#12330,#12331);
#12329 = CARTESIAN_POINT('',(-22.451075,-15.5448,-4.5E-02));
#12330 = DIRECTION('',(-0.,-0.,-1.));
#12331 = DIRECTION('',(-0.,-1.,0.));
#12332 = ADVANCED_FACE('',(#12333),#12344,.F.);
#12333 = FACE_BOUND('',#12334,.T.);
#12334 = EDGE_LOOP('',(#12335,#12336,#12342,#12343));
#12335 = ORIENTED_EDGE('',*,*,#10775,.T.);
#12336 = ORIENTED_EDGE('',*,*,#12337,.T.);
#12337 = EDGE_CURVE('',#10776,#11541,#12338,.T.);
#12338 = LINE('',#12339,#12340);
#12339 = CARTESIAN_POINT('',(-41.092,-11.1164,-4.5E-02));
#12340 = VECTOR('',#12341,1.);
#12341 = DIRECTION('',(0.,0.,1.));
#12342 = ORIENTED_EDGE('',*,*,#11540,.F.);
#12343 = ORIENTED_EDGE('',*,*,#12337,.F.);
#12344 = CYLINDRICAL_SURFACE('',#12345,0.55);
#12345 = AXIS2_PLACEMENT_3D('',#12346,#12347,#12348);
#12346 = CARTESIAN_POINT('',(-41.092,-10.5664,-4.5E-02));
#12347 = DIRECTION('',(-0.,-0.,-1.));
#12348 = DIRECTION('',(-0.,-1.,0.));
#12349 = ADVANCED_FACE('',(#12350),#12361,.F.);
#12350 = FACE_BOUND('',#12351,.T.);
#12351 = EDGE_LOOP('',(#12352,#12353,#12359,#12360));
#12352 = ORIENTED_EDGE('',*,*,#10786,.T.);
#12353 = ORIENTED_EDGE('',*,*,#12354,.T.);
#12354 = EDGE_CURVE('',#10787,#11552,#12355,.T.);
#12355 = LINE('',#12356,#12357);
#12356 = CARTESIAN_POINT('',(-37.592,-11.1164,-4.5E-02));
#12357 = VECTOR('',#12358,1.);
#12358 = DIRECTION('',(0.,0.,1.));
#12359 = ORIENTED_EDGE('',*,*,#11551,.F.);
#12360 = ORIENTED_EDGE('',*,*,#12354,.F.);
#12361 = CYLINDRICAL_SURFACE('',#12362,0.55);
#12362 = AXIS2_PLACEMENT_3D('',#12363,#12364,#12365);
#12363 = CARTESIAN_POINT('',(-37.592,-10.5664,-4.5E-02));
#12364 = DIRECTION('',(-0.,-0.,-1.));
#12365 = DIRECTION('',(-0.,-1.,0.));
#12366 = ADVANCED_FACE('',(#12367),#12378,.F.);
#12367 = FACE_BOUND('',#12368,.T.);
#12368 = EDGE_LOOP('',(#12369,#12370,#12376,#12377));
#12369 = ORIENTED_EDGE('',*,*,#10797,.T.);
#12370 = ORIENTED_EDGE('',*,*,#12371,.T.);
#12371 = EDGE_CURVE('',#10798,#11563,#12372,.T.);
#12372 = LINE('',#12373,#12374);
#12373 = CARTESIAN_POINT('',(-31.707075,-11.1164,-4.5E-02));
#12374 = VECTOR('',#12375,1.);
#12375 = DIRECTION('',(0.,0.,1.));
#12376 = ORIENTED_EDGE('',*,*,#11562,.F.);
#12377 = ORIENTED_EDGE('',*,*,#12371,.F.);
#12378 = CYLINDRICAL_SURFACE('',#12379,0.55);
#12379 = AXIS2_PLACEMENT_3D('',#12380,#12381,#12382);
#12380 = CARTESIAN_POINT('',(-31.707075,-10.5664,-4.5E-02));
#12381 = DIRECTION('',(-0.,-0.,-1.));
#12382 = DIRECTION('',(-0.,-1.,0.));
#12383 = ADVANCED_FACE('',(#12384),#12395,.F.);
#12384 = FACE_BOUND('',#12385,.T.);
#12385 = EDGE_LOOP('',(#12386,#12387,#12393,#12394));
#12386 = ORIENTED_EDGE('',*,*,#10808,.T.);
#12387 = ORIENTED_EDGE('',*,*,#12388,.T.);
#12388 = EDGE_CURVE('',#10809,#11574,#12389,.T.);
#12389 = LINE('',#12390,#12391);
#12390 = CARTESIAN_POINT('',(-28.207075,-11.1164,-4.5E-02));
#12391 = VECTOR('',#12392,1.);
#12392 = DIRECTION('',(0.,0.,1.));
#12393 = ORIENTED_EDGE('',*,*,#11573,.F.);
#12394 = ORIENTED_EDGE('',*,*,#12388,.F.);
#12395 = CYLINDRICAL_SURFACE('',#12396,0.55);
#12396 = AXIS2_PLACEMENT_3D('',#12397,#12398,#12399);
#12397 = CARTESIAN_POINT('',(-28.207075,-10.5664,-4.5E-02));
#12398 = DIRECTION('',(-0.,-0.,-1.));
#12399 = DIRECTION('',(-0.,-1.,0.));
#12400 = ADVANCED_FACE('',(#12401),#12412,.F.);
#12401 = FACE_BOUND('',#12402,.T.);
#12402 = EDGE_LOOP('',(#12403,#12404,#12410,#12411));
#12403 = ORIENTED_EDGE('',*,*,#10819,.T.);
#12404 = ORIENTED_EDGE('',*,*,#12405,.T.);
#12405 = EDGE_CURVE('',#10820,#11585,#12406,.T.);
#12406 = LINE('',#12407,#12408);
#12407 = CARTESIAN_POINT('',(-22.451075,-11.0948,-4.5E-02));
#12408 = VECTOR('',#12409,1.);
#12409 = DIRECTION('',(0.,0.,1.));
#12410 = ORIENTED_EDGE('',*,*,#11584,.F.);
#12411 = ORIENTED_EDGE('',*,*,#12405,.F.);
#12412 = CYLINDRICAL_SURFACE('',#12413,0.55);
#12413 = AXIS2_PLACEMENT_3D('',#12414,#12415,#12416);
#12414 = CARTESIAN_POINT('',(-22.451075,-10.5448,-4.5E-02));
#12415 = DIRECTION('',(-0.,-0.,-1.));
#12416 = DIRECTION('',(-0.,-1.,0.));
#12417 = ADVANCED_FACE('',(#12418),#12429,.F.);
#12418 = FACE_BOUND('',#12419,.T.);
#12419 = EDGE_LOOP('',(#12420,#12421,#12427,#12428));
#12420 = ORIENTED_EDGE('',*,*,#10830,.T.);
#12421 = ORIENTED_EDGE('',*,*,#12422,.T.);
#12422 = EDGE_CURVE('',#10831,#11596,#12423,.T.);
#12423 = LINE('',#12424,#12425);
#12424 = CARTESIAN_POINT('',(-18.951075,-16.0948,-4.5E-02));
#12425 = VECTOR('',#12426,1.);
#12426 = DIRECTION('',(0.,0.,1.));
#12427 = ORIENTED_EDGE('',*,*,#11595,.F.);
#12428 = ORIENTED_EDGE('',*,*,#12422,.F.);
#12429 = CYLINDRICAL_SURFACE('',#12430,0.55);
#12430 = AXIS2_PLACEMENT_3D('',#12431,#12432,#12433);
#12431 = CARTESIAN_POINT('',(-18.951075,-15.5448,-4.5E-02));
#12432 = DIRECTION('',(-0.,-0.,-1.));
#12433 = DIRECTION('',(-0.,-1.,0.));
#12434 = ADVANCED_FACE('',(#12435),#12446,.F.);
#12435 = FACE_BOUND('',#12436,.T.);
#12436 = EDGE_LOOP('',(#12437,#12438,#12444,#12445));
#12437 = ORIENTED_EDGE('',*,*,#10841,.T.);
#12438 = ORIENTED_EDGE('',*,*,#12439,.T.);
#12439 = EDGE_CURVE('',#10842,#11607,#12440,.T.);
#12440 = LINE('',#12441,#12442);
#12441 = CARTESIAN_POINT('',(-15.451075,-16.0948,-4.5E-02));
#12442 = VECTOR('',#12443,1.);
#12443 = DIRECTION('',(0.,0.,1.));
#12444 = ORIENTED_EDGE('',*,*,#11606,.F.);
#12445 = ORIENTED_EDGE('',*,*,#12439,.F.);
#12446 = CYLINDRICAL_SURFACE('',#12447,0.55);
#12447 = AXIS2_PLACEMENT_3D('',#12448,#12449,#12450);
#12448 = CARTESIAN_POINT('',(-15.451075,-15.5448,-4.5E-02));
#12449 = DIRECTION('',(-0.,-0.,-1.));
#12450 = DIRECTION('',(-0.,-1.,0.));
#12451 = ADVANCED_FACE('',(#12452),#12463,.F.);
#12452 = FACE_BOUND('',#12453,.T.);
#12453 = EDGE_LOOP('',(#12454,#12455,#12461,#12462));
#12454 = ORIENTED_EDGE('',*,*,#10852,.T.);
#12455 = ORIENTED_EDGE('',*,*,#12456,.T.);
#12456 = EDGE_CURVE('',#10853,#11618,#12457,.T.);
#12457 = LINE('',#12458,#12459);
#12458 = CARTESIAN_POINT('',(-9.467475,-16.0096,-4.5E-02));
#12459 = VECTOR('',#12460,1.);
#12460 = DIRECTION('',(0.,0.,1.));
#12461 = ORIENTED_EDGE('',*,*,#11617,.F.);
#12462 = ORIENTED_EDGE('',*,*,#12456,.F.);
#12463 = CYLINDRICAL_SURFACE('',#12464,0.55);
#12464 = AXIS2_PLACEMENT_3D('',#12465,#12466,#12467);
#12465 = CARTESIAN_POINT('',(-9.467475,-15.4596,-4.5E-02));
#12466 = DIRECTION('',(-0.,-0.,-1.));
#12467 = DIRECTION('',(-0.,-1.,0.));
#12468 = ADVANCED_FACE('',(#12469),#12480,.F.);
#12469 = FACE_BOUND('',#12470,.T.);
#12470 = EDGE_LOOP('',(#12471,#12472,#12478,#12479));
#12471 = ORIENTED_EDGE('',*,*,#10863,.T.);
#12472 = ORIENTED_EDGE('',*,*,#12473,.T.);
#12473 = EDGE_CURVE('',#10864,#11629,#12474,.T.);
#12474 = LINE('',#12475,#12476);
#12475 = CARTESIAN_POINT('',(-5.967475,-16.0096,-4.5E-02));
#12476 = VECTOR('',#12477,1.);
#12477 = DIRECTION('',(0.,0.,1.));
#12478 = ORIENTED_EDGE('',*,*,#11628,.F.);
#12479 = ORIENTED_EDGE('',*,*,#12473,.F.);
#12480 = CYLINDRICAL_SURFACE('',#12481,0.55);
#12481 = AXIS2_PLACEMENT_3D('',#12482,#12483,#12484);
#12482 = CARTESIAN_POINT('',(-5.967475,-15.4596,-4.5E-02));
#12483 = DIRECTION('',(-0.,-0.,-1.));
#12484 = DIRECTION('',(-0.,-1.,0.));
#12485 = ADVANCED_FACE('',(#12486),#12497,.F.);
#12486 = FACE_BOUND('',#12487,.T.);
#12487 = EDGE_LOOP('',(#12488,#12489,#12495,#12496));
#12488 = ORIENTED_EDGE('',*,*,#10874,.T.);
#12489 = ORIENTED_EDGE('',*,*,#12490,.T.);
#12490 = EDGE_CURVE('',#10875,#11640,#12491,.T.);
#12491 = LINE('',#12492,#12493);
#12492 = CARTESIAN_POINT('',(-2.467475,-16.0096,-4.5E-02));
#12493 = VECTOR('',#12494,1.);
#12494 = DIRECTION('',(0.,0.,1.));
#12495 = ORIENTED_EDGE('',*,*,#11639,.F.);
#12496 = ORIENTED_EDGE('',*,*,#12490,.F.);
#12497 = CYLINDRICAL_SURFACE('',#12498,0.55);
#12498 = AXIS2_PLACEMENT_3D('',#12499,#12500,#12501);
#12499 = CARTESIAN_POINT('',(-2.467475,-15.4596,-4.5E-02));
#12500 = DIRECTION('',(-0.,0.,-1.));
#12501 = DIRECTION('',(8.074349270001E-16,-1.,-0.));
#12502 = ADVANCED_FACE('',(#12503),#12514,.F.);
#12503 = FACE_BOUND('',#12504,.T.);
#12504 = EDGE_LOOP('',(#12505,#12506,#12512,#12513));
#12505 = ORIENTED_EDGE('',*,*,#10885,.T.);
#12506 = ORIENTED_EDGE('',*,*,#12507,.T.);
#12507 = EDGE_CURVE('',#10886,#11651,#12508,.T.);
#12508 = LINE('',#12509,#12510);
#12509 = CARTESIAN_POINT('',(-18.951075,-11.0948,-4.5E-02));
#12510 = VECTOR('',#12511,1.);
#12511 = DIRECTION('',(0.,0.,1.));
#12512 = ORIENTED_EDGE('',*,*,#11650,.F.);
#12513 = ORIENTED_EDGE('',*,*,#12507,.F.);
#12514 = CYLINDRICAL_SURFACE('',#12515,0.55);
#12515 = AXIS2_PLACEMENT_3D('',#12516,#12517,#12518);
#12516 = CARTESIAN_POINT('',(-18.951075,-10.5448,-4.5E-02));
#12517 = DIRECTION('',(-0.,-0.,-1.));
#12518 = DIRECTION('',(-0.,-1.,0.));
#12519 = ADVANCED_FACE('',(#12520),#12531,.F.);
#12520 = FACE_BOUND('',#12521,.T.);
#12521 = EDGE_LOOP('',(#12522,#12523,#12529,#12530));
#12522 = ORIENTED_EDGE('',*,*,#10896,.T.);
#12523 = ORIENTED_EDGE('',*,*,#12524,.T.);
#12524 = EDGE_CURVE('',#10897,#11662,#12525,.T.);
#12525 = LINE('',#12526,#12527);
#12526 = CARTESIAN_POINT('',(-15.451075,-11.0948,-4.5E-02));
#12527 = VECTOR('',#12528,1.);
#12528 = DIRECTION('',(0.,0.,1.));
#12529 = ORIENTED_EDGE('',*,*,#11661,.F.);
#12530 = ORIENTED_EDGE('',*,*,#12524,.F.);
#12531 = CYLINDRICAL_SURFACE('',#12532,0.55);
#12532 = AXIS2_PLACEMENT_3D('',#12533,#12534,#12535);
#12533 = CARTESIAN_POINT('',(-15.451075,-10.5448,-4.5E-02));
#12534 = DIRECTION('',(-0.,-0.,-1.));
#12535 = DIRECTION('',(-0.,-1.,0.));
#12536 = ADVANCED_FACE('',(#12537),#12548,.F.);
#12537 = FACE_BOUND('',#12538,.T.);
#12538 = EDGE_LOOP('',(#12539,#12540,#12546,#12547));
#12539 = ORIENTED_EDGE('',*,*,#10907,.T.);
#12540 = ORIENTED_EDGE('',*,*,#12541,.T.);
#12541 = EDGE_CURVE('',#10908,#11673,#12542,.T.);
#12542 = LINE('',#12543,#12544);
#12543 = CARTESIAN_POINT('',(-9.467475,-11.0096,-4.5E-02));
#12544 = VECTOR('',#12545,1.);
#12545 = DIRECTION('',(0.,0.,1.));
#12546 = ORIENTED_EDGE('',*,*,#11672,.F.);
#12547 = ORIENTED_EDGE('',*,*,#12541,.F.);
#12548 = CYLINDRICAL_SURFACE('',#12549,0.55);
#12549 = AXIS2_PLACEMENT_3D('',#12550,#12551,#12552);
#12550 = CARTESIAN_POINT('',(-9.467475,-10.4596,-4.5E-02));
#12551 = DIRECTION('',(-0.,-0.,-1.));
#12552 = DIRECTION('',(-0.,-1.,0.));
#12553 = ADVANCED_FACE('',(#12554),#12565,.F.);
#12554 = FACE_BOUND('',#12555,.T.);
#12555 = EDGE_LOOP('',(#12556,#12557,#12563,#12564));
#12556 = ORIENTED_EDGE('',*,*,#10918,.T.);
#12557 = ORIENTED_EDGE('',*,*,#12558,.T.);
#12558 = EDGE_CURVE('',#10919,#11684,#12559,.T.);
#12559 = LINE('',#12560,#12561);
#12560 = CARTESIAN_POINT('',(-5.967475,-11.0096,-4.5E-02));
#12561 = VECTOR('',#12562,1.);
#12562 = DIRECTION('',(0.,0.,1.));
#12563 = ORIENTED_EDGE('',*,*,#11683,.F.);
#12564 = ORIENTED_EDGE('',*,*,#12558,.F.);
#12565 = CYLINDRICAL_SURFACE('',#12566,0.55);
#12566 = AXIS2_PLACEMENT_3D('',#12567,#12568,#12569);
#12567 = CARTESIAN_POINT('',(-5.967475,-10.4596,-4.5E-02));
#12568 = DIRECTION('',(-0.,-0.,-1.));
#12569 = DIRECTION('',(-0.,-1.,0.));
#12570 = ADVANCED_FACE('',(#12571),#12582,.F.);
#12571 = FACE_BOUND('',#12572,.T.);
#12572 = EDGE_LOOP('',(#12573,#12574,#12580,#12581));
#12573 = ORIENTED_EDGE('',*,*,#10929,.T.);
#12574 = ORIENTED_EDGE('',*,*,#12575,.T.);
#12575 = EDGE_CURVE('',#10930,#11695,#12576,.T.);
#12576 = LINE('',#12577,#12578);
#12577 = CARTESIAN_POINT('',(-2.467475,-11.0096,-4.5E-02));
#12578 = VECTOR('',#12579,1.);
#12579 = DIRECTION('',(0.,0.,1.));
#12580 = ORIENTED_EDGE('',*,*,#11694,.F.);
#12581 = ORIENTED_EDGE('',*,*,#12575,.F.);
#12582 = CYLINDRICAL_SURFACE('',#12583,0.55);
#12583 = AXIS2_PLACEMENT_3D('',#12584,#12585,#12586);
#12584 = CARTESIAN_POINT('',(-2.467475,-10.4596,-4.5E-02));
#12585 = DIRECTION('',(-0.,0.,-1.));
#12586 = DIRECTION('',(8.074349270001E-16,-1.,-0.));
#12587 = ADVANCED_FACE('',(#12588),#12599,.F.);
#12588 = FACE_BOUND('',#12589,.T.);
#12589 = EDGE_LOOP('',(#12590,#12591,#12597,#12598));
#12590 = ORIENTED_EDGE('',*,*,#10940,.T.);
#12591 = ORIENTED_EDGE('',*,*,#12592,.T.);
#12592 = EDGE_CURVE('',#10941,#11706,#12593,.T.);
#12593 = LINE('',#12594,#12595);
#12594 = CARTESIAN_POINT('',(-39.878,-2.7024,-4.5E-02));
#12595 = VECTOR('',#12596,1.);
#12596 = DIRECTION('',(0.,0.,1.));
#12597 = ORIENTED_EDGE('',*,*,#11705,.F.);
#12598 = ORIENTED_EDGE('',*,*,#12592,.F.);
#12599 = CYLINDRICAL_SURFACE('',#12600,1.6);
#12600 = AXIS2_PLACEMENT_3D('',#12601,#12602,#12603);
#12601 = CARTESIAN_POINT('',(-39.878,-1.1024,-4.5E-02));
#12602 = DIRECTION('',(-0.,-0.,-1.));
#12603 = DIRECTION('',(-0.,-1.,0.));
#12604 = ADVANCED_FACE('',(#12605),#12616,.F.);
#12605 = FACE_BOUND('',#12606,.T.);
#12606 = EDGE_LOOP('',(#12607,#12608,#12614,#12615));
#12607 = ORIENTED_EDGE('',*,*,#10951,.T.);
#12608 = ORIENTED_EDGE('',*,*,#12609,.T.);
#12609 = EDGE_CURVE('',#10952,#11717,#12610,.T.);
#12610 = LINE('',#12611,#12612);
#12611 = CARTESIAN_POINT('',(-22.918675,-1.262,-4.5E-02));
#12612 = VECTOR('',#12613,1.);
#12613 = DIRECTION('',(0.,0.,1.));
#12614 = ORIENTED_EDGE('',*,*,#11716,.F.);
#12615 = ORIENTED_EDGE('',*,*,#12609,.F.);
#12616 = CYLINDRICAL_SURFACE('',#12617,0.5);
#12617 = AXIS2_PLACEMENT_3D('',#12618,#12619,#12620);
#12618 = CARTESIAN_POINT('',(-22.918675,-0.762,-4.5E-02));
#12619 = DIRECTION('',(-0.,-0.,-1.));
#12620 = DIRECTION('',(-0.,-1.,0.));
#12621 = ADVANCED_FACE('',(#12622),#12633,.F.);
#12622 = FACE_BOUND('',#12623,.T.);
#12623 = EDGE_LOOP('',(#12624,#12625,#12631,#12632));
#12624 = ORIENTED_EDGE('',*,*,#10962,.T.);
#12625 = ORIENTED_EDGE('',*,*,#12626,.T.);
#12626 = EDGE_CURVE('',#10963,#11728,#12627,.T.);
#12627 = LINE('',#12628,#12629);
#12628 = CARTESIAN_POINT('',(-20.378675,-1.262,-4.5E-02));
#12629 = VECTOR('',#12630,1.);
#12630 = DIRECTION('',(0.,0.,1.));
#12631 = ORIENTED_EDGE('',*,*,#11727,.F.);
#12632 = ORIENTED_EDGE('',*,*,#12626,.F.);
#12633 = CYLINDRICAL_SURFACE('',#12634,0.5);
#12634 = AXIS2_PLACEMENT_3D('',#12635,#12636,#12637);
#12635 = CARTESIAN_POINT('',(-20.378675,-0.762,-4.5E-02));
#12636 = DIRECTION('',(-0.,-0.,-1.));
#12637 = DIRECTION('',(-0.,-1.,0.));
#12638 = ADVANCED_FACE('',(#12639),#12650,.F.);
#12639 = FACE_BOUND('',#12640,.T.);
#12640 = EDGE_LOOP('',(#12641,#12642,#12648,#12649));
#12641 = ORIENTED_EDGE('',*,*,#10973,.T.);
#12642 = ORIENTED_EDGE('',*,*,#12643,.T.);
#12643 = EDGE_CURVE('',#10974,#11739,#12644,.T.);
#12644 = LINE('',#12645,#12646);
#12645 = CARTESIAN_POINT('',(-17.838675,-1.262,-4.5E-02));
#12646 = VECTOR('',#12647,1.);
#12647 = DIRECTION('',(0.,0.,1.));
#12648 = ORIENTED_EDGE('',*,*,#11738,.F.);
#12649 = ORIENTED_EDGE('',*,*,#12643,.F.);
#12650 = CYLINDRICAL_SURFACE('',#12651,0.5);
#12651 = AXIS2_PLACEMENT_3D('',#12652,#12653,#12654);
#12652 = CARTESIAN_POINT('',(-17.838675,-0.762,-4.5E-02));
#12653 = DIRECTION('',(-0.,-0.,-1.));
#12654 = DIRECTION('',(-0.,-1.,0.));
#12655 = ADVANCED_FACE('',(#12656),#12667,.F.);
#12656 = FACE_BOUND('',#12657,.T.);
#12657 = EDGE_LOOP('',(#12658,#12659,#12665,#12666));
#12658 = ORIENTED_EDGE('',*,*,#10984,.T.);
#12659 = ORIENTED_EDGE('',*,*,#12660,.T.);
#12660 = EDGE_CURVE('',#10985,#11750,#12661,.T.);
#12661 = LINE('',#12662,#12663);
#12662 = CARTESIAN_POINT('',(-15.298675,-1.262,-4.5E-02));
#12663 = VECTOR('',#12664,1.);
#12664 = DIRECTION('',(0.,0.,1.));
#12665 = ORIENTED_EDGE('',*,*,#11749,.F.);
#12666 = ORIENTED_EDGE('',*,*,#12660,.F.);
#12667 = CYLINDRICAL_SURFACE('',#12668,0.5);
#12668 = AXIS2_PLACEMENT_3D('',#12669,#12670,#12671);
#12669 = CARTESIAN_POINT('',(-15.298675,-0.762,-4.5E-02));
#12670 = DIRECTION('',(-0.,-0.,-1.));
#12671 = DIRECTION('',(-0.,-1.,0.));
#12672 = ADVANCED_FACE('',(#12673),#12684,.F.);
#12673 = FACE_BOUND('',#12674,.T.);
#12674 = EDGE_LOOP('',(#12675,#12676,#12682,#12683));
#12675 = ORIENTED_EDGE('',*,*,#10995,.T.);
#12676 = ORIENTED_EDGE('',*,*,#12677,.T.);
#12677 = EDGE_CURVE('',#10996,#11761,#12678,.T.);
#12678 = LINE('',#12679,#12680);
#12679 = CARTESIAN_POINT('',(-12.758675,-1.262,-4.5E-02));
#12680 = VECTOR('',#12681,1.);
#12681 = DIRECTION('',(0.,0.,1.));
#12682 = ORIENTED_EDGE('',*,*,#11760,.F.);
#12683 = ORIENTED_EDGE('',*,*,#12677,.F.);
#12684 = CYLINDRICAL_SURFACE('',#12685,0.5);
#12685 = AXIS2_PLACEMENT_3D('',#12686,#12687,#12688);
#12686 = CARTESIAN_POINT('',(-12.758675,-0.762,-4.5E-02));
#12687 = DIRECTION('',(-0.,-0.,-1.));
#12688 = DIRECTION('',(-0.,-1.,0.));
#12689 = ADVANCED_FACE('',(#12690),#12701,.F.);
#12690 = FACE_BOUND('',#12691,.T.);
#12691 = EDGE_LOOP('',(#12692,#12693,#12699,#12700));
#12692 = ORIENTED_EDGE('',*,*,#11006,.T.);
#12693 = ORIENTED_EDGE('',*,*,#12694,.T.);
#12694 = EDGE_CURVE('',#11007,#11772,#12695,.T.);
#12695 = LINE('',#12696,#12697);
#12696 = CARTESIAN_POINT('',(-10.218675,-1.262,-4.5E-02));
#12697 = VECTOR('',#12698,1.);
#12698 = DIRECTION('',(0.,0.,1.));
#12699 = ORIENTED_EDGE('',*,*,#11771,.F.);
#12700 = ORIENTED_EDGE('',*,*,#12694,.F.);
#12701 = CYLINDRICAL_SURFACE('',#12702,0.5);
#12702 = AXIS2_PLACEMENT_3D('',#12703,#12704,#12705);
#12703 = CARTESIAN_POINT('',(-10.218675,-0.762,-4.5E-02));
#12704 = DIRECTION('',(-0.,-0.,-1.));
#12705 = DIRECTION('',(-0.,-1.,0.));
#12706 = ADVANCED_FACE('',(#12707),#12718,.F.);
#12707 = FACE_BOUND('',#12708,.T.);
#12708 = EDGE_LOOP('',(#12709,#12710,#12716,#12717));
#12709 = ORIENTED_EDGE('',*,*,#11017,.T.);
#12710 = ORIENTED_EDGE('',*,*,#12711,.T.);
#12711 = EDGE_CURVE('',#11018,#11783,#12712,.T.);
#12712 = LINE('',#12713,#12714);
#12713 = CARTESIAN_POINT('',(-7.678675,-1.262,-4.5E-02));
#12714 = VECTOR('',#12715,1.);
#12715 = DIRECTION('',(0.,0.,1.));
#12716 = ORIENTED_EDGE('',*,*,#11782,.F.);
#12717 = ORIENTED_EDGE('',*,*,#12711,.F.);
#12718 = CYLINDRICAL_SURFACE('',#12719,0.5);
#12719 = AXIS2_PLACEMENT_3D('',#12720,#12721,#12722);
#12720 = CARTESIAN_POINT('',(-7.678675,-0.762,-4.5E-02));
#12721 = DIRECTION('',(-0.,-0.,-1.));
#12722 = DIRECTION('',(-0.,-1.,0.));
#12723 = ADVANCED_FACE('',(#12724),#12735,.F.);
#12724 = FACE_BOUND('',#12725,.T.);
#12725 = EDGE_LOOP('',(#12726,#12727,#12733,#12734));
#12726 = ORIENTED_EDGE('',*,*,#11028,.T.);
#12727 = ORIENTED_EDGE('',*,*,#12728,.T.);
#12728 = EDGE_CURVE('',#11029,#11794,#12729,.T.);
#12729 = LINE('',#12730,#12731);
#12730 = CARTESIAN_POINT('',(-5.138675,-1.262,-4.5E-02));
#12731 = VECTOR('',#12732,1.);
#12732 = DIRECTION('',(0.,0.,1.));
#12733 = ORIENTED_EDGE('',*,*,#11793,.F.);
#12734 = ORIENTED_EDGE('',*,*,#12728,.F.);
#12735 = CYLINDRICAL_SURFACE('',#12736,0.5);
#12736 = AXIS2_PLACEMENT_3D('',#12737,#12738,#12739);
#12737 = CARTESIAN_POINT('',(-5.138675,-0.762,-4.5E-02));
#12738 = DIRECTION('',(-0.,-0.,-1.));
#12739 = DIRECTION('',(-0.,-1.,0.));
#12740 = ADVANCED_FACE('',(#12741),#12752,.F.);
#12741 = FACE_BOUND('',#12742,.T.);
#12742 = EDGE_LOOP('',(#12743,#12744,#12750,#12751));
#12743 = ORIENTED_EDGE('',*,*,#11039,.T.);
#12744 = ORIENTED_EDGE('',*,*,#12745,.T.);
#12745 = EDGE_CURVE('',#11040,#11805,#12746,.T.);
#12746 = LINE('',#12747,#12748);
#12747 = CARTESIAN_POINT('',(-2.598675,-1.262,-4.5E-02));
#12748 = VECTOR('',#12749,1.);
#12749 = DIRECTION('',(0.,0.,1.));
#12750 = ORIENTED_EDGE('',*,*,#11804,.F.);
#12751 = ORIENTED_EDGE('',*,*,#12745,.F.);
#12752 = CYLINDRICAL_SURFACE('',#12753,0.5);
#12753 = AXIS2_PLACEMENT_3D('',#12754,#12755,#12756);
#12754 = CARTESIAN_POINT('',(-2.598675,-0.762,-4.5E-02));
#12755 = DIRECTION('',(-0.,-0.,-1.));
#12756 = DIRECTION('',(-0.,-1.,0.));
#12757 = ADVANCED_FACE('',(#12758),#12769,.F.);
#12758 = FACE_BOUND('',#12759,.T.);
#12759 = EDGE_LOOP('',(#12760,#12761,#12767,#12768));
#12760 = ORIENTED_EDGE('',*,*,#11050,.T.);
#12761 = ORIENTED_EDGE('',*,*,#12762,.T.);
#12762 = EDGE_CURVE('',#11051,#11816,#12763,.T.);
#12763 = LINE('',#12764,#12765);
#12764 = CARTESIAN_POINT('',(-5.8675E-02,-1.262,-4.5E-02));
#12765 = VECTOR('',#12766,1.);
#12766 = DIRECTION('',(0.,0.,1.));
#12767 = ORIENTED_EDGE('',*,*,#11815,.F.);
#12768 = ORIENTED_EDGE('',*,*,#12762,.F.);
#12769 = CYLINDRICAL_SURFACE('',#12770,0.5);
#12770 = AXIS2_PLACEMENT_3D('',#12771,#12772,#12773);
#12771 = CARTESIAN_POINT('',(-5.8675E-02,-0.762,-4.5E-02));
#12772 = DIRECTION('',(-0.,0.,-1.));
#12773 = DIRECTION('',(6.938893903907E-17,-1.,-0.));
#12774 = ADVANCED_FACE('',(#12775),#12786,.F.);
#12775 = FACE_BOUND('',#12776,.T.);
#12776 = EDGE_LOOP('',(#12777,#12778,#12784,#12785));
#12777 = ORIENTED_EDGE('',*,*,#11061,.T.);
#12778 = ORIENTED_EDGE('',*,*,#12779,.T.);
#12779 = EDGE_CURVE('',#11062,#11827,#12780,.T.);
#12780 = LINE('',#12781,#12782);
#12781 = CARTESIAN_POINT('',(3.386125,-15.9932,-4.5E-02));
#12782 = VECTOR('',#12783,1.);
#12783 = DIRECTION('',(0.,0.,1.));
#12784 = ORIENTED_EDGE('',*,*,#11826,.F.);
#12785 = ORIENTED_EDGE('',*,*,#12779,.F.);
#12786 = CYLINDRICAL_SURFACE('',#12787,0.55);
#12787 = AXIS2_PLACEMENT_3D('',#12788,#12789,#12790);
#12788 = CARTESIAN_POINT('',(3.386125,-15.4432,-4.5E-02));
#12789 = DIRECTION('',(-0.,-0.,-1.));
#12790 = DIRECTION('',(-0.,-1.,0.));
#12791 = ADVANCED_FACE('',(#12792),#12803,.F.);
#12792 = FACE_BOUND('',#12793,.T.);
#12793 = EDGE_LOOP('',(#12794,#12795,#12801,#12802));
#12794 = ORIENTED_EDGE('',*,*,#11072,.T.);
#12795 = ORIENTED_EDGE('',*,*,#12796,.T.);
#12796 = EDGE_CURVE('',#11073,#11838,#12797,.T.);
#12797 = LINE('',#12798,#12799);
#12798 = CARTESIAN_POINT('',(6.886125,-15.9932,-4.5E-02));
#12799 = VECTOR('',#12800,1.);
#12800 = DIRECTION('',(0.,0.,1.));
#12801 = ORIENTED_EDGE('',*,*,#11837,.F.);
#12802 = ORIENTED_EDGE('',*,*,#12796,.F.);
#12803 = CYLINDRICAL_SURFACE('',#12804,0.55);
#12804 = AXIS2_PLACEMENT_3D('',#12805,#12806,#12807);
#12805 = CARTESIAN_POINT('',(6.886125,-15.4432,-4.5E-02));
#12806 = DIRECTION('',(-0.,-0.,-1.));
#12807 = DIRECTION('',(-0.,-1.,0.));
#12808 = ADVANCED_FACE('',(#12809),#12820,.F.);
#12809 = FACE_BOUND('',#12810,.T.);
#12810 = EDGE_LOOP('',(#12811,#12812,#12818,#12819));
#12811 = ORIENTED_EDGE('',*,*,#11083,.T.);
#12812 = ORIENTED_EDGE('',*,*,#12813,.T.);
#12813 = EDGE_CURVE('',#11084,#11849,#12814,.T.);
#12814 = LINE('',#12815,#12816);
#12815 = CARTESIAN_POINT('',(10.386125,-15.9932,-4.5E-02));
#12816 = VECTOR('',#12817,1.);
#12817 = DIRECTION('',(0.,0.,1.));
#12818 = ORIENTED_EDGE('',*,*,#11848,.F.);
#12819 = ORIENTED_EDGE('',*,*,#12813,.F.);
#12820 = CYLINDRICAL_SURFACE('',#12821,0.55);
#12821 = AXIS2_PLACEMENT_3D('',#12822,#12823,#12824);
#12822 = CARTESIAN_POINT('',(10.386125,-15.4432,-4.5E-02));
#12823 = DIRECTION('',(-0.,-0.,-1.));
#12824 = DIRECTION('',(-0.,-1.,0.));
#12825 = ADVANCED_FACE('',(#12826),#12837,.F.);
#12826 = FACE_BOUND('',#12827,.T.);
#12827 = EDGE_LOOP('',(#12828,#12829,#12835,#12836));
#12828 = ORIENTED_EDGE('',*,*,#11094,.T.);
#12829 = ORIENTED_EDGE('',*,*,#12830,.T.);
#12830 = EDGE_CURVE('',#11095,#11860,#12831,.T.);
#12831 = LINE('',#12832,#12833);
#12832 = CARTESIAN_POINT('',(16.146525,-16.044,-4.5E-02));
#12833 = VECTOR('',#12834,1.);
#12834 = DIRECTION('',(0.,0.,1.));
#12835 = ORIENTED_EDGE('',*,*,#11859,.F.);
#12836 = ORIENTED_EDGE('',*,*,#12830,.F.);
#12837 = CYLINDRICAL_SURFACE('',#12838,0.55);
#12838 = AXIS2_PLACEMENT_3D('',#12839,#12840,#12841);
#12839 = CARTESIAN_POINT('',(16.146525,-15.494,-4.5E-02));
#12840 = DIRECTION('',(-0.,-0.,-1.));
#12841 = DIRECTION('',(-0.,-1.,0.));
#12842 = ADVANCED_FACE('',(#12843),#12854,.F.);
#12843 = FACE_BOUND('',#12844,.T.);
#12844 = EDGE_LOOP('',(#12845,#12846,#12852,#12853));
#12845 = ORIENTED_EDGE('',*,*,#11105,.T.);
#12846 = ORIENTED_EDGE('',*,*,#12847,.T.);
#12847 = EDGE_CURVE('',#11106,#11871,#12848,.T.);
#12848 = LINE('',#12849,#12850);
#12849 = CARTESIAN_POINT('',(19.646525,-16.044,-4.5E-02));
#12850 = VECTOR('',#12851,1.);
#12851 = DIRECTION('',(0.,0.,1.));
#12852 = ORIENTED_EDGE('',*,*,#11870,.F.);
#12853 = ORIENTED_EDGE('',*,*,#12847,.F.);
#12854 = CYLINDRICAL_SURFACE('',#12855,0.55);
#12855 = AXIS2_PLACEMENT_3D('',#12856,#12857,#12858);
#12856 = CARTESIAN_POINT('',(19.646525,-15.494,-4.5E-02));
#12857 = DIRECTION('',(-0.,-0.,-1.));
#12858 = DIRECTION('',(-0.,-1.,0.));
#12859 = ADVANCED_FACE('',(#12860),#12871,.F.);
#12860 = FACE_BOUND('',#12861,.T.);
#12861 = EDGE_LOOP('',(#12862,#12863,#12869,#12870));
#12862 = ORIENTED_EDGE('',*,*,#11116,.T.);
#12863 = ORIENTED_EDGE('',*,*,#12864,.T.);
#12864 = EDGE_CURVE('',#11117,#11882,#12865,.T.);
#12865 = LINE('',#12866,#12867);
#12866 = CARTESIAN_POINT('',(3.386125,-10.9932,-4.5E-02));
#12867 = VECTOR('',#12868,1.);
#12868 = DIRECTION('',(0.,0.,1.));
#12869 = ORIENTED_EDGE('',*,*,#11881,.F.);
#12870 = ORIENTED_EDGE('',*,*,#12864,.F.);
#12871 = CYLINDRICAL_SURFACE('',#12872,0.55);
#12872 = AXIS2_PLACEMENT_3D('',#12873,#12874,#12875);
#12873 = CARTESIAN_POINT('',(3.386125,-10.4432,-4.5E-02));
#12874 = DIRECTION('',(-0.,-0.,-1.));
#12875 = DIRECTION('',(-0.,-1.,0.));
#12876 = ADVANCED_FACE('',(#12877),#12888,.F.);
#12877 = FACE_BOUND('',#12878,.T.);
#12878 = EDGE_LOOP('',(#12879,#12880,#12886,#12887));
#12879 = ORIENTED_EDGE('',*,*,#11127,.T.);
#12880 = ORIENTED_EDGE('',*,*,#12881,.T.);
#12881 = EDGE_CURVE('',#11128,#11893,#12882,.T.);
#12882 = LINE('',#12883,#12884);
#12883 = CARTESIAN_POINT('',(6.886125,-10.9932,-4.5E-02));
#12884 = VECTOR('',#12885,1.);
#12885 = DIRECTION('',(0.,0.,1.));
#12886 = ORIENTED_EDGE('',*,*,#11892,.F.);
#12887 = ORIENTED_EDGE('',*,*,#12881,.F.);
#12888 = CYLINDRICAL_SURFACE('',#12889,0.55);
#12889 = AXIS2_PLACEMENT_3D('',#12890,#12891,#12892);
#12890 = CARTESIAN_POINT('',(6.886125,-10.4432,-4.5E-02));
#12891 = DIRECTION('',(-0.,-0.,-1.));
#12892 = DIRECTION('',(-0.,-1.,0.));
#12893 = ADVANCED_FACE('',(#12894),#12905,.F.);
#12894 = FACE_BOUND('',#12895,.T.);
#12895 = EDGE_LOOP('',(#12896,#12897,#12903,#12904));
#12896 = ORIENTED_EDGE('',*,*,#11138,.T.);
#12897 = ORIENTED_EDGE('',*,*,#12898,.T.);
#12898 = EDGE_CURVE('',#11139,#11904,#12899,.T.);
#12899 = LINE('',#12900,#12901);
#12900 = CARTESIAN_POINT('',(10.386125,-10.9932,-4.5E-02));
#12901 = VECTOR('',#12902,1.);
#12902 = DIRECTION('',(0.,0.,1.));
#12903 = ORIENTED_EDGE('',*,*,#11903,.F.);
#12904 = ORIENTED_EDGE('',*,*,#12898,.F.);
#12905 = CYLINDRICAL_SURFACE('',#12906,0.55);
#12906 = AXIS2_PLACEMENT_3D('',#12907,#12908,#12909);
#12907 = CARTESIAN_POINT('',(10.386125,-10.4432,-4.5E-02));
#12908 = DIRECTION('',(-0.,-0.,-1.));
#12909 = DIRECTION('',(-0.,-1.,0.));
#12910 = ADVANCED_FACE('',(#12911),#12922,.F.);
#12911 = FACE_BOUND('',#12912,.T.);
#12912 = EDGE_LOOP('',(#12913,#12914,#12920,#12921));
#12913 = ORIENTED_EDGE('',*,*,#11149,.T.);
#12914 = ORIENTED_EDGE('',*,*,#12915,.T.);
#12915 = EDGE_CURVE('',#11150,#11915,#12916,.T.);
#12916 = LINE('',#12917,#12918);
#12917 = CARTESIAN_POINT('',(16.146525,-11.044,-4.5E-02));
#12918 = VECTOR('',#12919,1.);
#12919 = DIRECTION('',(0.,0.,1.));
#12920 = ORIENTED_EDGE('',*,*,#11914,.F.);
#12921 = ORIENTED_EDGE('',*,*,#12915,.F.);
#12922 = CYLINDRICAL_SURFACE('',#12923,0.55);
#12923 = AXIS2_PLACEMENT_3D('',#12924,#12925,#12926);
#12924 = CARTESIAN_POINT('',(16.146525,-10.494,-4.5E-02));
#12925 = DIRECTION('',(-0.,-0.,-1.));
#12926 = DIRECTION('',(-0.,-1.,0.));
#12927 = ADVANCED_FACE('',(#12928),#12939,.F.);
#12928 = FACE_BOUND('',#12929,.T.);
#12929 = EDGE_LOOP('',(#12930,#12931,#12937,#12938));
#12930 = ORIENTED_EDGE('',*,*,#11160,.T.);
#12931 = ORIENTED_EDGE('',*,*,#12932,.T.);
#12932 = EDGE_CURVE('',#11161,#11926,#12933,.T.);
#12933 = LINE('',#12934,#12935);
#12934 = CARTESIAN_POINT('',(19.646525,-11.044,-4.5E-02));
#12935 = VECTOR('',#12936,1.);
#12936 = DIRECTION('',(0.,0.,1.));
#12937 = ORIENTED_EDGE('',*,*,#11925,.F.);
#12938 = ORIENTED_EDGE('',*,*,#12932,.F.);
#12939 = CYLINDRICAL_SURFACE('',#12940,0.55);
#12940 = AXIS2_PLACEMENT_3D('',#12941,#12942,#12943);
#12941 = CARTESIAN_POINT('',(19.646525,-10.494,-4.5E-02));
#12942 = DIRECTION('',(-0.,-0.,-1.));
#12943 = DIRECTION('',(-0.,-1.,0.));
#12944 = ADVANCED_FACE('',(#12945),#12956,.F.);
#12945 = FACE_BOUND('',#12946,.T.);
#12946 = EDGE_LOOP('',(#12947,#12948,#12954,#12955));
#12947 = ORIENTED_EDGE('',*,*,#11171,.T.);
#12948 = ORIENTED_EDGE('',*,*,#12949,.T.);
#12949 = EDGE_CURVE('',#11172,#11937,#12950,.T.);
#12950 = LINE('',#12951,#12952);
#12951 = CARTESIAN_POINT('',(23.146525,-16.044,-4.5E-02));
#12952 = VECTOR('',#12953,1.);
#12953 = DIRECTION('',(0.,0.,1.));
#12954 = ORIENTED_EDGE('',*,*,#11936,.F.);
#12955 = ORIENTED_EDGE('',*,*,#12949,.F.);
#12956 = CYLINDRICAL_SURFACE('',#12957,0.55);
#12957 = AXIS2_PLACEMENT_3D('',#12958,#12959,#12960);
#12958 = CARTESIAN_POINT('',(23.146525,-15.494,-4.5E-02));
#12959 = DIRECTION('',(-0.,-0.,-1.));
#12960 = DIRECTION('',(-0.,-1.,0.));
#12961 = ADVANCED_FACE('',(#12962),#12973,.F.);
#12962 = FACE_BOUND('',#12963,.T.);
#12963 = EDGE_LOOP('',(#12964,#12965,#12971,#12972));
#12964 = ORIENTED_EDGE('',*,*,#11182,.T.);
#12965 = ORIENTED_EDGE('',*,*,#12966,.T.);
#12966 = EDGE_CURVE('',#11183,#11948,#12967,.T.);
#12967 = LINE('',#12968,#12969);
#12968 = CARTESIAN_POINT('',(28.643325,-16.044,-4.5E-02));
#12969 = VECTOR('',#12970,1.);
#12970 = DIRECTION('',(0.,0.,1.));
#12971 = ORIENTED_EDGE('',*,*,#11947,.F.);
#12972 = ORIENTED_EDGE('',*,*,#12966,.F.);
#12973 = CYLINDRICAL_SURFACE('',#12974,0.55);
#12974 = AXIS2_PLACEMENT_3D('',#12975,#12976,#12977);
#12975 = CARTESIAN_POINT('',(28.643325,-15.494,-4.5E-02));
#12976 = DIRECTION('',(-0.,-0.,-1.));
#12977 = DIRECTION('',(-0.,-1.,0.));
#12978 = ADVANCED_FACE('',(#12979),#12990,.F.);
#12979 = FACE_BOUND('',#12980,.T.);
#12980 = EDGE_LOOP('',(#12981,#12982,#12988,#12989));
#12981 = ORIENTED_EDGE('',*,*,#11193,.T.);
#12982 = ORIENTED_EDGE('',*,*,#12983,.T.);
#12983 = EDGE_CURVE('',#11194,#11959,#12984,.T.);
#12984 = LINE('',#12985,#12986);
#12985 = CARTESIAN_POINT('',(32.143325,-16.044,-4.5E-02));
#12986 = VECTOR('',#12987,1.);
#12987 = DIRECTION('',(0.,0.,1.));
#12988 = ORIENTED_EDGE('',*,*,#11958,.F.);
#12989 = ORIENTED_EDGE('',*,*,#12983,.F.);
#12990 = CYLINDRICAL_SURFACE('',#12991,0.55);
#12991 = AXIS2_PLACEMENT_3D('',#12992,#12993,#12994);
#12992 = CARTESIAN_POINT('',(32.143325,-15.494,-4.5E-02));
#12993 = DIRECTION('',(-0.,-0.,-1.));
#12994 = DIRECTION('',(-1.2918958832E-14,-1.,0.));
#12995 = ADVANCED_FACE('',(#12996),#13007,.F.);
#12996 = FACE_BOUND('',#12997,.T.);
#12997 = EDGE_LOOP('',(#12998,#12999,#13005,#13006));
#12998 = ORIENTED_EDGE('',*,*,#11204,.T.);
#12999 = ORIENTED_EDGE('',*,*,#13000,.T.);
#13000 = EDGE_CURVE('',#11205,#11970,#13001,.T.);
#13001 = LINE('',#13002,#13003);
#13002 = CARTESIAN_POINT('',(37.592,-16.044,-4.5E-02));
#13003 = VECTOR('',#13004,1.);
#13004 = DIRECTION('',(0.,0.,1.));
#13005 = ORIENTED_EDGE('',*,*,#11969,.F.);
#13006 = ORIENTED_EDGE('',*,*,#13000,.F.);
#13007 = CYLINDRICAL_SURFACE('',#13008,0.55);
#13008 = AXIS2_PLACEMENT_3D('',#13009,#13010,#13011);
#13009 = CARTESIAN_POINT('',(37.592,-15.494,-4.5E-02));
#13010 = DIRECTION('',(-0.,-0.,-1.));
#13011 = DIRECTION('',(-0.,-1.,0.));
#13012 = ADVANCED_FACE('',(#13013),#13024,.F.);
#13013 = FACE_BOUND('',#13014,.T.);
#13014 = EDGE_LOOP('',(#13015,#13016,#13022,#13023));
#13015 = ORIENTED_EDGE('',*,*,#11215,.T.);
#13016 = ORIENTED_EDGE('',*,*,#13017,.T.);
#13017 = EDGE_CURVE('',#11216,#11981,#13018,.T.);
#13018 = LINE('',#13019,#13020);
#13019 = CARTESIAN_POINT('',(41.092,-16.044,-4.5E-02));
#13020 = VECTOR('',#13021,1.);
#13021 = DIRECTION('',(0.,0.,1.));
#13022 = ORIENTED_EDGE('',*,*,#11980,.F.);
#13023 = ORIENTED_EDGE('',*,*,#13017,.F.);
#13024 = CYLINDRICAL_SURFACE('',#13025,0.55);
#13025 = AXIS2_PLACEMENT_3D('',#13026,#13027,#13028);
#13026 = CARTESIAN_POINT('',(41.092,-15.494,-4.5E-02));
#13027 = DIRECTION('',(-0.,-0.,-1.));
#13028 = DIRECTION('',(-0.,-1.,0.));
#13029 = ADVANCED_FACE('',(#13030),#13041,.F.);
#13030 = FACE_BOUND('',#13031,.T.);
#13031 = EDGE_LOOP('',(#13032,#13033,#13039,#13040));
#13032 = ORIENTED_EDGE('',*,*,#11226,.T.);
#13033 = ORIENTED_EDGE('',*,*,#13034,.T.);
#13034 = EDGE_CURVE('',#11227,#11992,#13035,.T.);
#13035 = LINE('',#13036,#13037);
#13036 = CARTESIAN_POINT('',(23.146525,-11.044,-4.5E-02));
#13037 = VECTOR('',#13038,1.);
#13038 = DIRECTION('',(0.,0.,1.));
#13039 = ORIENTED_EDGE('',*,*,#11991,.F.);
#13040 = ORIENTED_EDGE('',*,*,#13034,.F.);
#13041 = CYLINDRICAL_SURFACE('',#13042,0.55);
#13042 = AXIS2_PLACEMENT_3D('',#13043,#13044,#13045);
#13043 = CARTESIAN_POINT('',(23.146525,-10.494,-4.5E-02));
#13044 = DIRECTION('',(-0.,-0.,-1.));
#13045 = DIRECTION('',(-0.,-1.,0.));
#13046 = ADVANCED_FACE('',(#13047),#13058,.F.);
#13047 = FACE_BOUND('',#13048,.T.);
#13048 = EDGE_LOOP('',(#13049,#13050,#13056,#13057));
#13049 = ORIENTED_EDGE('',*,*,#11237,.T.);
#13050 = ORIENTED_EDGE('',*,*,#13051,.T.);
#13051 = EDGE_CURVE('',#11238,#12003,#13052,.T.);
#13052 = LINE('',#13053,#13054);
#13053 = CARTESIAN_POINT('',(28.643325,-11.044,-4.5E-02));
#13054 = VECTOR('',#13055,1.);
#13055 = DIRECTION('',(0.,0.,1.));
#13056 = ORIENTED_EDGE('',*,*,#12002,.F.);
#13057 = ORIENTED_EDGE('',*,*,#13051,.F.);
#13058 = CYLINDRICAL_SURFACE('',#13059,0.55);
#13059 = AXIS2_PLACEMENT_3D('',#13060,#13061,#13062);
#13060 = CARTESIAN_POINT('',(28.643325,-10.494,-4.5E-02));
#13061 = DIRECTION('',(-0.,-0.,-1.));
#13062 = DIRECTION('',(-0.,-1.,0.));
#13063 = ADVANCED_FACE('',(#13064),#13075,.F.);
#13064 = FACE_BOUND('',#13065,.T.);
#13065 = EDGE_LOOP('',(#13066,#13067,#13073,#13074));
#13066 = ORIENTED_EDGE('',*,*,#11248,.T.);
#13067 = ORIENTED_EDGE('',*,*,#13068,.T.);
#13068 = EDGE_CURVE('',#11249,#12014,#13069,.T.);
#13069 = LINE('',#13070,#13071);
#13070 = CARTESIAN_POINT('',(32.143325,-11.044,-4.5E-02));
#13071 = VECTOR('',#13072,1.);
#13072 = DIRECTION('',(0.,0.,1.));
#13073 = ORIENTED_EDGE('',*,*,#12013,.F.);
#13074 = ORIENTED_EDGE('',*,*,#13068,.F.);
#13075 = CYLINDRICAL_SURFACE('',#13076,0.55);
#13076 = AXIS2_PLACEMENT_3D('',#13077,#13078,#13079);
#13077 = CARTESIAN_POINT('',(32.143325,-10.494,-4.5E-02));
#13078 = DIRECTION('',(-0.,-0.,-1.));
#13079 = DIRECTION('',(-1.2918958832E-14,-1.,0.));
#13080 = ADVANCED_FACE('',(#13081),#13092,.F.);
#13081 = FACE_BOUND('',#13082,.T.);
#13082 = EDGE_LOOP('',(#13083,#13084,#13090,#13091));
#13083 = ORIENTED_EDGE('',*,*,#11259,.T.);
#13084 = ORIENTED_EDGE('',*,*,#13085,.T.);
#13085 = EDGE_CURVE('',#11260,#12025,#13086,.T.);
#13086 = LINE('',#13087,#13088);
#13087 = CARTESIAN_POINT('',(37.592,-11.044,-4.5E-02));
#13088 = VECTOR('',#13089,1.);
#13089 = DIRECTION('',(0.,0.,1.));
#13090 = ORIENTED_EDGE('',*,*,#12024,.F.);
#13091 = ORIENTED_EDGE('',*,*,#13085,.F.);
#13092 = CYLINDRICAL_SURFACE('',#13093,0.55);
#13093 = AXIS2_PLACEMENT_3D('',#13094,#13095,#13096);
#13094 = CARTESIAN_POINT('',(37.592,-10.494,-4.5E-02));
#13095 = DIRECTION('',(-0.,-0.,-1.));
#13096 = DIRECTION('',(-0.,-1.,0.));
#13097 = ADVANCED_FACE('',(#13098),#13109,.F.);
#13098 = FACE_BOUND('',#13099,.T.);
#13099 = EDGE_LOOP('',(#13100,#13101,#13107,#13108));
#13100 = ORIENTED_EDGE('',*,*,#11270,.T.);
#13101 = ORIENTED_EDGE('',*,*,#13102,.T.);
#13102 = EDGE_CURVE('',#11271,#12036,#13103,.T.);
#13103 = LINE('',#13104,#13105);
#13104 = CARTESIAN_POINT('',(41.092,-11.044,-4.5E-02));
#13105 = VECTOR('',#13106,1.);
#13106 = DIRECTION('',(0.,0.,1.));
#13107 = ORIENTED_EDGE('',*,*,#12035,.F.);
#13108 = ORIENTED_EDGE('',*,*,#13102,.F.);
#13109 = CYLINDRICAL_SURFACE('',#13110,0.55);
#13110 = AXIS2_PLACEMENT_3D('',#13111,#13112,#13113);
#13111 = CARTESIAN_POINT('',(41.092,-10.494,-4.5E-02));
#13112 = DIRECTION('',(-0.,-0.,-1.));
#13113 = DIRECTION('',(-0.,-1.,0.));
#13114 = ADVANCED_FACE('',(#13115),#13126,.F.);
#13115 = FACE_BOUND('',#13116,.T.);
#13116 = EDGE_LOOP('',(#13117,#13118,#13124,#13125));
#13117 = ORIENTED_EDGE('',*,*,#11281,.T.);
#13118 = ORIENTED_EDGE('',*,*,#13119,.T.);
#13119 = EDGE_CURVE('',#11282,#12047,#13120,.T.);
#13120 = LINE('',#13121,#13122);
#13121 = CARTESIAN_POINT('',(2.481325,-1.262,-4.5E-02));
#13122 = VECTOR('',#13123,1.);
#13123 = DIRECTION('',(0.,0.,1.));
#13124 = ORIENTED_EDGE('',*,*,#12046,.F.);
#13125 = ORIENTED_EDGE('',*,*,#13119,.F.);
#13126 = CYLINDRICAL_SURFACE('',#13127,0.5);
#13127 = AXIS2_PLACEMENT_3D('',#13128,#13129,#13130);
#13128 = CARTESIAN_POINT('',(2.481325,-0.762,-4.5E-02));
#13129 = DIRECTION('',(-0.,-0.,-1.));
#13130 = DIRECTION('',(-0.,-1.,0.));
#13131 = ADVANCED_FACE('',(#13132),#13143,.F.);
#13132 = FACE_BOUND('',#13133,.T.);
#13133 = EDGE_LOOP('',(#13134,#13135,#13141,#13142));
#13134 = ORIENTED_EDGE('',*,*,#11292,.T.);
#13135 = ORIENTED_EDGE('',*,*,#13136,.T.);
#13136 = EDGE_CURVE('',#11293,#12058,#13137,.T.);
#13137 = LINE('',#13138,#13139);
#13138 = CARTESIAN_POINT('',(5.021325,-1.262,-4.5E-02));
#13139 = VECTOR('',#13140,1.);
#13140 = DIRECTION('',(0.,0.,1.));
#13141 = ORIENTED_EDGE('',*,*,#12057,.F.);
#13142 = ORIENTED_EDGE('',*,*,#13136,.F.);
#13143 = CYLINDRICAL_SURFACE('',#13144,0.5);
#13144 = AXIS2_PLACEMENT_3D('',#13145,#13146,#13147);
#13145 = CARTESIAN_POINT('',(5.021325,-0.762,-4.5E-02));
#13146 = DIRECTION('',(-0.,-0.,-1.));
#13147 = DIRECTION('',(-0.,-1.,0.));
#13148 = ADVANCED_FACE('',(#13149),#13160,.F.);
#13149 = FACE_BOUND('',#13150,.T.);
#13150 = EDGE_LOOP('',(#13151,#13152,#13158,#13159));
#13151 = ORIENTED_EDGE('',*,*,#11303,.T.);
#13152 = ORIENTED_EDGE('',*,*,#13153,.T.);
#13153 = EDGE_CURVE('',#11304,#12069,#13154,.T.);
#13154 = LINE('',#13155,#13156);
#13155 = CARTESIAN_POINT('',(40.132,-2.7024,-4.5E-02));
#13156 = VECTOR('',#13157,1.);
#13157 = DIRECTION('',(0.,0.,1.));
#13158 = ORIENTED_EDGE('',*,*,#12068,.F.);
#13159 = ORIENTED_EDGE('',*,*,#13153,.F.);
#13160 = CYLINDRICAL_SURFACE('',#13161,1.6);
#13161 = AXIS2_PLACEMENT_3D('',#13162,#13163,#13164);
#13162 = CARTESIAN_POINT('',(40.132,-1.1024,-4.5E-02));
#13163 = DIRECTION('',(-0.,-0.,-1.));
#13164 = DIRECTION('',(-0.,-1.,0.));
#13165 = ADVANCED_FACE('',(#13166),#13177,.F.);
#13166 = FACE_BOUND('',#13167,.T.);
#13167 = EDGE_LOOP('',(#13168,#13169,#13175,#13176));
#13168 = ORIENTED_EDGE('',*,*,#11314,.T.);
#13169 = ORIENTED_EDGE('',*,*,#13170,.T.);
#13170 = EDGE_CURVE('',#11315,#12080,#13171,.T.);
#13171 = LINE('',#13172,#13173);
#13172 = CARTESIAN_POINT('',(-22.918675,13.978,-4.5E-02));
#13173 = VECTOR('',#13174,1.);
#13174 = DIRECTION('',(0.,0.,1.));
#13175 = ORIENTED_EDGE('',*,*,#12079,.F.);
#13176 = ORIENTED_EDGE('',*,*,#13170,.F.);
#13177 = CYLINDRICAL_SURFACE('',#13178,0.5);
#13178 = AXIS2_PLACEMENT_3D('',#13179,#13180,#13181);
#13179 = CARTESIAN_POINT('',(-22.918675,14.478,-4.5E-02));
#13180 = DIRECTION('',(-0.,-0.,-1.));
#13181 = DIRECTION('',(-0.,-1.,0.));
#13182 = ADVANCED_FACE('',(#13183),#13194,.F.);
#13183 = FACE_BOUND('',#13184,.T.);
#13184 = EDGE_LOOP('',(#13185,#13186,#13192,#13193));
#13185 = ORIENTED_EDGE('',*,*,#11325,.T.);
#13186 = ORIENTED_EDGE('',*,*,#13187,.T.);
#13187 = EDGE_CURVE('',#11326,#12091,#13188,.T.);
#13188 = LINE('',#13189,#13190);
#13189 = CARTESIAN_POINT('',(-30.955475,13.7976,-4.5E-02));
#13190 = VECTOR('',#13191,1.);
#13191 = DIRECTION('',(0.,0.,1.));
#13192 = ORIENTED_EDGE('',*,*,#12090,.F.);
#13193 = ORIENTED_EDGE('',*,*,#13187,.F.);
#13194 = CYLINDRICAL_SURFACE('',#13195,1.6);
#13195 = AXIS2_PLACEMENT_3D('',#13196,#13197,#13198);
#13196 = CARTESIAN_POINT('',(-30.955475,15.3976,-4.5E-02));
#13197 = DIRECTION('',(-0.,-0.,-1.));
#13198 = DIRECTION('',(-0.,-1.,0.));
#13199 = ADVANCED_FACE('',(#13200),#13211,.F.);
#13200 = FACE_BOUND('',#13201,.T.);
#13201 = EDGE_LOOP('',(#13202,#13203,#13209,#13210));
#13202 = ORIENTED_EDGE('',*,*,#11336,.T.);
#13203 = ORIENTED_EDGE('',*,*,#13204,.T.);
#13204 = EDGE_CURVE('',#11337,#12102,#13205,.T.);
#13205 = LINE('',#13206,#13207);
#13206 = CARTESIAN_POINT('',(-20.378675,13.978,-4.5E-02));
#13207 = VECTOR('',#13208,1.);
#13208 = DIRECTION('',(0.,0.,1.));
#13209 = ORIENTED_EDGE('',*,*,#12101,.F.);
#13210 = ORIENTED_EDGE('',*,*,#13204,.F.);
#13211 = CYLINDRICAL_SURFACE('',#13212,0.5);
#13212 = AXIS2_PLACEMENT_3D('',#13213,#13214,#13215);
#13213 = CARTESIAN_POINT('',(-20.378675,14.478,-4.5E-02));
#13214 = DIRECTION('',(-0.,-0.,-1.));
#13215 = DIRECTION('',(-0.,-1.,0.));
#13216 = ADVANCED_FACE('',(#13217),#13228,.F.);
#13217 = FACE_BOUND('',#13218,.T.);
#13218 = EDGE_LOOP('',(#13219,#13220,#13226,#13227));
#13219 = ORIENTED_EDGE('',*,*,#11347,.T.);
#13220 = ORIENTED_EDGE('',*,*,#13221,.T.);
#13221 = EDGE_CURVE('',#11348,#12113,#13222,.T.);
#13222 = LINE('',#13223,#13224);
#13223 = CARTESIAN_POINT('',(-17.838675,13.978,-4.5E-02));
#13224 = VECTOR('',#13225,1.);
#13225 = DIRECTION('',(0.,0.,1.));
#13226 = ORIENTED_EDGE('',*,*,#12112,.F.);
#13227 = ORIENTED_EDGE('',*,*,#13221,.F.);
#13228 = CYLINDRICAL_SURFACE('',#13229,0.5);
#13229 = AXIS2_PLACEMENT_3D('',#13230,#13231,#13232);
#13230 = CARTESIAN_POINT('',(-17.838675,14.478,-4.5E-02));
#13231 = DIRECTION('',(-0.,-0.,-1.));
#13232 = DIRECTION('',(-0.,-1.,0.));
#13233 = ADVANCED_FACE('',(#13234),#13245,.F.);
#13234 = FACE_BOUND('',#13235,.T.);
#13235 = EDGE_LOOP('',(#13236,#13237,#13243,#13244));
#13236 = ORIENTED_EDGE('',*,*,#11358,.T.);
#13237 = ORIENTED_EDGE('',*,*,#13238,.T.);
#13238 = EDGE_CURVE('',#11359,#12124,#13239,.T.);
#13239 = LINE('',#13240,#13241);
#13240 = CARTESIAN_POINT('',(-15.298675,13.978,-4.5E-02));
#13241 = VECTOR('',#13242,1.);
#13242 = DIRECTION('',(0.,0.,1.));
#13243 = ORIENTED_EDGE('',*,*,#12123,.F.);
#13244 = ORIENTED_EDGE('',*,*,#13238,.F.);
#13245 = CYLINDRICAL_SURFACE('',#13246,0.5);
#13246 = AXIS2_PLACEMENT_3D('',#13247,#13248,#13249);
#13247 = CARTESIAN_POINT('',(-15.298675,14.478,-4.5E-02));
#13248 = DIRECTION('',(-0.,-0.,-1.));
#13249 = DIRECTION('',(-0.,-1.,0.));
#13250 = ADVANCED_FACE('',(#13251),#13262,.F.);
#13251 = FACE_BOUND('',#13252,.T.);
#13252 = EDGE_LOOP('',(#13253,#13254,#13260,#13261));
#13253 = ORIENTED_EDGE('',*,*,#11369,.T.);
#13254 = ORIENTED_EDGE('',*,*,#13255,.T.);
#13255 = EDGE_CURVE('',#11370,#12135,#13256,.T.);
#13256 = LINE('',#13257,#13258);
#13257 = CARTESIAN_POINT('',(-12.758675,13.978,-4.5E-02));
#13258 = VECTOR('',#13259,1.);
#13259 = DIRECTION('',(0.,0.,1.));
#13260 = ORIENTED_EDGE('',*,*,#12134,.F.);
#13261 = ORIENTED_EDGE('',*,*,#13255,.F.);
#13262 = CYLINDRICAL_SURFACE('',#13263,0.5);
#13263 = AXIS2_PLACEMENT_3D('',#13264,#13265,#13266);
#13264 = CARTESIAN_POINT('',(-12.758675,14.478,-4.5E-02));
#13265 = DIRECTION('',(-0.,-0.,-1.));
#13266 = DIRECTION('',(-0.,-1.,0.));
#13267 = ADVANCED_FACE('',(#13268),#13279,.F.);
#13268 = FACE_BOUND('',#13269,.T.);
#13269 = EDGE_LOOP('',(#13270,#13271,#13277,#13278));
#13270 = ORIENTED_EDGE('',*,*,#11380,.T.);
#13271 = ORIENTED_EDGE('',*,*,#13272,.T.);
#13272 = EDGE_CURVE('',#11381,#12146,#13273,.T.);
#13273 = LINE('',#13274,#13275);
#13274 = CARTESIAN_POINT('',(-10.218675,13.978,-4.5E-02));
#13275 = VECTOR('',#13276,1.);
#13276 = DIRECTION('',(0.,0.,1.));
#13277 = ORIENTED_EDGE('',*,*,#12145,.F.);
#13278 = ORIENTED_EDGE('',*,*,#13272,.F.);
#13279 = CYLINDRICAL_SURFACE('',#13280,0.5);
#13280 = AXIS2_PLACEMENT_3D('',#13281,#13282,#13283);
#13281 = CARTESIAN_POINT('',(-10.218675,14.478,-4.5E-02));
#13282 = DIRECTION('',(-0.,-0.,-1.));
#13283 = DIRECTION('',(-0.,-1.,0.));
#13284 = ADVANCED_FACE('',(#13285),#13296,.F.);
#13285 = FACE_BOUND('',#13286,.T.);
#13286 = EDGE_LOOP('',(#13287,#13288,#13294,#13295));
#13287 = ORIENTED_EDGE('',*,*,#11391,.T.);
#13288 = ORIENTED_EDGE('',*,*,#13289,.T.);
#13289 = EDGE_CURVE('',#11392,#12157,#13290,.T.);
#13290 = LINE('',#13291,#13292);
#13291 = CARTESIAN_POINT('',(-7.678675,13.978,-4.5E-02));
#13292 = VECTOR('',#13293,1.);
#13293 = DIRECTION('',(0.,0.,1.));
#13294 = ORIENTED_EDGE('',*,*,#12156,.F.);
#13295 = ORIENTED_EDGE('',*,*,#13289,.F.);
#13296 = CYLINDRICAL_SURFACE('',#13297,0.5);
#13297 = AXIS2_PLACEMENT_3D('',#13298,#13299,#13300);
#13298 = CARTESIAN_POINT('',(-7.678675,14.478,-4.5E-02));
#13299 = DIRECTION('',(-0.,-0.,-1.));
#13300 = DIRECTION('',(-0.,-1.,0.));
#13301 = ADVANCED_FACE('',(#13302),#13313,.F.);
#13302 = FACE_BOUND('',#13303,.T.);
#13303 = EDGE_LOOP('',(#13304,#13305,#13311,#13312));
#13304 = ORIENTED_EDGE('',*,*,#11402,.T.);
#13305 = ORIENTED_EDGE('',*,*,#13306,.T.);
#13306 = EDGE_CURVE('',#11403,#12168,#13307,.T.);
#13307 = LINE('',#13308,#13309);
#13308 = CARTESIAN_POINT('',(-5.138675,13.978,-4.5E-02));
#13309 = VECTOR('',#13310,1.);
#13310 = DIRECTION('',(0.,0.,1.));
#13311 = ORIENTED_EDGE('',*,*,#12167,.F.);
#13312 = ORIENTED_EDGE('',*,*,#13306,.F.);
#13313 = CYLINDRICAL_SURFACE('',#13314,0.5);
#13314 = AXIS2_PLACEMENT_3D('',#13315,#13316,#13317);
#13315 = CARTESIAN_POINT('',(-5.138675,14.478,-4.5E-02));
#13316 = DIRECTION('',(-0.,-0.,-1.));
#13317 = DIRECTION('',(-0.,-1.,0.));
#13318 = ADVANCED_FACE('',(#13319),#13330,.F.);
#13319 = FACE_BOUND('',#13320,.T.);
#13320 = EDGE_LOOP('',(#13321,#13322,#13328,#13329));
#13321 = ORIENTED_EDGE('',*,*,#11413,.T.);
#13322 = ORIENTED_EDGE('',*,*,#13323,.T.);
#13323 = EDGE_CURVE('',#11414,#12179,#13324,.T.);
#13324 = LINE('',#13325,#13326);
#13325 = CARTESIAN_POINT('',(-2.598675,13.978,-4.5E-02));
#13326 = VECTOR('',#13327,1.);
#13327 = DIRECTION('',(0.,0.,1.));
#13328 = ORIENTED_EDGE('',*,*,#12178,.F.);
#13329 = ORIENTED_EDGE('',*,*,#13323,.F.);
#13330 = CYLINDRICAL_SURFACE('',#13331,0.5);
#13331 = AXIS2_PLACEMENT_3D('',#13332,#13333,#13334);
#13332 = CARTESIAN_POINT('',(-2.598675,14.478,-4.5E-02));
#13333 = DIRECTION('',(-0.,-0.,-1.));
#13334 = DIRECTION('',(-0.,-1.,0.));
#13335 = ADVANCED_FACE('',(#13336),#13347,.F.);
#13336 = FACE_BOUND('',#13337,.T.);
#13337 = EDGE_LOOP('',(#13338,#13339,#13345,#13346));
#13338 = ORIENTED_EDGE('',*,*,#11424,.T.);
#13339 = ORIENTED_EDGE('',*,*,#13340,.T.);
#13340 = EDGE_CURVE('',#11425,#12190,#13341,.T.);
#13341 = LINE('',#13342,#13343);
#13342 = CARTESIAN_POINT('',(-5.8675E-02,13.978,-4.5E-02));
#13343 = VECTOR('',#13344,1.);
#13344 = DIRECTION('',(0.,0.,1.));
#13345 = ORIENTED_EDGE('',*,*,#12189,.F.);
#13346 = ORIENTED_EDGE('',*,*,#13340,.F.);
#13347 = CYLINDRICAL_SURFACE('',#13348,0.5);
#13348 = AXIS2_PLACEMENT_3D('',#13349,#13350,#13351);
#13349 = CARTESIAN_POINT('',(-5.8675E-02,14.478,-4.5E-02));
#13350 = DIRECTION('',(-0.,0.,-1.));
#13351 = DIRECTION('',(6.938893903907E-17,-1.,-0.));
#13352 = ADVANCED_FACE('',(#13353),#13364,.F.);
#13353 = FACE_BOUND('',#13354,.T.);
#13354 = EDGE_LOOP('',(#13355,#13356,#13362,#13363));
#13355 = ORIENTED_EDGE('',*,*,#11435,.T.);
#13356 = ORIENTED_EDGE('',*,*,#13357,.T.);
#13357 = EDGE_CURVE('',#11436,#12201,#13358,.T.);
#13358 = LINE('',#13359,#13360);
#13359 = CARTESIAN_POINT('',(2.481325,13.978,-4.5E-02));
#13360 = VECTOR('',#13361,1.);
#13361 = DIRECTION('',(0.,0.,1.));
#13362 = ORIENTED_EDGE('',*,*,#12200,.F.);
#13363 = ORIENTED_EDGE('',*,*,#13357,.F.);
#13364 = CYLINDRICAL_SURFACE('',#13365,0.5);
#13365 = AXIS2_PLACEMENT_3D('',#13366,#13367,#13368);
#13366 = CARTESIAN_POINT('',(2.481325,14.478,-4.5E-02));
#13367 = DIRECTION('',(-0.,-0.,-1.));
#13368 = DIRECTION('',(-0.,-1.,0.));
#13369 = ADVANCED_FACE('',(#13370),#13381,.F.);
#13370 = FACE_BOUND('',#13371,.T.);
#13371 = EDGE_LOOP('',(#13372,#13373,#13379,#13380));
#13372 = ORIENTED_EDGE('',*,*,#11446,.T.);
#13373 = ORIENTED_EDGE('',*,*,#13374,.T.);
#13374 = EDGE_CURVE('',#11447,#12212,#13375,.T.);
#13375 = LINE('',#13376,#13377);
#13376 = CARTESIAN_POINT('',(5.021325,13.978,-4.5E-02));
#13377 = VECTOR('',#13378,1.);
#13378 = DIRECTION('',(0.,0.,1.));
#13379 = ORIENTED_EDGE('',*,*,#12211,.F.);
#13380 = ORIENTED_EDGE('',*,*,#13374,.F.);
#13381 = CYLINDRICAL_SURFACE('',#13382,0.5);
#13382 = AXIS2_PLACEMENT_3D('',#13383,#13384,#13385);
#13383 = CARTESIAN_POINT('',(5.021325,14.478,-4.5E-02));
#13384 = DIRECTION('',(-0.,-0.,-1.));
#13385 = DIRECTION('',(-0.,-1.,0.));
#13386 = ADVANCED_FACE('',(#13387),#13398,.F.);
#13387 = FACE_BOUND('',#13388,.T.);
#13388 = EDGE_LOOP('',(#13389,#13390,#13396,#13397));
#13389 = ORIENTED_EDGE('',*,*,#11457,.T.);
#13390 = ORIENTED_EDGE('',*,*,#13391,.T.);
#13391 = EDGE_CURVE('',#11458,#12223,#13392,.T.);
#13392 = LINE('',#13393,#13394);
#13393 = CARTESIAN_POINT('',(31.533725,13.7976,-4.5E-02));
#13394 = VECTOR('',#13395,1.);
#13395 = DIRECTION('',(0.,0.,1.));
#13396 = ORIENTED_EDGE('',*,*,#12222,.F.);
#13397 = ORIENTED_EDGE('',*,*,#13391,.F.);
#13398 = CYLINDRICAL_SURFACE('',#13399,1.6);
#13399 = AXIS2_PLACEMENT_3D('',#13400,#13401,#13402);
#13400 = CARTESIAN_POINT('',(31.533725,15.3976,-4.5E-02));
#13401 = DIRECTION('',(-0.,0.,-1.));
#13402 = DIRECTION('',(2.22044604925E-15,-1.,-0.));
#13403 = ( GEOMETRIC_REPRESENTATION_CONTEXT(3) 
GLOBAL_UNCERTAINTY_ASSIGNED_CONTEXT((#13407)) 
GLOBAL_UNIT_ASSIGNED_CONTEXT((#13404,#13405,#13406)) 
REPRESENTATION_CONTEXT('Context #1',
  '3D Context with UNIT and UNCERTAINTY') );
#13404 = ( LENGTH_UNIT() NAMED_UNIT(*) SI_UNIT(.MILLI.,.METRE.) );
#13405 = ( NAMED_UNIT(*) PLANE_ANGLE_UNIT() SI_UNIT($,.RADIAN.) );
#13406 = ( NAMED_UNIT(*) SI_UNIT($,.STERADIAN.) SOLID_ANGLE_UNIT() );
#13407 = UNCERTAINTY_MEASURE_WITH_UNIT(LENGTH_MEASURE(1.E-07),#13404,
  'distance_accuracy_value','confusion accuracy');
#13408 = CONTEXT_DEPENDENT_SHAPE_REPRESENTATION(#13409,#13411);
#13409 = ( REPRESENTATION_RELATIONSHIP('','',#10600,#10) 
REPRESENTATION_RELATIONSHIP_WITH_TRANSFORMATION(#13410) 
SHAPE_REPRESENTATION_RELATIONSHIP() );
#13410 = ITEM_DEFINED_TRANSFORMATION('','',#11,#67);
#13411 = PRODUCT_DEFINITION_SHAPE('Placement','Placement of an item',
  #13412);
#13412 = NEXT_ASSEMBLY_USAGE_OCCURRENCE('19','=>[0:1:1:12]','',#5,#10595
  ,$);
#13413 = PRODUCT_RELATED_PRODUCT_CATEGORY('part',$,(#10597));
#13414 = MECHANICAL_DESIGN_GEOMETRIC_PRESENTATION_REPRESENTATION('',(
    #13415,#13423,#13430,#13437,#13444,#13451,#13458,#13465,#13473,
    #13480,#13487,#13494,#13501,#13508,#13516,#13523,#13530,#13537,
    #13544,#13551,#13558,#13565,#13572,#13579,#13586,#13593),#6453);
#13415 = STYLED_ITEM('color',(#13416),#5665);
#13416 = PRESENTATION_STYLE_ASSIGNMENT((#13417));
#13417 = SURFACE_STYLE_USAGE(.BOTH.,#13418);
#13418 = SURFACE_SIDE_STYLE('',(#13419));
#13419 = SURFACE_STYLE_FILL_AREA(#13420);
#13420 = FILL_AREA_STYLE('',(#13421));
#13421 = FILL_AREA_STYLE_COLOUR('',#13422);
#13422 = COLOUR_RGB('',0.823999987314,0.819999987296,0.781000009244);
#13423 = STYLED_ITEM('color',(#13424),#5705);
#13424 = PRESENTATION_STYLE_ASSIGNMENT((#13425));
#13425 = SURFACE_STYLE_USAGE(.BOTH.,#13426);
#13426 = SURFACE_SIDE_STYLE('',(#13427));
#13427 = SURFACE_STYLE_FILL_AREA(#13428);
#13428 = FILL_AREA_STYLE('',(#13429));
#13429 = FILL_AREA_STYLE_COLOUR('',#13422);
#13430 = STYLED_ITEM('color',(#13431),#5788);
#13431 = PRESENTATION_STYLE_ASSIGNMENT((#13432));
#13432 = SURFACE_STYLE_USAGE(.BOTH.,#13433);
#13433 = SURFACE_SIDE_STYLE('',(#13434));
#13434 = SURFACE_STYLE_FILL_AREA(#13435);
#13435 = FILL_AREA_STYLE('',(#13436));
#13436 = FILL_AREA_STYLE_COLOUR('',#13422);
#13437 = STYLED_ITEM('color',(#13438),#5813);
#13438 = PRESENTATION_STYLE_ASSIGNMENT((#13439));
#13439 = SURFACE_STYLE_USAGE(.BOTH.,#13440);
#13440 = SURFACE_SIDE_STYLE('',(#13441));
#13441 = SURFACE_STYLE_FILL_AREA(#13442);
#13442 = FILL_AREA_STYLE('',(#13443));
#13443 = FILL_AREA_STYLE_COLOUR('',#13422);
#13444 = STYLED_ITEM('color',(#13445),#5838);
#13445 = PRESENTATION_STYLE_ASSIGNMENT((#13446));
#13446 = SURFACE_STYLE_USAGE(.BOTH.,#13447);
#13447 = SURFACE_SIDE_STYLE('',(#13448));
#13448 = SURFACE_STYLE_FILL_AREA(#13449);
#13449 = FILL_AREA_STYLE('',(#13450));
#13450 = FILL_AREA_STYLE_COLOUR('',#13422);
#13451 = STYLED_ITEM('color',(#13452),#5905);
#13452 = PRESENTATION_STYLE_ASSIGNMENT((#13453));
#13453 = SURFACE_STYLE_USAGE(.BOTH.,#13454);
#13454 = SURFACE_SIDE_STYLE('',(#13455));
#13455 = SURFACE_STYLE_FILL_AREA(#13456);
#13456 = FILL_AREA_STYLE('',(#13457));
#13457 = FILL_AREA_STYLE_COLOUR('',#13422);
#13458 = STYLED_ITEM('color',(#13459),#5922);
#13459 = PRESENTATION_STYLE_ASSIGNMENT((#13460));
#13460 = SURFACE_STYLE_USAGE(.BOTH.,#13461);
#13461 = SURFACE_SIDE_STYLE('',(#13462));
#13462 = SURFACE_STYLE_FILL_AREA(#13463);
#13463 = FILL_AREA_STYLE('',(#13464));
#13464 = FILL_AREA_STYLE_COLOUR('',#13422);
#13465 = STYLED_ITEM('color',(#13466),#5939);
#13466 = PRESENTATION_STYLE_ASSIGNMENT((#13467));
#13467 = SURFACE_STYLE_USAGE(.BOTH.,#13468);
#13468 = SURFACE_SIDE_STYLE('',(#13469));
#13469 = SURFACE_STYLE_FILL_AREA(#13470);
#13470 = FILL_AREA_STYLE('',(#13471));
#13471 = FILL_AREA_STYLE_COLOUR('',#13472);
#13472 = COLOUR_RGB('',0.894999966383,0.890999961016,0.813000030345);
#13473 = STYLED_ITEM('color',(#13474),#5988);
#13474 = PRESENTATION_STYLE_ASSIGNMENT((#13475));
#13475 = SURFACE_STYLE_USAGE(.BOTH.,#13476);
#13476 = SURFACE_SIDE_STYLE('',(#13477));
#13477 = SURFACE_STYLE_FILL_AREA(#13478);
#13478 = FILL_AREA_STYLE('',(#13479));
#13479 = FILL_AREA_STYLE_COLOUR('',#13422);
#13480 = STYLED_ITEM('color',(#13481),#6005);
#13481 = PRESENTATION_STYLE_ASSIGNMENT((#13482));
#13482 = SURFACE_STYLE_USAGE(.BOTH.,#13483);
#13483 = SURFACE_SIDE_STYLE('',(#13484));
#13484 = SURFACE_STYLE_FILL_AREA(#13485);
#13485 = FILL_AREA_STYLE('',(#13486));
#13486 = FILL_AREA_STYLE_COLOUR('',#13422);
#13487 = STYLED_ITEM('color',(#13488),#6022);
#13488 = PRESENTATION_STYLE_ASSIGNMENT((#13489));
#13489 = SURFACE_STYLE_USAGE(.BOTH.,#13490);
#13490 = SURFACE_SIDE_STYLE('',(#13491));
#13491 = SURFACE_STYLE_FILL_AREA(#13492);
#13492 = FILL_AREA_STYLE('',(#13493));
#13493 = FILL_AREA_STYLE_COLOUR('',#13472);
#13494 = STYLED_ITEM('color',(#13495),#6071);
#13495 = PRESENTATION_STYLE_ASSIGNMENT((#13496));
#13496 = SURFACE_STYLE_USAGE(.BOTH.,#13497);
#13497 = SURFACE_SIDE_STYLE('',(#13498));
#13498 = SURFACE_STYLE_FILL_AREA(#13499);
#13499 = FILL_AREA_STYLE('',(#13500));
#13500 = FILL_AREA_STYLE_COLOUR('',#13472);
#13501 = STYLED_ITEM('color',(#13502),#6088);
#13502 = PRESENTATION_STYLE_ASSIGNMENT((#13503));
#13503 = SURFACE_STYLE_USAGE(.BOTH.,#13504);
#13504 = SURFACE_SIDE_STYLE('',(#13505));
#13505 = SURFACE_STYLE_FILL_AREA(#13506);
#13506 = FILL_AREA_STYLE('',(#13507));
#13507 = FILL_AREA_STYLE_COLOUR('',#13422);
#13508 = STYLED_ITEM('color',(#13509),#6157);
#13509 = PRESENTATION_STYLE_ASSIGNMENT((#13510));
#13510 = SURFACE_STYLE_USAGE(.BOTH.,#13511);
#13511 = SURFACE_SIDE_STYLE('',(#13512));
#13512 = SURFACE_STYLE_FILL_AREA(#13513);
#13513 = FILL_AREA_STYLE('',(#13514));
#13514 = FILL_AREA_STYLE_COLOUR('',#13515);
#13515 = COLOUR_RGB('',8.200000279077E-02,8.600000121357E-02,
  9.399999706163E-02);
#13516 = STYLED_ITEM('color',(#13517),#6188);
#13517 = PRESENTATION_STYLE_ASSIGNMENT((#13518));
#13518 = SURFACE_STYLE_USAGE(.BOTH.,#13519);
#13519 = SURFACE_SIDE_STYLE('',(#13520));
#13520 = SURFACE_STYLE_FILL_AREA(#13521);
#13521 = FILL_AREA_STYLE('',(#13522));
#13522 = FILL_AREA_STYLE_COLOUR('',#13515);
#13523 = STYLED_ITEM('color',(#13524),#6212);
#13524 = PRESENTATION_STYLE_ASSIGNMENT((#13525));
#13525 = SURFACE_STYLE_USAGE(.BOTH.,#13526);
#13526 = SURFACE_SIDE_STYLE('',(#13527));
#13527 = SURFACE_STYLE_FILL_AREA(#13528);
#13528 = FILL_AREA_STYLE('',(#13529));
#13529 = FILL_AREA_STYLE_COLOUR('',#13422);
#13530 = STYLED_ITEM('color',(#13531),#6281);
#13531 = PRESENTATION_STYLE_ASSIGNMENT((#13532));
#13532 = SURFACE_STYLE_USAGE(.BOTH.,#13533);
#13533 = SURFACE_SIDE_STYLE('',(#13534));
#13534 = SURFACE_STYLE_FILL_AREA(#13535);
#13535 = FILL_AREA_STYLE('',(#13536));
#13536 = FILL_AREA_STYLE_COLOUR('',#13515);
#13537 = STYLED_ITEM('color',(#13538),#6305);
#13538 = PRESENTATION_STYLE_ASSIGNMENT((#13539));
#13539 = SURFACE_STYLE_USAGE(.BOTH.,#13540);
#13540 = SURFACE_SIDE_STYLE('',(#13541));
#13541 = SURFACE_STYLE_FILL_AREA(#13542);
#13542 = FILL_AREA_STYLE('',(#13543));
#13543 = FILL_AREA_STYLE_COLOUR('',#13422);
#13544 = STYLED_ITEM('color',(#13545),#6322);
#13545 = PRESENTATION_STYLE_ASSIGNMENT((#13546));
#13546 = SURFACE_STYLE_USAGE(.BOTH.,#13547);
#13547 = SURFACE_SIDE_STYLE('',(#13548));
#13548 = SURFACE_STYLE_FILL_AREA(#13549);
#13549 = FILL_AREA_STYLE('',(#13550));
#13550 = FILL_AREA_STYLE_COLOUR('',#13422);
#13551 = STYLED_ITEM('color',(#13552),#6339);
#13552 = PRESENTATION_STYLE_ASSIGNMENT((#13553));
#13553 = SURFACE_STYLE_USAGE(.BOTH.,#13554);
#13554 = SURFACE_SIDE_STYLE('',(#13555));
#13555 = SURFACE_STYLE_FILL_AREA(#13556);
#13556 = FILL_AREA_STYLE('',(#13557));
#13557 = FILL_AREA_STYLE_COLOUR('',#13422);
#13558 = STYLED_ITEM('color',(#13559),#6356);
#13559 = PRESENTATION_STYLE_ASSIGNMENT((#13560));
#13560 = SURFACE_STYLE_USAGE(.BOTH.,#13561);
#13561 = SURFACE_SIDE_STYLE('',(#13562));
#13562 = SURFACE_STYLE_FILL_AREA(#13563);
#13563 = FILL_AREA_STYLE('',(#13564));
#13564 = FILL_AREA_STYLE_COLOUR('',#13422);
#13565 = STYLED_ITEM('color',(#13566),#6373);
#13566 = PRESENTATION_STYLE_ASSIGNMENT((#13567));
#13567 = SURFACE_STYLE_USAGE(.BOTH.,#13568);
#13568 = SURFACE_SIDE_STYLE('',(#13569));
#13569 = SURFACE_STYLE_FILL_AREA(#13570);
#13570 = FILL_AREA_STYLE('',(#13571));
#13571 = FILL_AREA_STYLE_COLOUR('',#13422);
#13572 = STYLED_ITEM('color',(#13573),#6390);
#13573 = PRESENTATION_STYLE_ASSIGNMENT((#13574));
#13574 = SURFACE_STYLE_USAGE(.BOTH.,#13575);
#13575 = SURFACE_SIDE_STYLE('',(#13576));
#13576 = SURFACE_STYLE_FILL_AREA(#13577);
#13577 = FILL_AREA_STYLE('',(#13578));
#13578 = FILL_AREA_STYLE_COLOUR('',#13422);
#13579 = STYLED_ITEM('color',(#13580),#6407);
#13580 = PRESENTATION_STYLE_ASSIGNMENT((#13581));
#13581 = SURFACE_STYLE_USAGE(.BOTH.,#13582);
#13582 = SURFACE_SIDE_STYLE('',(#13583));
#13583 = SURFACE_STYLE_FILL_AREA(#13584);
#13584 = FILL_AREA_STYLE('',(#13585));
#13585 = FILL_AREA_STYLE_COLOUR('',#13422);
#13586 = STYLED_ITEM('color',(#13587),#6424);
#13587 = PRESENTATION_STYLE_ASSIGNMENT((#13588));
#13588 = SURFACE_STYLE_USAGE(.BOTH.,#13589);
#13589 = SURFACE_SIDE_STYLE('',(#13590));
#13590 = SURFACE_STYLE_FILL_AREA(#13591);
#13591 = FILL_AREA_STYLE('',(#13592));
#13592 = FILL_AREA_STYLE_COLOUR('',#13515);
#13593 = STYLED_ITEM('color',(#13594),#6441);
#13594 = PRESENTATION_STYLE_ASSIGNMENT((#13595));
#13595 = SURFACE_STYLE_USAGE(.BOTH.,#13596);
#13596 = SURFACE_SIDE_STYLE('',(#13597));
#13597 = SURFACE_STYLE_FILL_AREA(#13598);
#13598 = FILL_AREA_STYLE('',(#13599));
#13599 = FILL_AREA_STYLE_COLOUR('',#13515);
#13600 = MECHANICAL_DESIGN_GEOMETRIC_PRESENTATION_REPRESENTATION('',(
    #13601,#13608,#13615,#13622,#13629,#13636,#13643,#13650,#13657,
    #13664,#13671,#13679,#13686,#13693,#13700,#13707,#13714,#13721,
    #13728,#13735,#13742,#13749,#13756,#13763,#13770,#13777,#13784,
    #13791),#10562);
#13601 = STYLED_ITEM('color',(#13602),#9710);
#13602 = PRESENTATION_STYLE_ASSIGNMENT((#13603));
#13603 = SURFACE_STYLE_USAGE(.BOTH.,#13604);
#13604 = SURFACE_SIDE_STYLE('',(#13605));
#13605 = SURFACE_STYLE_FILL_AREA(#13606);
#13606 = FILL_AREA_STYLE('',(#13607));
#13607 = FILL_AREA_STYLE_COLOUR('',#13422);
#13608 = STYLED_ITEM('color',(#13609),#9786);
#13609 = PRESENTATION_STYLE_ASSIGNMENT((#13610));
#13610 = SURFACE_STYLE_USAGE(.BOTH.,#13611);
#13611 = SURFACE_SIDE_STYLE('',(#13612));
#13612 = SURFACE_STYLE_FILL_AREA(#13613);
#13613 = FILL_AREA_STYLE('',(#13614));
#13614 = FILL_AREA_STYLE_COLOUR('',#13422);
#13615 = STYLED_ITEM('color',(#13616),#9817);
#13616 = PRESENTATION_STYLE_ASSIGNMENT((#13617));
#13617 = SURFACE_STYLE_USAGE(.BOTH.,#13618);
#13618 = SURFACE_SIDE_STYLE('',(#13619));
#13619 = SURFACE_STYLE_FILL_AREA(#13620);
#13620 = FILL_AREA_STYLE('',(#13621));
#13621 = FILL_AREA_STYLE_COLOUR('',#13422);
#13622 = STYLED_ITEM('color',(#13623),#9842);
#13623 = PRESENTATION_STYLE_ASSIGNMENT((#13624));
#13624 = SURFACE_STYLE_USAGE(.BOTH.,#13625);
#13625 = SURFACE_SIDE_STYLE('',(#13626));
#13626 = SURFACE_STYLE_FILL_AREA(#13627);
#13627 = FILL_AREA_STYLE('',(#13628));
#13628 = FILL_AREA_STYLE_COLOUR('',#13422);
#13629 = STYLED_ITEM('color',(#13630),#9867);
#13630 = PRESENTATION_STYLE_ASSIGNMENT((#13631));
#13631 = SURFACE_STYLE_USAGE(.BOTH.,#13632);
#13632 = SURFACE_SIDE_STYLE('',(#13633));
#13633 = SURFACE_STYLE_FILL_AREA(#13634);
#13634 = FILL_AREA_STYLE('',(#13635));
#13635 = FILL_AREA_STYLE_COLOUR('',#13422);
#13636 = STYLED_ITEM('color',(#13637),#9891);
#13637 = PRESENTATION_STYLE_ASSIGNMENT((#13638));
#13638 = SURFACE_STYLE_USAGE(.BOTH.,#13639);
#13639 = SURFACE_SIDE_STYLE('',(#13640));
#13640 = SURFACE_STYLE_FILL_AREA(#13641);
#13641 = FILL_AREA_STYLE('',(#13642));
#13642 = FILL_AREA_STYLE_COLOUR('',#13422);
#13643 = STYLED_ITEM('color',(#13644),#9915);
#13644 = PRESENTATION_STYLE_ASSIGNMENT((#13645));
#13645 = SURFACE_STYLE_USAGE(.BOTH.,#13646);
#13646 = SURFACE_SIDE_STYLE('',(#13647));
#13647 = SURFACE_STYLE_FILL_AREA(#13648);
#13648 = FILL_AREA_STYLE('',(#13649));
#13649 = FILL_AREA_STYLE_COLOUR('',#13422);
#13650 = STYLED_ITEM('color',(#13651),#9940);
#13651 = PRESENTATION_STYLE_ASSIGNMENT((#13652));
#13652 = SURFACE_STYLE_USAGE(.BOTH.,#13653);
#13653 = SURFACE_SIDE_STYLE('',(#13654));
#13654 = SURFACE_STYLE_FILL_AREA(#13655);
#13655 = FILL_AREA_STYLE('',(#13656));
#13656 = FILL_AREA_STYLE_COLOUR('',#13422);
#13657 = STYLED_ITEM('color',(#13658),#9965);
#13658 = PRESENTATION_STYLE_ASSIGNMENT((#13659));
#13659 = SURFACE_STYLE_USAGE(.BOTH.,#13660);
#13660 = SURFACE_SIDE_STYLE('',(#13661));
#13661 = SURFACE_STYLE_FILL_AREA(#13662);
#13662 = FILL_AREA_STYLE('',(#13663));
#13663 = FILL_AREA_STYLE_COLOUR('',#13422);
#13664 = STYLED_ITEM('color',(#13665),#9982);
#13665 = PRESENTATION_STYLE_ASSIGNMENT((#13666));
#13666 = SURFACE_STYLE_USAGE(.BOTH.,#13667);
#13667 = SURFACE_SIDE_STYLE('',(#13668));
#13668 = SURFACE_STYLE_FILL_AREA(#13669);
#13669 = FILL_AREA_STYLE('',(#13670));
#13670 = FILL_AREA_STYLE_COLOUR('',#13422);
#13671 = STYLED_ITEM('color',(#13672),#10068);
#13672 = PRESENTATION_STYLE_ASSIGNMENT((#13673));
#13673 = SURFACE_STYLE_USAGE(.BOTH.,#13674);
#13674 = SURFACE_SIDE_STYLE('',(#13675));
#13675 = SURFACE_STYLE_FILL_AREA(#13676);
#13676 = FILL_AREA_STYLE('',(#13677));
#13677 = FILL_AREA_STYLE_COLOUR('',#13678);
#13678 = COLOUR_RGB('',0.379000005575,0.270000008848,0.214999999939);
#13679 = STYLED_ITEM('color',(#13680),#10100);
#13680 = PRESENTATION_STYLE_ASSIGNMENT((#13681));
#13681 = SURFACE_STYLE_USAGE(.BOTH.,#13682);
#13682 = SURFACE_SIDE_STYLE('',(#13683));
#13683 = SURFACE_STYLE_FILL_AREA(#13684);
#13684 = FILL_AREA_STYLE('',(#13685));
#13685 = FILL_AREA_STYLE_COLOUR('',#13678);
#13686 = STYLED_ITEM('color',(#13687),#10124);
#13687 = PRESENTATION_STYLE_ASSIGNMENT((#13688));
#13688 = SURFACE_STYLE_USAGE(.BOTH.,#13689);
#13689 = SURFACE_SIDE_STYLE('',(#13690));
#13690 = SURFACE_STYLE_FILL_AREA(#13691);
#13691 = FILL_AREA_STYLE('',(#13692));
#13692 = FILL_AREA_STYLE_COLOUR('',#13678);
#13693 = STYLED_ITEM('color',(#13694),#10149);
#13694 = PRESENTATION_STYLE_ASSIGNMENT((#13695));
#13695 = SURFACE_STYLE_USAGE(.BOTH.,#13696);
#13696 = SURFACE_SIDE_STYLE('',(#13697));
#13697 = SURFACE_STYLE_FILL_AREA(#13698);
#13698 = FILL_AREA_STYLE('',(#13699));
#13699 = FILL_AREA_STYLE_COLOUR('',#13678);
#13700 = STYLED_ITEM('color',(#13701),#10173);
#13701 = PRESENTATION_STYLE_ASSIGNMENT((#13702));
#13702 = SURFACE_STYLE_USAGE(.BOTH.,#13703);
#13703 = SURFACE_SIDE_STYLE('',(#13704));
#13704 = SURFACE_STYLE_FILL_AREA(#13705);
#13705 = FILL_AREA_STYLE('',(#13706));
#13706 = FILL_AREA_STYLE_COLOUR('',#13678);
#13707 = STYLED_ITEM('color',(#13708),#10198);
#13708 = PRESENTATION_STYLE_ASSIGNMENT((#13709));
#13709 = SURFACE_STYLE_USAGE(.BOTH.,#13710);
#13710 = SURFACE_SIDE_STYLE('',(#13711));
#13711 = SURFACE_STYLE_FILL_AREA(#13712);
#13712 = FILL_AREA_STYLE('',(#13713));
#13713 = FILL_AREA_STYLE_COLOUR('',#13678);
#13714 = STYLED_ITEM('color',(#13715),#10222);
#13715 = PRESENTATION_STYLE_ASSIGNMENT((#13716));
#13716 = SURFACE_STYLE_USAGE(.BOTH.,#13717);
#13717 = SURFACE_SIDE_STYLE('',(#13718));
#13718 = SURFACE_STYLE_FILL_AREA(#13719);
#13719 = FILL_AREA_STYLE('',(#13720));
#13720 = FILL_AREA_STYLE_COLOUR('',#13678);
#13721 = STYLED_ITEM('color',(#13722),#10247);
#13722 = PRESENTATION_STYLE_ASSIGNMENT((#13723));
#13723 = SURFACE_STYLE_USAGE(.BOTH.,#13724);
#13724 = SURFACE_SIDE_STYLE('',(#13725));
#13725 = SURFACE_STYLE_FILL_AREA(#13726);
#13726 = FILL_AREA_STYLE('',(#13727));
#13727 = FILL_AREA_STYLE_COLOUR('',#13678);
#13728 = STYLED_ITEM('color',(#13729),#10264);
#13729 = PRESENTATION_STYLE_ASSIGNMENT((#13730));
#13730 = SURFACE_STYLE_USAGE(.BOTH.,#13731);
#13731 = SURFACE_SIDE_STYLE('',(#13732));
#13732 = SURFACE_STYLE_FILL_AREA(#13733);
#13733 = FILL_AREA_STYLE('',(#13734));
#13734 = FILL_AREA_STYLE_COLOUR('',#13422);
#13735 = STYLED_ITEM('color',(#13736),#10350);
#13736 = PRESENTATION_STYLE_ASSIGNMENT((#13737));
#13737 = SURFACE_STYLE_USAGE(.BOTH.,#13738);
#13738 = SURFACE_SIDE_STYLE('',(#13739));
#13739 = SURFACE_STYLE_FILL_AREA(#13740);
#13740 = FILL_AREA_STYLE('',(#13741));
#13741 = FILL_AREA_STYLE_COLOUR('',#13422);
#13742 = STYLED_ITEM('color',(#13743),#10381);
#13743 = PRESENTATION_STYLE_ASSIGNMENT((#13744));
#13744 = SURFACE_STYLE_USAGE(.BOTH.,#13745);
#13745 = SURFACE_SIDE_STYLE('',(#13746));
#13746 = SURFACE_STYLE_FILL_AREA(#13747);
#13747 = FILL_AREA_STYLE('',(#13748));
#13748 = FILL_AREA_STYLE_COLOUR('',#13422);
#13749 = STYLED_ITEM('color',(#13750),#10406);
#13750 = PRESENTATION_STYLE_ASSIGNMENT((#13751));
#13751 = SURFACE_STYLE_USAGE(.BOTH.,#13752);
#13752 = SURFACE_SIDE_STYLE('',(#13753));
#13753 = SURFACE_STYLE_FILL_AREA(#13754);
#13754 = FILL_AREA_STYLE('',(#13755));
#13755 = FILL_AREA_STYLE_COLOUR('',#13422);
#13756 = STYLED_ITEM('color',(#13757),#10431);
#13757 = PRESENTATION_STYLE_ASSIGNMENT((#13758));
#13758 = SURFACE_STYLE_USAGE(.BOTH.,#13759);
#13759 = SURFACE_SIDE_STYLE('',(#13760));
#13760 = SURFACE_STYLE_FILL_AREA(#13761);
#13761 = FILL_AREA_STYLE('',(#13762));
#13762 = FILL_AREA_STYLE_COLOUR('',#13422);
#13763 = STYLED_ITEM('color',(#13764),#10455);
#13764 = PRESENTATION_STYLE_ASSIGNMENT((#13765));
#13765 = SURFACE_STYLE_USAGE(.BOTH.,#13766);
#13766 = SURFACE_SIDE_STYLE('',(#13767));
#13767 = SURFACE_STYLE_FILL_AREA(#13768);
#13768 = FILL_AREA_STYLE('',(#13769));
#13769 = FILL_AREA_STYLE_COLOUR('',#13422);
#13770 = STYLED_ITEM('color',(#13771),#10479);
#13771 = PRESENTATION_STYLE_ASSIGNMENT((#13772));
#13772 = SURFACE_STYLE_USAGE(.BOTH.,#13773);
#13773 = SURFACE_SIDE_STYLE('',(#13774));
#13774 = SURFACE_STYLE_FILL_AREA(#13775);
#13775 = FILL_AREA_STYLE('',(#13776));
#13776 = FILL_AREA_STYLE_COLOUR('',#13422);
#13777 = STYLED_ITEM('color',(#13778),#10504);
#13778 = PRESENTATION_STYLE_ASSIGNMENT((#13779));
#13779 = SURFACE_STYLE_USAGE(.BOTH.,#13780);
#13780 = SURFACE_SIDE_STYLE('',(#13781));
#13781 = SURFACE_STYLE_FILL_AREA(#13782);
#13782 = FILL_AREA_STYLE('',(#13783));
#13783 = FILL_AREA_STYLE_COLOUR('',#13422);
#13784 = STYLED_ITEM('color',(#13785),#10529);
#13785 = PRESENTATION_STYLE_ASSIGNMENT((#13786));
#13786 = SURFACE_STYLE_USAGE(.BOTH.,#13787);
#13787 = SURFACE_SIDE_STYLE('',(#13788));
#13788 = SURFACE_STYLE_FILL_AREA(#13789);
#13789 = FILL_AREA_STYLE('',(#13790));
#13790 = FILL_AREA_STYLE_COLOUR('',#13422);
#13791 = STYLED_ITEM('color',(#13792),#10546);
#13792 = PRESENTATION_STYLE_ASSIGNMENT((#13793));
#13793 = SURFACE_STYLE_USAGE(.BOTH.,#13794);
#13794 = SURFACE_SIDE_STYLE('',(#13795));
#13795 = SURFACE_STYLE_FILL_AREA(#13796);
#13796 = FILL_AREA_STYLE('',(#13797));
#13797 = FILL_AREA_STYLE_COLOUR('',#13422);
#13798 = MECHANICAL_DESIGN_GEOMETRIC_PRESENTATION_REPRESENTATION('',(
    #13799,#13806,#13813,#13820,#13827,#13834,#13841,#13848,#13855,
    #13862,#13869,#13876,#13883,#13890,#13897,#13904,#13911,#13918,
    #13925,#13932,#13939,#13946,#13953,#13960,#13967,#13974,#13981,
    #13988),#962);
#13799 = STYLED_ITEM('color',(#13800),#110);
#13800 = PRESENTATION_STYLE_ASSIGNMENT((#13801));
#13801 = SURFACE_STYLE_USAGE(.BOTH.,#13802);
#13802 = SURFACE_SIDE_STYLE('',(#13803));
#13803 = SURFACE_STYLE_FILL_AREA(#13804);
#13804 = FILL_AREA_STYLE('',(#13805));
#13805 = FILL_AREA_STYLE_COLOUR('',#13422);
#13806 = STYLED_ITEM('color',(#13807),#186);
#13807 = PRESENTATION_STYLE_ASSIGNMENT((#13808));
#13808 = SURFACE_STYLE_USAGE(.BOTH.,#13809);
#13809 = SURFACE_SIDE_STYLE('',(#13810));
#13810 = SURFACE_STYLE_FILL_AREA(#13811);
#13811 = FILL_AREA_STYLE('',(#13812));
#13812 = FILL_AREA_STYLE_COLOUR('',#13422);
#13813 = STYLED_ITEM('color',(#13814),#217);
#13814 = PRESENTATION_STYLE_ASSIGNMENT((#13815));
#13815 = SURFACE_STYLE_USAGE(.BOTH.,#13816);
#13816 = SURFACE_SIDE_STYLE('',(#13817));
#13817 = SURFACE_STYLE_FILL_AREA(#13818);
#13818 = FILL_AREA_STYLE('',(#13819));
#13819 = FILL_AREA_STYLE_COLOUR('',#13422);
#13820 = STYLED_ITEM('color',(#13821),#242);
#13821 = PRESENTATION_STYLE_ASSIGNMENT((#13822));
#13822 = SURFACE_STYLE_USAGE(.BOTH.,#13823);
#13823 = SURFACE_SIDE_STYLE('',(#13824));
#13824 = SURFACE_STYLE_FILL_AREA(#13825);
#13825 = FILL_AREA_STYLE('',(#13826));
#13826 = FILL_AREA_STYLE_COLOUR('',#13422);
#13827 = STYLED_ITEM('color',(#13828),#267);
#13828 = PRESENTATION_STYLE_ASSIGNMENT((#13829));
#13829 = SURFACE_STYLE_USAGE(.BOTH.,#13830);
#13830 = SURFACE_SIDE_STYLE('',(#13831));
#13831 = SURFACE_STYLE_FILL_AREA(#13832);
#13832 = FILL_AREA_STYLE('',(#13833));
#13833 = FILL_AREA_STYLE_COLOUR('',#13422);
#13834 = STYLED_ITEM('color',(#13835),#291);
#13835 = PRESENTATION_STYLE_ASSIGNMENT((#13836));
#13836 = SURFACE_STYLE_USAGE(.BOTH.,#13837);
#13837 = SURFACE_SIDE_STYLE('',(#13838));
#13838 = SURFACE_STYLE_FILL_AREA(#13839);
#13839 = FILL_AREA_STYLE('',(#13840));
#13840 = FILL_AREA_STYLE_COLOUR('',#13422);
#13841 = STYLED_ITEM('color',(#13842),#315);
#13842 = PRESENTATION_STYLE_ASSIGNMENT((#13843));
#13843 = SURFACE_STYLE_USAGE(.BOTH.,#13844);
#13844 = SURFACE_SIDE_STYLE('',(#13845));
#13845 = SURFACE_STYLE_FILL_AREA(#13846);
#13846 = FILL_AREA_STYLE('',(#13847));
#13847 = FILL_AREA_STYLE_COLOUR('',#13422);
#13848 = STYLED_ITEM('color',(#13849),#340);
#13849 = PRESENTATION_STYLE_ASSIGNMENT((#13850));
#13850 = SURFACE_STYLE_USAGE(.BOTH.,#13851);
#13851 = SURFACE_SIDE_STYLE('',(#13852));
#13852 = SURFACE_STYLE_FILL_AREA(#13853);
#13853 = FILL_AREA_STYLE('',(#13854));
#13854 = FILL_AREA_STYLE_COLOUR('',#13422);
#13855 = STYLED_ITEM('color',(#13856),#365);
#13856 = PRESENTATION_STYLE_ASSIGNMENT((#13857));
#13857 = SURFACE_STYLE_USAGE(.BOTH.,#13858);
#13858 = SURFACE_SIDE_STYLE('',(#13859));
#13859 = SURFACE_STYLE_FILL_AREA(#13860);
#13860 = FILL_AREA_STYLE('',(#13861));
#13861 = FILL_AREA_STYLE_COLOUR('',#13422);
#13862 = STYLED_ITEM('color',(#13863),#382);
#13863 = PRESENTATION_STYLE_ASSIGNMENT((#13864));
#13864 = SURFACE_STYLE_USAGE(.BOTH.,#13865);
#13865 = SURFACE_SIDE_STYLE('',(#13866));
#13866 = SURFACE_STYLE_FILL_AREA(#13867);
#13867 = FILL_AREA_STYLE('',(#13868));
#13868 = FILL_AREA_STYLE_COLOUR('',#13422);
#13869 = STYLED_ITEM('color',(#13870),#468);
#13870 = PRESENTATION_STYLE_ASSIGNMENT((#13871));
#13871 = SURFACE_STYLE_USAGE(.BOTH.,#13872);
#13872 = SURFACE_SIDE_STYLE('',(#13873));
#13873 = SURFACE_STYLE_FILL_AREA(#13874);
#13874 = FILL_AREA_STYLE('',(#13875));
#13875 = FILL_AREA_STYLE_COLOUR('',#13678);
#13876 = STYLED_ITEM('color',(#13877),#500);
#13877 = PRESENTATION_STYLE_ASSIGNMENT((#13878));
#13878 = SURFACE_STYLE_USAGE(.BOTH.,#13879);
#13879 = SURFACE_SIDE_STYLE('',(#13880));
#13880 = SURFACE_STYLE_FILL_AREA(#13881);
#13881 = FILL_AREA_STYLE('',(#13882));
#13882 = FILL_AREA_STYLE_COLOUR('',#13678);
#13883 = STYLED_ITEM('color',(#13884),#524);
#13884 = PRESENTATION_STYLE_ASSIGNMENT((#13885));
#13885 = SURFACE_STYLE_USAGE(.BOTH.,#13886);
#13886 = SURFACE_SIDE_STYLE('',(#13887));
#13887 = SURFACE_STYLE_FILL_AREA(#13888);
#13888 = FILL_AREA_STYLE('',(#13889));
#13889 = FILL_AREA_STYLE_COLOUR('',#13678);
#13890 = STYLED_ITEM('color',(#13891),#549);
#13891 = PRESENTATION_STYLE_ASSIGNMENT((#13892));
#13892 = SURFACE_STYLE_USAGE(.BOTH.,#13893);
#13893 = SURFACE_SIDE_STYLE('',(#13894));
#13894 = SURFACE_STYLE_FILL_AREA(#13895);
#13895 = FILL_AREA_STYLE('',(#13896));
#13896 = FILL_AREA_STYLE_COLOUR('',#13678);
#13897 = STYLED_ITEM('color',(#13898),#573);
#13898 = PRESENTATION_STYLE_ASSIGNMENT((#13899));
#13899 = SURFACE_STYLE_USAGE(.BOTH.,#13900);
#13900 = SURFACE_SIDE_STYLE('',(#13901));
#13901 = SURFACE_STYLE_FILL_AREA(#13902);
#13902 = FILL_AREA_STYLE('',(#13903));
#13903 = FILL_AREA_STYLE_COLOUR('',#13678);
#13904 = STYLED_ITEM('color',(#13905),#598);
#13905 = PRESENTATION_STYLE_ASSIGNMENT((#13906));
#13906 = SURFACE_STYLE_USAGE(.BOTH.,#13907);
#13907 = SURFACE_SIDE_STYLE('',(#13908));
#13908 = SURFACE_STYLE_FILL_AREA(#13909);
#13909 = FILL_AREA_STYLE('',(#13910));
#13910 = FILL_AREA_STYLE_COLOUR('',#13678);
#13911 = STYLED_ITEM('color',(#13912),#622);
#13912 = PRESENTATION_STYLE_ASSIGNMENT((#13913));
#13913 = SURFACE_STYLE_USAGE(.BOTH.,#13914);
#13914 = SURFACE_SIDE_STYLE('',(#13915));
#13915 = SURFACE_STYLE_FILL_AREA(#13916);
#13916 = FILL_AREA_STYLE('',(#13917));
#13917 = FILL_AREA_STYLE_COLOUR('',#13678);
#13918 = STYLED_ITEM('color',(#13919),#647);
#13919 = PRESENTATION_STYLE_ASSIGNMENT((#13920));
#13920 = SURFACE_STYLE_USAGE(.BOTH.,#13921);
#13921 = SURFACE_SIDE_STYLE('',(#13922));
#13922 = SURFACE_STYLE_FILL_AREA(#13923);
#13923 = FILL_AREA_STYLE('',(#13924));
#13924 = FILL_AREA_STYLE_COLOUR('',#13678);
#13925 = STYLED_ITEM('color',(#13926),#664);
#13926 = PRESENTATION_STYLE_ASSIGNMENT((#13927));
#13927 = SURFACE_STYLE_USAGE(.BOTH.,#13928);
#13928 = SURFACE_SIDE_STYLE('',(#13929));
#13929 = SURFACE_STYLE_FILL_AREA(#13930);
#13930 = FILL_AREA_STYLE('',(#13931));
#13931 = FILL_AREA_STYLE_COLOUR('',#13422);
#13932 = STYLED_ITEM('color',(#13933),#750);
#13933 = PRESENTATION_STYLE_ASSIGNMENT((#13934));
#13934 = SURFACE_STYLE_USAGE(.BOTH.,#13935);
#13935 = SURFACE_SIDE_STYLE('',(#13936));
#13936 = SURFACE_STYLE_FILL_AREA(#13937);
#13937 = FILL_AREA_STYLE('',(#13938));
#13938 = FILL_AREA_STYLE_COLOUR('',#13422);
#13939 = STYLED_ITEM('color',(#13940),#781);
#13940 = PRESENTATION_STYLE_ASSIGNMENT((#13941));
#13941 = SURFACE_STYLE_USAGE(.BOTH.,#13942);
#13942 = SURFACE_SIDE_STYLE('',(#13943));
#13943 = SURFACE_STYLE_FILL_AREA(#13944);
#13944 = FILL_AREA_STYLE('',(#13945));
#13945 = FILL_AREA_STYLE_COLOUR('',#13422);
#13946 = STYLED_ITEM('color',(#13947),#806);
#13947 = PRESENTATION_STYLE_ASSIGNMENT((#13948));
#13948 = SURFACE_STYLE_USAGE(.BOTH.,#13949);
#13949 = SURFACE_SIDE_STYLE('',(#13950));
#13950 = SURFACE_STYLE_FILL_AREA(#13951);
#13951 = FILL_AREA_STYLE('',(#13952));
#13952 = FILL_AREA_STYLE_COLOUR('',#13422);
#13953 = STYLED_ITEM('color',(#13954),#831);
#13954 = PRESENTATION_STYLE_ASSIGNMENT((#13955));
#13955 = SURFACE_STYLE_USAGE(.BOTH.,#13956);
#13956 = SURFACE_SIDE_STYLE('',(#13957));
#13957 = SURFACE_STYLE_FILL_AREA(#13958);
#13958 = FILL_AREA_STYLE('',(#13959));
#13959 = FILL_AREA_STYLE_COLOUR('',#13422);
#13960 = STYLED_ITEM('color',(#13961),#855);
#13961 = PRESENTATION_STYLE_ASSIGNMENT((#13962));
#13962 = SURFACE_STYLE_USAGE(.BOTH.,#13963);
#13963 = SURFACE_SIDE_STYLE('',(#13964));
#13964 = SURFACE_STYLE_FILL_AREA(#13965);
#13965 = FILL_AREA_STYLE('',(#13966));
#13966 = FILL_AREA_STYLE_COLOUR('',#13422);
#13967 = STYLED_ITEM('color',(#13968),#879);
#13968 = PRESENTATION_STYLE_ASSIGNMENT((#13969));
#13969 = SURFACE_STYLE_USAGE(.BOTH.,#13970);
#13970 = SURFACE_SIDE_STYLE('',(#13971));
#13971 = SURFACE_STYLE_FILL_AREA(#13972);
#13972 = FILL_AREA_STYLE('',(#13973));
#13973 = FILL_AREA_STYLE_COLOUR('',#13422);
#13974 = STYLED_ITEM('color',(#13975),#904);
#13975 = PRESENTATION_STYLE_ASSIGNMENT((#13976));
#13976 = SURFACE_STYLE_USAGE(.BOTH.,#13977);
#13977 = SURFACE_SIDE_STYLE('',(#13978));
#13978 = SURFACE_STYLE_FILL_AREA(#13979);
#13979 = FILL_AREA_STYLE('',(#13980));
#13980 = FILL_AREA_STYLE_COLOUR('',#13422);
#13981 = STYLED_ITEM('color',(#13982),#929);
#13982 = PRESENTATION_STYLE_ASSIGNMENT((#13983));
#13983 = SURFACE_STYLE_USAGE(.BOTH.,#13984);
#13984 = SURFACE_SIDE_STYLE('',(#13985));
#13985 = SURFACE_STYLE_FILL_AREA(#13986);
#13986 = FILL_AREA_STYLE('',(#13987));
#13987 = FILL_AREA_STYLE_COLOUR('',#13422);
#13988 = STYLED_ITEM('color',(#13989),#946);
#13989 = PRESENTATION_STYLE_ASSIGNMENT((#13990));
#13990 = SURFACE_STYLE_USAGE(.BOTH.,#13991);
#13991 = SURFACE_SIDE_STYLE('',(#13992));
#13992 = SURFACE_STYLE_FILL_AREA(#13993);
#13993 = FILL_AREA_STYLE('',(#13994));
#13994 = FILL_AREA_STYLE_COLOUR('',#13422);
#13995 = MECHANICAL_DESIGN_GEOMETRIC_PRESENTATION_REPRESENTATION('',(
    #13996,#14004,#14011,#14018,#14025,#14032,#14039,#14046,#14053,
    #14060,#14067,#14074,#14081,#14088,#14095,#14102,#14110,#14117,
    #14124,#14131,#14138,#14145,#14152,#14159,#14166,#14173,#14180,
    #14187,#14194,#14201,#14208,#14215,#14222,#14229,#14236,#14243,
    #14250,#14257,#14264,#14271,#14278,#14285,#14292,#14299,#14306,
    #14313,#14320,#14327,#14334,#14341,#14348,#14355,#14362,#14369,
    #14376,#14383,#14390,#14397,#14404,#14411,#14418,#14425,#14432,
    #14439,#14446,#14453,#14460,#14467,#14474,#14481,#14488,#14495,
    #14502,#14509,#14516,#14523,#14530,#14537,#14544,#14551,#14558,
    #14565,#14572,#14579,#14586,#14593,#14600,#14607,#14614,#14621,
    #14628,#14635,#14642,#14649,#14656,#14663,#14670,#14677,#14684,
    #14691,#14698,#14705,#14712,#14719,#14726,#14733,#14740,#14747,
    #14754),#9661);
#13996 = STYLED_ITEM('color',(#13997),#6502);
#13997 = PRESENTATION_STYLE_ASSIGNMENT((#13998));
#13998 = SURFACE_STYLE_USAGE(.BOTH.,#13999);
#13999 = SURFACE_SIDE_STYLE('',(#14000));
#14000 = SURFACE_STYLE_FILL_AREA(#14001);
#14001 = FILL_AREA_STYLE('',(#14002));
#14002 = FILL_AREA_STYLE_COLOUR('',#14003);
#14003 = COLOUR_RGB('',0.145098047169,0.14117647753,0.14117647753);
#14004 = STYLED_ITEM('color',(#14005),#6540);
#14005 = PRESENTATION_STYLE_ASSIGNMENT((#14006));
#14006 = SURFACE_STYLE_USAGE(.BOTH.,#14007);
#14007 = SURFACE_SIDE_STYLE('',(#14008));
#14008 = SURFACE_STYLE_FILL_AREA(#14009);
#14009 = FILL_AREA_STYLE('',(#14010));
#14010 = FILL_AREA_STYLE_COLOUR('',#14003);
#14011 = STYLED_ITEM('color',(#14012),#6603);
#14012 = PRESENTATION_STYLE_ASSIGNMENT((#14013));
#14013 = SURFACE_STYLE_USAGE(.BOTH.,#14014);
#14014 = SURFACE_SIDE_STYLE('',(#14015));
#14015 = SURFACE_STYLE_FILL_AREA(#14016);
#14016 = FILL_AREA_STYLE('',(#14017));
#14017 = FILL_AREA_STYLE_COLOUR('',#14003);
#14018 = STYLED_ITEM('color',(#14019),#6626);
#14019 = PRESENTATION_STYLE_ASSIGNMENT((#14020));
#14020 = SURFACE_STYLE_USAGE(.BOTH.,#14021);
#14021 = SURFACE_SIDE_STYLE('',(#14022));
#14022 = SURFACE_STYLE_FILL_AREA(#14023);
#14023 = FILL_AREA_STYLE('',(#14024));
#14024 = FILL_AREA_STYLE_COLOUR('',#14003);
#14025 = STYLED_ITEM('color',(#14026),#6655);
#14026 = PRESENTATION_STYLE_ASSIGNMENT((#14027));
#14027 = SURFACE_STYLE_USAGE(.BOTH.,#14028);
#14028 = SURFACE_SIDE_STYLE('',(#14029));
#14029 = SURFACE_STYLE_FILL_AREA(#14030);
#14030 = FILL_AREA_STYLE('',(#14031));
#14031 = FILL_AREA_STYLE_COLOUR('',#14003);
#14032 = STYLED_ITEM('color',(#14033),#6678);
#14033 = PRESENTATION_STYLE_ASSIGNMENT((#14034));
#14034 = SURFACE_STYLE_USAGE(.BOTH.,#14035);
#14035 = SURFACE_SIDE_STYLE('',(#14036));
#14036 = SURFACE_STYLE_FILL_AREA(#14037);
#14037 = FILL_AREA_STYLE('',(#14038));
#14038 = FILL_AREA_STYLE_COLOUR('',#14003);
#14039 = STYLED_ITEM('color',(#14040),#6733);
#14040 = PRESENTATION_STYLE_ASSIGNMENT((#14041));
#14041 = SURFACE_STYLE_USAGE(.BOTH.,#14042);
#14042 = SURFACE_SIDE_STYLE('',(#14043));
#14043 = SURFACE_STYLE_FILL_AREA(#14044);
#14044 = FILL_AREA_STYLE('',(#14045));
#14045 = FILL_AREA_STYLE_COLOUR('',#14003);
#14046 = STYLED_ITEM('color',(#14047),#6756);
#14047 = PRESENTATION_STYLE_ASSIGNMENT((#14048));
#14048 = SURFACE_STYLE_USAGE(.BOTH.,#14049);
#14049 = SURFACE_SIDE_STYLE('',(#14050));
#14050 = SURFACE_STYLE_FILL_AREA(#14051);
#14051 = FILL_AREA_STYLE('',(#14052));
#14052 = FILL_AREA_STYLE_COLOUR('',#14003);
#14053 = STYLED_ITEM('color',(#14054),#6779);
#14054 = PRESENTATION_STYLE_ASSIGNMENT((#14055));
#14055 = SURFACE_STYLE_USAGE(.BOTH.,#14056);
#14056 = SURFACE_SIDE_STYLE('',(#14057));
#14057 = SURFACE_STYLE_FILL_AREA(#14058);
#14058 = FILL_AREA_STYLE('',(#14059));
#14059 = FILL_AREA_STYLE_COLOUR('',#14003);
#14060 = STYLED_ITEM('color',(#14061),#6802);
#14061 = PRESENTATION_STYLE_ASSIGNMENT((#14062));
#14062 = SURFACE_STYLE_USAGE(.BOTH.,#14063);
#14063 = SURFACE_SIDE_STYLE('',(#14064));
#14064 = SURFACE_STYLE_FILL_AREA(#14065);
#14065 = FILL_AREA_STYLE('',(#14066));
#14066 = FILL_AREA_STYLE_COLOUR('',#14003);
#14067 = STYLED_ITEM('color',(#14068),#6867);
#14068 = PRESENTATION_STYLE_ASSIGNMENT((#14069));
#14069 = SURFACE_STYLE_USAGE(.BOTH.,#14070);
#14070 = SURFACE_SIDE_STYLE('',(#14071));
#14071 = SURFACE_STYLE_FILL_AREA(#14072);
#14072 = FILL_AREA_STYLE('',(#14073));
#14073 = FILL_AREA_STYLE_COLOUR('',#14003);
#14074 = STYLED_ITEM('color',(#14075),#6890);
#14075 = PRESENTATION_STYLE_ASSIGNMENT((#14076));
#14076 = SURFACE_STYLE_USAGE(.BOTH.,#14077);
#14077 = SURFACE_SIDE_STYLE('',(#14078));
#14078 = SURFACE_STYLE_FILL_AREA(#14079);
#14079 = FILL_AREA_STYLE('',(#14080));
#14080 = FILL_AREA_STYLE_COLOUR('',#14003);
#14081 = STYLED_ITEM('color',(#14082),#6919);
#14082 = PRESENTATION_STYLE_ASSIGNMENT((#14083));
#14083 = SURFACE_STYLE_USAGE(.BOTH.,#14084);
#14084 = SURFACE_SIDE_STYLE('',(#14085));
#14085 = SURFACE_STYLE_FILL_AREA(#14086);
#14086 = FILL_AREA_STYLE('',(#14087));
#14087 = FILL_AREA_STYLE_COLOUR('',#14003);
#14088 = STYLED_ITEM('color',(#14089),#6942);
#14089 = PRESENTATION_STYLE_ASSIGNMENT((#14090));
#14090 = SURFACE_STYLE_USAGE(.BOTH.,#14091);
#14091 = SURFACE_SIDE_STYLE('',(#14092));
#14092 = SURFACE_STYLE_FILL_AREA(#14093);
#14093 = FILL_AREA_STYLE('',(#14094));
#14094 = FILL_AREA_STYLE_COLOUR('',#14003);
#14095 = STYLED_ITEM('color',(#14096),#6966);
#14096 = PRESENTATION_STYLE_ASSIGNMENT((#14097));
#14097 = SURFACE_STYLE_USAGE(.BOTH.,#14098);
#14098 = SURFACE_SIDE_STYLE('',(#14099));
#14099 = SURFACE_STYLE_FILL_AREA(#14100);
#14100 = FILL_AREA_STYLE('',(#14101));
#14101 = FILL_AREA_STYLE_COLOUR('',#14003);
#14102 = STYLED_ITEM('color',(#14103),#6996);
#14103 = PRESENTATION_STYLE_ASSIGNMENT((#14104));
#14104 = SURFACE_STYLE_USAGE(.BOTH.,#14105);
#14105 = SURFACE_SIDE_STYLE('',(#14106));
#14106 = SURFACE_STYLE_FILL_AREA(#14107);
#14107 = FILL_AREA_STYLE('',(#14108));
#14108 = FILL_AREA_STYLE_COLOUR('',#14109);
#14109 = COLOUR_RGB('',0.823529417451,0.819607860991,0.780392170416);
#14110 = STYLED_ITEM('color',(#14111),#7027);
#14111 = PRESENTATION_STYLE_ASSIGNMENT((#14112));
#14112 = SURFACE_STYLE_USAGE(.BOTH.,#14113);
#14113 = SURFACE_SIDE_STYLE('',(#14114));
#14114 = SURFACE_STYLE_FILL_AREA(#14115);
#14115 = FILL_AREA_STYLE('',(#14116));
#14116 = FILL_AREA_STYLE_COLOUR('',#14109);
#14117 = STYLED_ITEM('color',(#14118),#7058);
#14118 = PRESENTATION_STYLE_ASSIGNMENT((#14119));
#14119 = SURFACE_STYLE_USAGE(.BOTH.,#14120);
#14120 = SURFACE_SIDE_STYLE('',(#14121));
#14121 = SURFACE_STYLE_FILL_AREA(#14122);
#14122 = FILL_AREA_STYLE('',(#14123));
#14123 = FILL_AREA_STYLE_COLOUR('',#14003);
#14124 = STYLED_ITEM('color',(#14125),#7089);
#14125 = PRESENTATION_STYLE_ASSIGNMENT((#14126));
#14126 = SURFACE_STYLE_USAGE(.BOTH.,#14127);
#14127 = SURFACE_SIDE_STYLE('',(#14128));
#14128 = SURFACE_STYLE_FILL_AREA(#14129);
#14129 = FILL_AREA_STYLE('',(#14130));
#14130 = FILL_AREA_STYLE_COLOUR('',#14003);
#14131 = STYLED_ITEM('color',(#14132),#7112);
#14132 = PRESENTATION_STYLE_ASSIGNMENT((#14133));
#14133 = SURFACE_STYLE_USAGE(.BOTH.,#14134);
#14134 = SURFACE_SIDE_STYLE('',(#14135));
#14135 = SURFACE_STYLE_FILL_AREA(#14136);
#14136 = FILL_AREA_STYLE('',(#14137));
#14137 = FILL_AREA_STYLE_COLOUR('',#14003);
#14138 = STYLED_ITEM('color',(#14139),#7135);
#14139 = PRESENTATION_STYLE_ASSIGNMENT((#14140));
#14140 = SURFACE_STYLE_USAGE(.BOTH.,#14141);
#14141 = SURFACE_SIDE_STYLE('',(#14142));
#14142 = SURFACE_STYLE_FILL_AREA(#14143);
#14143 = FILL_AREA_STYLE('',(#14144));
#14144 = FILL_AREA_STYLE_COLOUR('',#14003);
#14145 = STYLED_ITEM('color',(#14146),#7158);
#14146 = PRESENTATION_STYLE_ASSIGNMENT((#14147));
#14147 = SURFACE_STYLE_USAGE(.BOTH.,#14148);
#14148 = SURFACE_SIDE_STYLE('',(#14149));
#14149 = SURFACE_STYLE_FILL_AREA(#14150);
#14150 = FILL_AREA_STYLE('',(#14151));
#14151 = FILL_AREA_STYLE_COLOUR('',#14003);
#14152 = STYLED_ITEM('color',(#14153),#7182);
#14153 = PRESENTATION_STYLE_ASSIGNMENT((#14154));
#14154 = SURFACE_STYLE_USAGE(.BOTH.,#14155);
#14155 = SURFACE_SIDE_STYLE('',(#14156));
#14156 = SURFACE_STYLE_FILL_AREA(#14157);
#14157 = FILL_AREA_STYLE('',(#14158));
#14158 = FILL_AREA_STYLE_COLOUR('',#14003);
#14159 = STYLED_ITEM('color',(#14160),#7206);
#14160 = PRESENTATION_STYLE_ASSIGNMENT((#14161));
#14161 = SURFACE_STYLE_USAGE(.BOTH.,#14162);
#14162 = SURFACE_SIDE_STYLE('',(#14163));
#14163 = SURFACE_STYLE_FILL_AREA(#14164);
#14164 = FILL_AREA_STYLE('',(#14165));
#14165 = FILL_AREA_STYLE_COLOUR('',#14109);
#14166 = STYLED_ITEM('color',(#14167),#7237);
#14167 = PRESENTATION_STYLE_ASSIGNMENT((#14168));
#14168 = SURFACE_STYLE_USAGE(.BOTH.,#14169);
#14169 = SURFACE_SIDE_STYLE('',(#14170));
#14170 = SURFACE_STYLE_FILL_AREA(#14171);
#14171 = FILL_AREA_STYLE('',(#14172));
#14172 = FILL_AREA_STYLE_COLOUR('',#14109);
#14173 = STYLED_ITEM('color',(#14174),#7268);
#14174 = PRESENTATION_STYLE_ASSIGNMENT((#14175));
#14175 = SURFACE_STYLE_USAGE(.BOTH.,#14176);
#14176 = SURFACE_SIDE_STYLE('',(#14177));
#14177 = SURFACE_STYLE_FILL_AREA(#14178);
#14178 = FILL_AREA_STYLE('',(#14179));
#14179 = FILL_AREA_STYLE_COLOUR('',#14003);
#14180 = STYLED_ITEM('color',(#14181),#7299);
#14181 = PRESENTATION_STYLE_ASSIGNMENT((#14182));
#14182 = SURFACE_STYLE_USAGE(.BOTH.,#14183);
#14183 = SURFACE_SIDE_STYLE('',(#14184));
#14184 = SURFACE_STYLE_FILL_AREA(#14185);
#14185 = FILL_AREA_STYLE('',(#14186));
#14186 = FILL_AREA_STYLE_COLOUR('',#14003);
#14187 = STYLED_ITEM('color',(#14188),#7330);
#14188 = PRESENTATION_STYLE_ASSIGNMENT((#14189));
#14189 = SURFACE_STYLE_USAGE(.BOTH.,#14190);
#14190 = SURFACE_SIDE_STYLE('',(#14191));
#14191 = SURFACE_STYLE_FILL_AREA(#14192);
#14192 = FILL_AREA_STYLE('',(#14193));
#14193 = FILL_AREA_STYLE_COLOUR('',#14109);
#14194 = STYLED_ITEM('color',(#14195),#7361);
#14195 = PRESENTATION_STYLE_ASSIGNMENT((#14196));
#14196 = SURFACE_STYLE_USAGE(.BOTH.,#14197);
#14197 = SURFACE_SIDE_STYLE('',(#14198));
#14198 = SURFACE_STYLE_FILL_AREA(#14199);
#14199 = FILL_AREA_STYLE('',(#14200));
#14200 = FILL_AREA_STYLE_COLOUR('',#14003);
#14201 = STYLED_ITEM('color',(#14202),#7384);
#14202 = PRESENTATION_STYLE_ASSIGNMENT((#14203));
#14203 = SURFACE_STYLE_USAGE(.BOTH.,#14204);
#14204 = SURFACE_SIDE_STYLE('',(#14205));
#14205 = SURFACE_STYLE_FILL_AREA(#14206);
#14206 = FILL_AREA_STYLE('',(#14207));
#14207 = FILL_AREA_STYLE_COLOUR('',#14003);
#14208 = STYLED_ITEM('color',(#14209),#7413);
#14209 = PRESENTATION_STYLE_ASSIGNMENT((#14210));
#14210 = SURFACE_STYLE_USAGE(.BOTH.,#14211);
#14211 = SURFACE_SIDE_STYLE('',(#14212));
#14212 = SURFACE_STYLE_FILL_AREA(#14213);
#14213 = FILL_AREA_STYLE('',(#14214));
#14214 = FILL_AREA_STYLE_COLOUR('',#14003);
#14215 = STYLED_ITEM('color',(#14216),#7436);
#14216 = PRESENTATION_STYLE_ASSIGNMENT((#14217));
#14217 = SURFACE_STYLE_USAGE(.BOTH.,#14218);
#14218 = SURFACE_SIDE_STYLE('',(#14219));
#14219 = SURFACE_STYLE_FILL_AREA(#14220);
#14220 = FILL_AREA_STYLE('',(#14221));
#14221 = FILL_AREA_STYLE_COLOUR('',#14003);
#14222 = STYLED_ITEM('color',(#14223),#7460);
#14223 = PRESENTATION_STYLE_ASSIGNMENT((#14224));
#14224 = SURFACE_STYLE_USAGE(.BOTH.,#14225);
#14225 = SURFACE_SIDE_STYLE('',(#14226));
#14226 = SURFACE_STYLE_FILL_AREA(#14227);
#14227 = FILL_AREA_STYLE('',(#14228));
#14228 = FILL_AREA_STYLE_COLOUR('',#14109);
#14229 = STYLED_ITEM('color',(#14230),#7552);
#14230 = PRESENTATION_STYLE_ASSIGNMENT((#14231));
#14231 = SURFACE_STYLE_USAGE(.BOTH.,#14232);
#14232 = SURFACE_SIDE_STYLE('',(#14233));
#14233 = SURFACE_STYLE_FILL_AREA(#14234);
#14234 = FILL_AREA_STYLE('',(#14235));
#14235 = FILL_AREA_STYLE_COLOUR('',#14109);
#14236 = STYLED_ITEM('color',(#14237),#7644);
#14237 = PRESENTATION_STYLE_ASSIGNMENT((#14238));
#14238 = SURFACE_STYLE_USAGE(.BOTH.,#14239);
#14239 = SURFACE_SIDE_STYLE('',(#14240));
#14240 = SURFACE_STYLE_FILL_AREA(#14241);
#14241 = FILL_AREA_STYLE('',(#14242));
#14242 = FILL_AREA_STYLE_COLOUR('',#14003);
#14243 = STYLED_ITEM('color',(#14244),#7674);
#14244 = PRESENTATION_STYLE_ASSIGNMENT((#14245));
#14245 = SURFACE_STYLE_USAGE(.BOTH.,#14246);
#14246 = SURFACE_SIDE_STYLE('',(#14247));
#14247 = SURFACE_STYLE_FILL_AREA(#14248);
#14248 = FILL_AREA_STYLE('',(#14249));
#14249 = FILL_AREA_STYLE_COLOUR('',#14109);
#14250 = STYLED_ITEM('color',(#14251),#7699);
#14251 = PRESENTATION_STYLE_ASSIGNMENT((#14252));
#14252 = SURFACE_STYLE_USAGE(.BOTH.,#14253);
#14253 = SURFACE_SIDE_STYLE('',(#14254));
#14254 = SURFACE_STYLE_FILL_AREA(#14255);
#14255 = FILL_AREA_STYLE('',(#14256));
#14256 = FILL_AREA_STYLE_COLOUR('',#14109);
#14257 = STYLED_ITEM('color',(#14258),#7783);
#14258 = PRESENTATION_STYLE_ASSIGNMENT((#14259));
#14259 = SURFACE_STYLE_USAGE(.BOTH.,#14260);
#14260 = SURFACE_SIDE_STYLE('',(#14261));
#14261 = SURFACE_STYLE_FILL_AREA(#14262);
#14262 = FILL_AREA_STYLE('',(#14263));
#14263 = FILL_AREA_STYLE_COLOUR('',#14109);
#14264 = STYLED_ITEM('color',(#14265),#7875);
#14265 = PRESENTATION_STYLE_ASSIGNMENT((#14266));
#14266 = SURFACE_STYLE_USAGE(.BOTH.,#14267);
#14267 = SURFACE_SIDE_STYLE('',(#14268));
#14268 = SURFACE_STYLE_FILL_AREA(#14269);
#14269 = FILL_AREA_STYLE('',(#14270));
#14270 = FILL_AREA_STYLE_COLOUR('',#14109);
#14271 = STYLED_ITEM('color',(#14272),#7892);
#14272 = PRESENTATION_STYLE_ASSIGNMENT((#14273));
#14273 = SURFACE_STYLE_USAGE(.BOTH.,#14274);
#14274 = SURFACE_SIDE_STYLE('',(#14275));
#14275 = SURFACE_STYLE_FILL_AREA(#14276);
#14276 = FILL_AREA_STYLE('',(#14277));
#14277 = FILL_AREA_STYLE_COLOUR('',#14003);
#14278 = STYLED_ITEM('color',(#14279),#7923);
#14279 = PRESENTATION_STYLE_ASSIGNMENT((#14280));
#14280 = SURFACE_STYLE_USAGE(.BOTH.,#14281);
#14281 = SURFACE_SIDE_STYLE('',(#14282));
#14282 = SURFACE_STYLE_FILL_AREA(#14283);
#14283 = FILL_AREA_STYLE('',(#14284));
#14284 = FILL_AREA_STYLE_COLOUR('',#14003);
#14285 = STYLED_ITEM('color',(#14286),#7946);
#14286 = PRESENTATION_STYLE_ASSIGNMENT((#14287));
#14287 = SURFACE_STYLE_USAGE(.BOTH.,#14288);
#14288 = SURFACE_SIDE_STYLE('',(#14289));
#14289 = SURFACE_STYLE_FILL_AREA(#14290);
#14290 = FILL_AREA_STYLE('',(#14291));
#14291 = FILL_AREA_STYLE_COLOUR('',#14003);
#14292 = STYLED_ITEM('color',(#14293),#7969);
#14293 = PRESENTATION_STYLE_ASSIGNMENT((#14294));
#14294 = SURFACE_STYLE_USAGE(.BOTH.,#14295);
#14295 = SURFACE_SIDE_STYLE('',(#14296));
#14296 = SURFACE_STYLE_FILL_AREA(#14297);
#14297 = FILL_AREA_STYLE('',(#14298));
#14298 = FILL_AREA_STYLE_COLOUR('',#14003);
#14299 = STYLED_ITEM('color',(#14300),#7992);
#14300 = PRESENTATION_STYLE_ASSIGNMENT((#14301));
#14301 = SURFACE_STYLE_USAGE(.BOTH.,#14302);
#14302 = SURFACE_SIDE_STYLE('',(#14303));
#14303 = SURFACE_STYLE_FILL_AREA(#14304);
#14304 = FILL_AREA_STYLE('',(#14305));
#14305 = FILL_AREA_STYLE_COLOUR('',#14003);
#14306 = STYLED_ITEM('color',(#14307),#8016);
#14307 = PRESENTATION_STYLE_ASSIGNMENT((#14308));
#14308 = SURFACE_STYLE_USAGE(.BOTH.,#14309);
#14309 = SURFACE_SIDE_STYLE('',(#14310));
#14310 = SURFACE_STYLE_FILL_AREA(#14311);
#14311 = FILL_AREA_STYLE('',(#14312));
#14312 = FILL_AREA_STYLE_COLOUR('',#14109);
#14313 = STYLED_ITEM('color',(#14314),#8108);
#14314 = PRESENTATION_STYLE_ASSIGNMENT((#14315));
#14315 = SURFACE_STYLE_USAGE(.BOTH.,#14316);
#14316 = SURFACE_SIDE_STYLE('',(#14317));
#14317 = SURFACE_STYLE_FILL_AREA(#14318);
#14318 = FILL_AREA_STYLE('',(#14319));
#14319 = FILL_AREA_STYLE_COLOUR('',#14109);
#14320 = STYLED_ITEM('color',(#14321),#8200);
#14321 = PRESENTATION_STYLE_ASSIGNMENT((#14322));
#14322 = SURFACE_STYLE_USAGE(.BOTH.,#14323);
#14323 = SURFACE_SIDE_STYLE('',(#14324));
#14324 = SURFACE_STYLE_FILL_AREA(#14325);
#14325 = FILL_AREA_STYLE('',(#14326));
#14326 = FILL_AREA_STYLE_COLOUR('',#14003);
#14327 = STYLED_ITEM('color',(#14328),#8224);
#14328 = PRESENTATION_STYLE_ASSIGNMENT((#14329));
#14329 = SURFACE_STYLE_USAGE(.BOTH.,#14330);
#14330 = SURFACE_SIDE_STYLE('',(#14331));
#14331 = SURFACE_STYLE_FILL_AREA(#14332);
#14332 = FILL_AREA_STYLE('',(#14333));
#14333 = FILL_AREA_STYLE_COLOUR('',#14109);
#14334 = STYLED_ITEM('color',(#14335),#8249);
#14335 = PRESENTATION_STYLE_ASSIGNMENT((#14336));
#14336 = SURFACE_STYLE_USAGE(.BOTH.,#14337);
#14337 = SURFACE_SIDE_STYLE('',(#14338));
#14338 = SURFACE_STYLE_FILL_AREA(#14339);
#14339 = FILL_AREA_STYLE('',(#14340));
#14340 = FILL_AREA_STYLE_COLOUR('',#14109);
#14341 = STYLED_ITEM('color',(#14342),#8333);
#14342 = PRESENTATION_STYLE_ASSIGNMENT((#14343));
#14343 = SURFACE_STYLE_USAGE(.BOTH.,#14344);
#14344 = SURFACE_SIDE_STYLE('',(#14345));
#14345 = SURFACE_STYLE_FILL_AREA(#14346);
#14346 = FILL_AREA_STYLE('',(#14347));
#14347 = FILL_AREA_STYLE_COLOUR('',#14109);
#14348 = STYLED_ITEM('color',(#14349),#8425);
#14349 = PRESENTATION_STYLE_ASSIGNMENT((#14350));
#14350 = SURFACE_STYLE_USAGE(.BOTH.,#14351);
#14351 = SURFACE_SIDE_STYLE('',(#14352));
#14352 = SURFACE_STYLE_FILL_AREA(#14353);
#14353 = FILL_AREA_STYLE('',(#14354));
#14354 = FILL_AREA_STYLE_COLOUR('',#14109);
#14355 = STYLED_ITEM('color',(#14356),#8442);
#14356 = PRESENTATION_STYLE_ASSIGNMENT((#14357));
#14357 = SURFACE_STYLE_USAGE(.BOTH.,#14358);
#14358 = SURFACE_SIDE_STYLE('',(#14359));
#14359 = SURFACE_STYLE_FILL_AREA(#14360);
#14360 = FILL_AREA_STYLE('',(#14361));
#14361 = FILL_AREA_STYLE_COLOUR('',#14003);
#14362 = STYLED_ITEM('color',(#14363),#8473);
#14363 = PRESENTATION_STYLE_ASSIGNMENT((#14364));
#14364 = SURFACE_STYLE_USAGE(.BOTH.,#14365);
#14365 = SURFACE_SIDE_STYLE('',(#14366));
#14366 = SURFACE_STYLE_FILL_AREA(#14367);
#14367 = FILL_AREA_STYLE('',(#14368));
#14368 = FILL_AREA_STYLE_COLOUR('',#14109);
#14369 = STYLED_ITEM('color',(#14370),#8565);
#14370 = PRESENTATION_STYLE_ASSIGNMENT((#14371));
#14371 = SURFACE_STYLE_USAGE(.BOTH.,#14372);
#14372 = SURFACE_SIDE_STYLE('',(#14373));
#14373 = SURFACE_STYLE_FILL_AREA(#14374);
#14374 = FILL_AREA_STYLE('',(#14375));
#14375 = FILL_AREA_STYLE_COLOUR('',#14109);
#14376 = STYLED_ITEM('color',(#14377),#8657);
#14377 = PRESENTATION_STYLE_ASSIGNMENT((#14378));
#14378 = SURFACE_STYLE_USAGE(.BOTH.,#14379);
#14379 = SURFACE_SIDE_STYLE('',(#14380));
#14380 = SURFACE_STYLE_FILL_AREA(#14381);
#14381 = FILL_AREA_STYLE('',(#14382));
#14382 = FILL_AREA_STYLE_COLOUR('',#14003);
#14383 = STYLED_ITEM('color',(#14384),#8688);
#14384 = PRESENTATION_STYLE_ASSIGNMENT((#14385));
#14385 = SURFACE_STYLE_USAGE(.BOTH.,#14386);
#14386 = SURFACE_SIDE_STYLE('',(#14387));
#14387 = SURFACE_STYLE_FILL_AREA(#14388);
#14388 = FILL_AREA_STYLE('',(#14389));
#14389 = FILL_AREA_STYLE_COLOUR('',#14109);
#14390 = STYLED_ITEM('color',(#14391),#8705);
#14391 = PRESENTATION_STYLE_ASSIGNMENT((#14392));
#14392 = SURFACE_STYLE_USAGE(.BOTH.,#14393);
#14393 = SURFACE_SIDE_STYLE('',(#14394));
#14394 = SURFACE_STYLE_FILL_AREA(#14395);
#14395 = FILL_AREA_STYLE('',(#14396));
#14396 = FILL_AREA_STYLE_COLOUR('',#14003);
#14397 = STYLED_ITEM('color',(#14398),#8728);
#14398 = PRESENTATION_STYLE_ASSIGNMENT((#14399));
#14399 = SURFACE_STYLE_USAGE(.BOTH.,#14400);
#14400 = SURFACE_SIDE_STYLE('',(#14401));
#14401 = SURFACE_STYLE_FILL_AREA(#14402);
#14402 = FILL_AREA_STYLE('',(#14403));
#14403 = FILL_AREA_STYLE_COLOUR('',#14003);
#14404 = STYLED_ITEM('color',(#14405),#8784);
#14405 = PRESENTATION_STYLE_ASSIGNMENT((#14406));
#14406 = SURFACE_STYLE_USAGE(.BOTH.,#14407);
#14407 = SURFACE_SIDE_STYLE('',(#14408));
#14408 = SURFACE_STYLE_FILL_AREA(#14409);
#14409 = FILL_AREA_STYLE('',(#14410));
#14410 = FILL_AREA_STYLE_COLOUR('',#14003);
#14411 = STYLED_ITEM('color',(#14412),#8800);
#14412 = PRESENTATION_STYLE_ASSIGNMENT((#14413));
#14413 = SURFACE_STYLE_USAGE(.BOTH.,#14414);
#14414 = SURFACE_SIDE_STYLE('',(#14415));
#14415 = SURFACE_STYLE_FILL_AREA(#14416);
#14416 = FILL_AREA_STYLE('',(#14417));
#14417 = FILL_AREA_STYLE_COLOUR('',#14003);
#14418 = STYLED_ITEM('color',(#14419),#8830);
#14419 = PRESENTATION_STYLE_ASSIGNMENT((#14420));
#14420 = SURFACE_STYLE_USAGE(.BOTH.,#14421);
#14421 = SURFACE_SIDE_STYLE('',(#14422));
#14422 = SURFACE_STYLE_FILL_AREA(#14423);
#14423 = FILL_AREA_STYLE('',(#14424));
#14424 = FILL_AREA_STYLE_COLOUR('',#14109);
#14425 = STYLED_ITEM('color',(#14426),#8849);
#14426 = PRESENTATION_STYLE_ASSIGNMENT((#14427));
#14427 = SURFACE_STYLE_USAGE(.BOTH.,#14428);
#14428 = SURFACE_SIDE_STYLE('',(#14429));
#14429 = SURFACE_STYLE_FILL_AREA(#14430);
#14430 = FILL_AREA_STYLE('',(#14431));
#14431 = FILL_AREA_STYLE_COLOUR('',#14109);
#14432 = STYLED_ITEM('color',(#14433),#8866);
#14433 = PRESENTATION_STYLE_ASSIGNMENT((#14434));
#14434 = SURFACE_STYLE_USAGE(.BOTH.,#14435);
#14435 = SURFACE_SIDE_STYLE('',(#14436));
#14436 = SURFACE_STYLE_FILL_AREA(#14437);
#14437 = FILL_AREA_STYLE('',(#14438));
#14438 = FILL_AREA_STYLE_COLOUR('',#14109);
#14439 = STYLED_ITEM('color',(#14440),#8883);
#14440 = PRESENTATION_STYLE_ASSIGNMENT((#14441));
#14441 = SURFACE_STYLE_USAGE(.BOTH.,#14442);
#14442 = SURFACE_SIDE_STYLE('',(#14443));
#14443 = SURFACE_STYLE_FILL_AREA(#14444);
#14444 = FILL_AREA_STYLE('',(#14445));
#14445 = FILL_AREA_STYLE_COLOUR('',#14109);
#14446 = STYLED_ITEM('color',(#14447),#8900);
#14447 = PRESENTATION_STYLE_ASSIGNMENT((#14448));
#14448 = SURFACE_STYLE_USAGE(.BOTH.,#14449);
#14449 = SURFACE_SIDE_STYLE('',(#14450));
#14450 = SURFACE_STYLE_FILL_AREA(#14451);
#14451 = FILL_AREA_STYLE('',(#14452));
#14452 = FILL_AREA_STYLE_COLOUR('',#14109);
#14453 = STYLED_ITEM('color',(#14454),#8917);
#14454 = PRESENTATION_STYLE_ASSIGNMENT((#14455));
#14455 = SURFACE_STYLE_USAGE(.BOTH.,#14456);
#14456 = SURFACE_SIDE_STYLE('',(#14457));
#14457 = SURFACE_STYLE_FILL_AREA(#14458);
#14458 = FILL_AREA_STYLE('',(#14459));
#14459 = FILL_AREA_STYLE_COLOUR('',#14109);
#14460 = STYLED_ITEM('color',(#14461),#8934);
#14461 = PRESENTATION_STYLE_ASSIGNMENT((#14462));
#14462 = SURFACE_STYLE_USAGE(.BOTH.,#14463);
#14463 = SURFACE_SIDE_STYLE('',(#14464));
#14464 = SURFACE_STYLE_FILL_AREA(#14465);
#14465 = FILL_AREA_STYLE('',(#14466));
#14466 = FILL_AREA_STYLE_COLOUR('',#14109);
#14467 = STYLED_ITEM('color',(#14468),#8951);
#14468 = PRESENTATION_STYLE_ASSIGNMENT((#14469));
#14469 = SURFACE_STYLE_USAGE(.BOTH.,#14470);
#14470 = SURFACE_SIDE_STYLE('',(#14471));
#14471 = SURFACE_STYLE_FILL_AREA(#14472);
#14472 = FILL_AREA_STYLE('',(#14473));
#14473 = FILL_AREA_STYLE_COLOUR('',#14109);
#14474 = STYLED_ITEM('color',(#14475),#8968);
#14475 = PRESENTATION_STYLE_ASSIGNMENT((#14476));
#14476 = SURFACE_STYLE_USAGE(.BOTH.,#14477);
#14477 = SURFACE_SIDE_STYLE('',(#14478));
#14478 = SURFACE_STYLE_FILL_AREA(#14479);
#14479 = FILL_AREA_STYLE('',(#14480));
#14480 = FILL_AREA_STYLE_COLOUR('',#14109);
#14481 = STYLED_ITEM('color',(#14482),#8980);
#14482 = PRESENTATION_STYLE_ASSIGNMENT((#14483));
#14483 = SURFACE_STYLE_USAGE(.BOTH.,#14484);
#14484 = SURFACE_SIDE_STYLE('',(#14485));
#14485 = SURFACE_STYLE_FILL_AREA(#14486);
#14486 = FILL_AREA_STYLE('',(#14487));
#14487 = FILL_AREA_STYLE_COLOUR('',#14109);
#14488 = STYLED_ITEM('color',(#14489),#8999);
#14489 = PRESENTATION_STYLE_ASSIGNMENT((#14490));
#14490 = SURFACE_STYLE_USAGE(.BOTH.,#14491);
#14491 = SURFACE_SIDE_STYLE('',(#14492));
#14492 = SURFACE_STYLE_FILL_AREA(#14493);
#14493 = FILL_AREA_STYLE('',(#14494));
#14494 = FILL_AREA_STYLE_COLOUR('',#14109);
#14495 = STYLED_ITEM('color',(#14496),#9016);
#14496 = PRESENTATION_STYLE_ASSIGNMENT((#14497));
#14497 = SURFACE_STYLE_USAGE(.BOTH.,#14498);
#14498 = SURFACE_SIDE_STYLE('',(#14499));
#14499 = SURFACE_STYLE_FILL_AREA(#14500);
#14500 = FILL_AREA_STYLE('',(#14501));
#14501 = FILL_AREA_STYLE_COLOUR('',#14109);
#14502 = STYLED_ITEM('color',(#14503),#9033);
#14503 = PRESENTATION_STYLE_ASSIGNMENT((#14504));
#14504 = SURFACE_STYLE_USAGE(.BOTH.,#14505);
#14505 = SURFACE_SIDE_STYLE('',(#14506));
#14506 = SURFACE_STYLE_FILL_AREA(#14507);
#14507 = FILL_AREA_STYLE('',(#14508));
#14508 = FILL_AREA_STYLE_COLOUR('',#14109);
#14509 = STYLED_ITEM('color',(#14510),#9050);
#14510 = PRESENTATION_STYLE_ASSIGNMENT((#14511));
#14511 = SURFACE_STYLE_USAGE(.BOTH.,#14512);
#14512 = SURFACE_SIDE_STYLE('',(#14513));
#14513 = SURFACE_STYLE_FILL_AREA(#14514);
#14514 = FILL_AREA_STYLE('',(#14515));
#14515 = FILL_AREA_STYLE_COLOUR('',#14109);
#14516 = STYLED_ITEM('color',(#14517),#9067);
#14517 = PRESENTATION_STYLE_ASSIGNMENT((#14518));
#14518 = SURFACE_STYLE_USAGE(.BOTH.,#14519);
#14519 = SURFACE_SIDE_STYLE('',(#14520));
#14520 = SURFACE_STYLE_FILL_AREA(#14521);
#14521 = FILL_AREA_STYLE('',(#14522));
#14522 = FILL_AREA_STYLE_COLOUR('',#14109);
#14523 = STYLED_ITEM('color',(#14524),#9084);
#14524 = PRESENTATION_STYLE_ASSIGNMENT((#14525));
#14525 = SURFACE_STYLE_USAGE(.BOTH.,#14526);
#14526 = SURFACE_SIDE_STYLE('',(#14527));
#14527 = SURFACE_STYLE_FILL_AREA(#14528);
#14528 = FILL_AREA_STYLE('',(#14529));
#14529 = FILL_AREA_STYLE_COLOUR('',#14109);
#14530 = STYLED_ITEM('color',(#14531),#9101);
#14531 = PRESENTATION_STYLE_ASSIGNMENT((#14532));
#14532 = SURFACE_STYLE_USAGE(.BOTH.,#14533);
#14533 = SURFACE_SIDE_STYLE('',(#14534));
#14534 = SURFACE_STYLE_FILL_AREA(#14535);
#14535 = FILL_AREA_STYLE('',(#14536));
#14536 = FILL_AREA_STYLE_COLOUR('',#14109);
#14537 = STYLED_ITEM('color',(#14538),#9118);
#14538 = PRESENTATION_STYLE_ASSIGNMENT((#14539));
#14539 = SURFACE_STYLE_USAGE(.BOTH.,#14540);
#14540 = SURFACE_SIDE_STYLE('',(#14541));
#14541 = SURFACE_STYLE_FILL_AREA(#14542);
#14542 = FILL_AREA_STYLE('',(#14543));
#14543 = FILL_AREA_STYLE_COLOUR('',#14109);
#14544 = STYLED_ITEM('color',(#14545),#9130);
#14545 = PRESENTATION_STYLE_ASSIGNMENT((#14546));
#14546 = SURFACE_STYLE_USAGE(.BOTH.,#14547);
#14547 = SURFACE_SIDE_STYLE('',(#14548));
#14548 = SURFACE_STYLE_FILL_AREA(#14549);
#14549 = FILL_AREA_STYLE('',(#14550));
#14550 = FILL_AREA_STYLE_COLOUR('',#14003);
#14551 = STYLED_ITEM('color',(#14552),#9146);
#14552 = PRESENTATION_STYLE_ASSIGNMENT((#14553));
#14553 = SURFACE_STYLE_USAGE(.BOTH.,#14554);
#14554 = SURFACE_SIDE_STYLE('',(#14555));
#14555 = SURFACE_STYLE_FILL_AREA(#14556);
#14556 = FILL_AREA_STYLE('',(#14557));
#14557 = FILL_AREA_STYLE_COLOUR('',#14003);
#14558 = STYLED_ITEM('color',(#14559),#9162);
#14559 = PRESENTATION_STYLE_ASSIGNMENT((#14560));
#14560 = SURFACE_STYLE_USAGE(.BOTH.,#14561);
#14561 = SURFACE_SIDE_STYLE('',(#14562));
#14562 = SURFACE_STYLE_FILL_AREA(#14563);
#14563 = FILL_AREA_STYLE('',(#14564));
#14564 = FILL_AREA_STYLE_COLOUR('',#14003);
#14565 = STYLED_ITEM('color',(#14566),#9178);
#14566 = PRESENTATION_STYLE_ASSIGNMENT((#14567));
#14567 = SURFACE_STYLE_USAGE(.BOTH.,#14568);
#14568 = SURFACE_SIDE_STYLE('',(#14569));
#14569 = SURFACE_STYLE_FILL_AREA(#14570);
#14570 = FILL_AREA_STYLE('',(#14571));
#14571 = FILL_AREA_STYLE_COLOUR('',#14003);
#14572 = STYLED_ITEM('color',(#14573),#9211);
#14573 = PRESENTATION_STYLE_ASSIGNMENT((#14574));
#14574 = SURFACE_STYLE_USAGE(.BOTH.,#14575);
#14575 = SURFACE_SIDE_STYLE('',(#14576));
#14576 = SURFACE_STYLE_FILL_AREA(#14577);
#14577 = FILL_AREA_STYLE('',(#14578));
#14578 = FILL_AREA_STYLE_COLOUR('',#14109);
#14579 = STYLED_ITEM('color',(#14580),#9230);
#14580 = PRESENTATION_STYLE_ASSIGNMENT((#14581));
#14581 = SURFACE_STYLE_USAGE(.BOTH.,#14582);
#14582 = SURFACE_SIDE_STYLE('',(#14583));
#14583 = SURFACE_STYLE_FILL_AREA(#14584);
#14584 = FILL_AREA_STYLE('',(#14585));
#14585 = FILL_AREA_STYLE_COLOUR('',#14109);
#14586 = STYLED_ITEM('color',(#14587),#9247);
#14587 = PRESENTATION_STYLE_ASSIGNMENT((#14588));
#14588 = SURFACE_STYLE_USAGE(.BOTH.,#14589);
#14589 = SURFACE_SIDE_STYLE('',(#14590));
#14590 = SURFACE_STYLE_FILL_AREA(#14591);
#14591 = FILL_AREA_STYLE('',(#14592));
#14592 = FILL_AREA_STYLE_COLOUR('',#14109);
#14593 = STYLED_ITEM('color',(#14594),#9264);
#14594 = PRESENTATION_STYLE_ASSIGNMENT((#14595));
#14595 = SURFACE_STYLE_USAGE(.BOTH.,#14596);
#14596 = SURFACE_SIDE_STYLE('',(#14597));
#14597 = SURFACE_STYLE_FILL_AREA(#14598);
#14598 = FILL_AREA_STYLE('',(#14599));
#14599 = FILL_AREA_STYLE_COLOUR('',#14109);
#14600 = STYLED_ITEM('color',(#14601),#9281);
#14601 = PRESENTATION_STYLE_ASSIGNMENT((#14602));
#14602 = SURFACE_STYLE_USAGE(.BOTH.,#14603);
#14603 = SURFACE_SIDE_STYLE('',(#14604));
#14604 = SURFACE_STYLE_FILL_AREA(#14605);
#14605 = FILL_AREA_STYLE('',(#14606));
#14606 = FILL_AREA_STYLE_COLOUR('',#14109);
#14607 = STYLED_ITEM('color',(#14608),#9298);
#14608 = PRESENTATION_STYLE_ASSIGNMENT((#14609));
#14609 = SURFACE_STYLE_USAGE(.BOTH.,#14610);
#14610 = SURFACE_SIDE_STYLE('',(#14611));
#14611 = SURFACE_STYLE_FILL_AREA(#14612);
#14612 = FILL_AREA_STYLE('',(#14613));
#14613 = FILL_AREA_STYLE_COLOUR('',#14109);
#14614 = STYLED_ITEM('color',(#14615),#9315);
#14615 = PRESENTATION_STYLE_ASSIGNMENT((#14616));
#14616 = SURFACE_STYLE_USAGE(.BOTH.,#14617);
#14617 = SURFACE_SIDE_STYLE('',(#14618));
#14618 = SURFACE_STYLE_FILL_AREA(#14619);
#14619 = FILL_AREA_STYLE('',(#14620));
#14620 = FILL_AREA_STYLE_COLOUR('',#14109);
#14621 = STYLED_ITEM('color',(#14622),#9332);
#14622 = PRESENTATION_STYLE_ASSIGNMENT((#14623));
#14623 = SURFACE_STYLE_USAGE(.BOTH.,#14624);
#14624 = SURFACE_SIDE_STYLE('',(#14625));
#14625 = SURFACE_STYLE_FILL_AREA(#14626);
#14626 = FILL_AREA_STYLE('',(#14627));
#14627 = FILL_AREA_STYLE_COLOUR('',#14109);
#14628 = STYLED_ITEM('color',(#14629),#9349);
#14629 = PRESENTATION_STYLE_ASSIGNMENT((#14630));
#14630 = SURFACE_STYLE_USAGE(.BOTH.,#14631);
#14631 = SURFACE_SIDE_STYLE('',(#14632));
#14632 = SURFACE_STYLE_FILL_AREA(#14633);
#14633 = FILL_AREA_STYLE('',(#14634));
#14634 = FILL_AREA_STYLE_COLOUR('',#14109);
#14635 = STYLED_ITEM('color',(#14636),#9361);
#14636 = PRESENTATION_STYLE_ASSIGNMENT((#14637));
#14637 = SURFACE_STYLE_USAGE(.BOTH.,#14638);
#14638 = SURFACE_SIDE_STYLE('',(#14639));
#14639 = SURFACE_STYLE_FILL_AREA(#14640);
#14640 = FILL_AREA_STYLE('',(#14641));
#14641 = FILL_AREA_STYLE_COLOUR('',#14109);
#14642 = STYLED_ITEM('color',(#14643),#9380);
#14643 = PRESENTATION_STYLE_ASSIGNMENT((#14644));
#14644 = SURFACE_STYLE_USAGE(.BOTH.,#14645);
#14645 = SURFACE_SIDE_STYLE('',(#14646));
#14646 = SURFACE_STYLE_FILL_AREA(#14647);
#14647 = FILL_AREA_STYLE('',(#14648));
#14648 = FILL_AREA_STYLE_COLOUR('',#14109);
#14649 = STYLED_ITEM('color',(#14650),#9397);
#14650 = PRESENTATION_STYLE_ASSIGNMENT((#14651));
#14651 = SURFACE_STYLE_USAGE(.BOTH.,#14652);
#14652 = SURFACE_SIDE_STYLE('',(#14653));
#14653 = SURFACE_STYLE_FILL_AREA(#14654);
#14654 = FILL_AREA_STYLE('',(#14655));
#14655 = FILL_AREA_STYLE_COLOUR('',#14109);
#14656 = STYLED_ITEM('color',(#14657),#9414);
#14657 = PRESENTATION_STYLE_ASSIGNMENT((#14658));
#14658 = SURFACE_STYLE_USAGE(.BOTH.,#14659);
#14659 = SURFACE_SIDE_STYLE('',(#14660));
#14660 = SURFACE_STYLE_FILL_AREA(#14661);
#14661 = FILL_AREA_STYLE('',(#14662));
#14662 = FILL_AREA_STYLE_COLOUR('',#14109);
#14663 = STYLED_ITEM('color',(#14664),#9431);
#14664 = PRESENTATION_STYLE_ASSIGNMENT((#14665));
#14665 = SURFACE_STYLE_USAGE(.BOTH.,#14666);
#14666 = SURFACE_SIDE_STYLE('',(#14667));
#14667 = SURFACE_STYLE_FILL_AREA(#14668);
#14668 = FILL_AREA_STYLE('',(#14669));
#14669 = FILL_AREA_STYLE_COLOUR('',#14109);
#14670 = STYLED_ITEM('color',(#14671),#9448);
#14671 = PRESENTATION_STYLE_ASSIGNMENT((#14672));
#14672 = SURFACE_STYLE_USAGE(.BOTH.,#14673);
#14673 = SURFACE_SIDE_STYLE('',(#14674));
#14674 = SURFACE_STYLE_FILL_AREA(#14675);
#14675 = FILL_AREA_STYLE('',(#14676));
#14676 = FILL_AREA_STYLE_COLOUR('',#14109);
#14677 = STYLED_ITEM('color',(#14678),#9465);
#14678 = PRESENTATION_STYLE_ASSIGNMENT((#14679));
#14679 = SURFACE_STYLE_USAGE(.BOTH.,#14680);
#14680 = SURFACE_SIDE_STYLE('',(#14681));
#14681 = SURFACE_STYLE_FILL_AREA(#14682);
#14682 = FILL_AREA_STYLE('',(#14683));
#14683 = FILL_AREA_STYLE_COLOUR('',#14109);
#14684 = STYLED_ITEM('color',(#14685),#9482);
#14685 = PRESENTATION_STYLE_ASSIGNMENT((#14686));
#14686 = SURFACE_STYLE_USAGE(.BOTH.,#14687);
#14687 = SURFACE_SIDE_STYLE('',(#14688));
#14688 = SURFACE_STYLE_FILL_AREA(#14689);
#14689 = FILL_AREA_STYLE('',(#14690));
#14690 = FILL_AREA_STYLE_COLOUR('',#14109);
#14691 = STYLED_ITEM('color',(#14692),#9499);
#14692 = PRESENTATION_STYLE_ASSIGNMENT((#14693));
#14693 = SURFACE_STYLE_USAGE(.BOTH.,#14694);
#14694 = SURFACE_SIDE_STYLE('',(#14695));
#14695 = SURFACE_STYLE_FILL_AREA(#14696);
#14696 = FILL_AREA_STYLE('',(#14697));
#14697 = FILL_AREA_STYLE_COLOUR('',#14109);
#14698 = STYLED_ITEM('color',(#14699),#9511);
#14699 = PRESENTATION_STYLE_ASSIGNMENT((#14700));
#14700 = SURFACE_STYLE_USAGE(.BOTH.,#14701);
#14701 = SURFACE_SIDE_STYLE('',(#14702));
#14702 = SURFACE_STYLE_FILL_AREA(#14703);
#14703 = FILL_AREA_STYLE('',(#14704));
#14704 = FILL_AREA_STYLE_COLOUR('',#14109);
#14705 = STYLED_ITEM('color',(#14706),#9530);
#14706 = PRESENTATION_STYLE_ASSIGNMENT((#14707));
#14707 = SURFACE_STYLE_USAGE(.BOTH.,#14708);
#14708 = SURFACE_SIDE_STYLE('',(#14709));
#14709 = SURFACE_STYLE_FILL_AREA(#14710);
#14710 = FILL_AREA_STYLE('',(#14711));
#14711 = FILL_AREA_STYLE_COLOUR('',#14109);
#14712 = STYLED_ITEM('color',(#14713),#9547);
#14713 = PRESENTATION_STYLE_ASSIGNMENT((#14714));
#14714 = SURFACE_STYLE_USAGE(.BOTH.,#14715);
#14715 = SURFACE_SIDE_STYLE('',(#14716));
#14716 = SURFACE_STYLE_FILL_AREA(#14717);
#14717 = FILL_AREA_STYLE('',(#14718));
#14718 = FILL_AREA_STYLE_COLOUR('',#14109);
#14719 = STYLED_ITEM('color',(#14720),#9564);
#14720 = PRESENTATION_STYLE_ASSIGNMENT((#14721));
#14721 = SURFACE_STYLE_USAGE(.BOTH.,#14722);
#14722 = SURFACE_SIDE_STYLE('',(#14723));
#14723 = SURFACE_STYLE_FILL_AREA(#14724);
#14724 = FILL_AREA_STYLE('',(#14725));
#14725 = FILL_AREA_STYLE_COLOUR('',#14109);
#14726 = STYLED_ITEM('color',(#14727),#9581);
#14727 = PRESENTATION_STYLE_ASSIGNMENT((#14728));
#14728 = SURFACE_STYLE_USAGE(.BOTH.,#14729);
#14729 = SURFACE_SIDE_STYLE('',(#14730));
#14730 = SURFACE_STYLE_FILL_AREA(#14731);
#14731 = FILL_AREA_STYLE('',(#14732));
#14732 = FILL_AREA_STYLE_COLOUR('',#14109);
#14733 = STYLED_ITEM('color',(#14734),#9598);
#14734 = PRESENTATION_STYLE_ASSIGNMENT((#14735));
#14735 = SURFACE_STYLE_USAGE(.BOTH.,#14736);
#14736 = SURFACE_SIDE_STYLE('',(#14737));
#14737 = SURFACE_STYLE_FILL_AREA(#14738);
#14738 = FILL_AREA_STYLE('',(#14739));
#14739 = FILL_AREA_STYLE_COLOUR('',#14109);
#14740 = STYLED_ITEM('color',(#14741),#9615);
#14741 = PRESENTATION_STYLE_ASSIGNMENT((#14742));
#14742 = SURFACE_STYLE_USAGE(.BOTH.,#14743);
#14743 = SURFACE_SIDE_STYLE('',(#14744));
#14744 = SURFACE_STYLE_FILL_AREA(#14745);
#14745 = FILL_AREA_STYLE('',(#14746));
#14746 = FILL_AREA_STYLE_COLOUR('',#14109);
#14747 = STYLED_ITEM('color',(#14748),#9632);
#14748 = PRESENTATION_STYLE_ASSIGNMENT((#14749));
#14749 = SURFACE_STYLE_USAGE(.BOTH.,#14750);
#14750 = SURFACE_SIDE_STYLE('',(#14751));
#14751 = SURFACE_STYLE_FILL_AREA(#14752);
#14752 = FILL_AREA_STYLE('',(#14753));
#14753 = FILL_AREA_STYLE_COLOUR('',#14109);
#14754 = STYLED_ITEM('color',(#14755),#9649);
#14755 = PRESENTATION_STYLE_ASSIGNMENT((#14756));
#14756 = SURFACE_STYLE_USAGE(.BOTH.,#14757);
#14757 = SURFACE_SIDE_STYLE('',(#14758));
#14758 = SURFACE_STYLE_FILL_AREA(#14759);
#14759 = FILL_AREA_STYLE('',(#14760));
#14760 = FILL_AREA_STYLE_COLOUR('',#14109);
#14761 = MECHANICAL_DESIGN_GEOMETRIC_PRESENTATION_REPRESENTATION('',(
    #14762),#13403);
#14762 = STYLED_ITEM('color',(#14763),#10601);
#14763 = PRESENTATION_STYLE_ASSIGNMENT((#14764));
#14764 = SURFACE_STYLE_USAGE(.BOTH.,#14765);
#14765 = SURFACE_SIDE_STYLE('',(#14766));
#14766 = SURFACE_STYLE_FILL_AREA(#14767);
#14767 = FILL_AREA_STYLE('',(#14768));
#14768 = FILL_AREA_STYLE_COLOUR('',#14769);
#14769 = COLOUR_RGB('',0.313304153717,0.484529207832,0.410020903123);
#14770 = MECHANICAL_DESIGN_GEOMETRIC_PRESENTATION_REPRESENTATION('',(
    #14771,#14778,#14785,#14792,#14799,#14806,#14813,#14820,#14827,
    #14834,#14841,#14848,#14855,#14862,#14869,#14876,#14883,#14890,
    #14897,#14904,#14911,#14918,#14925,#14932,#14939,#14946,#14953,
    #14960,#14967,#14974,#14981,#14988,#14995,#15002,#15009,#15016,
    #15023,#15030,#15037,#15044,#15051,#15058,#15065,#15072,#15079,
    #15086,#15093,#15100,#15107,#15114,#15121,#15128,#15135,#15142,
    #15149,#15156,#15163,#15170,#15177,#15184,#15191,#15198,#15205,
    #15212,#15219,#15226,#15233,#15240,#15247,#15254,#15261,#15268,
    #15275,#15282,#15289,#15296,#15303,#15310,#15317,#15324,#15331,
    #15338,#15345,#15352,#15359,#15366,#15373,#15380,#15387,#15394,
    #15401,#15408,#15415,#15422,#15429,#15436,#15443,#15450,#15457,
    #15465,#15472,#15479,#15486,#15493,#15500,#15507,#15514,#15521,
    #15528,#15535,#15542,#15549,#15556,#15563,#15570,#15577,#15584,
    #15591,#15598,#15605,#15612,#15619,#15626,#15633,#15640,#15647,
    #15654,#15661,#15668,#15675,#15682,#15689,#15696,#15703,#15710,
    #15717,#15724,#15731,#15738,#15745,#15752,#15759,#15766,#15773,
    #15780,#15787,#15794,#15801,#15808,#15815,#15822,#15829,#15836,
    #15843,#15850,#15857),#5611);
#14771 = STYLED_ITEM('color',(#14772),#1006);
#14772 = PRESENTATION_STYLE_ASSIGNMENT((#14773));
#14773 = SURFACE_STYLE_USAGE(.BOTH.,#14774);
#14774 = SURFACE_SIDE_STYLE('',(#14775));
#14775 = SURFACE_STYLE_FILL_AREA(#14776);
#14776 = FILL_AREA_STYLE('',(#14777));
#14777 = FILL_AREA_STYLE_COLOUR('',#14109);
#14778 = STYLED_ITEM('color',(#14779),#1048);
#14779 = PRESENTATION_STYLE_ASSIGNMENT((#14780));
#14780 = SURFACE_STYLE_USAGE(.BOTH.,#14781);
#14781 = SURFACE_SIDE_STYLE('',(#14782));
#14782 = SURFACE_STYLE_FILL_AREA(#14783);
#14783 = FILL_AREA_STYLE('',(#14784));
#14784 = FILL_AREA_STYLE_COLOUR('',#14109);
#14785 = STYLED_ITEM('color',(#14786),#1079);
#14786 = PRESENTATION_STYLE_ASSIGNMENT((#14787));
#14787 = SURFACE_STYLE_USAGE(.BOTH.,#14788);
#14788 = SURFACE_SIDE_STYLE('',(#14789));
#14789 = SURFACE_STYLE_FILL_AREA(#14790);
#14790 = FILL_AREA_STYLE('',(#14791));
#14791 = FILL_AREA_STYLE_COLOUR('',#14109);
#14792 = STYLED_ITEM('color',(#14793),#1110);
#14793 = PRESENTATION_STYLE_ASSIGNMENT((#14794));
#14794 = SURFACE_STYLE_USAGE(.BOTH.,#14795);
#14795 = SURFACE_SIDE_STYLE('',(#14796));
#14796 = SURFACE_STYLE_FILL_AREA(#14797);
#14797 = FILL_AREA_STYLE('',(#14798));
#14798 = FILL_AREA_STYLE_COLOUR('',#14109);
#14799 = STYLED_ITEM('color',(#14800),#1194);
#14800 = PRESENTATION_STYLE_ASSIGNMENT((#14801));
#14801 = SURFACE_STYLE_USAGE(.BOTH.,#14802);
#14802 = SURFACE_SIDE_STYLE('',(#14803));
#14803 = SURFACE_STYLE_FILL_AREA(#14804);
#14804 = FILL_AREA_STYLE('',(#14805));
#14805 = FILL_AREA_STYLE_COLOUR('',#14109);
#14806 = STYLED_ITEM('color',(#14807),#1278);
#14807 = PRESENTATION_STYLE_ASSIGNMENT((#14808));
#14808 = SURFACE_STYLE_USAGE(.BOTH.,#14809);
#14809 = SURFACE_SIDE_STYLE('',(#14810));
#14810 = SURFACE_STYLE_FILL_AREA(#14811);
#14811 = FILL_AREA_STYLE('',(#14812));
#14812 = FILL_AREA_STYLE_COLOUR('',#14003);
#14813 = STYLED_ITEM('color',(#14814),#1371);
#14814 = PRESENTATION_STYLE_ASSIGNMENT((#14815));
#14815 = SURFACE_STYLE_USAGE(.BOTH.,#14816);
#14816 = SURFACE_SIDE_STYLE('',(#14817));
#14817 = SURFACE_STYLE_FILL_AREA(#14818);
#14818 = FILL_AREA_STYLE('',(#14819));
#14819 = FILL_AREA_STYLE_COLOUR('',#14109);
#14820 = STYLED_ITEM('color',(#14821),#1388);
#14821 = PRESENTATION_STYLE_ASSIGNMENT((#14822));
#14822 = SURFACE_STYLE_USAGE(.BOTH.,#14823);
#14823 = SURFACE_SIDE_STYLE('',(#14824));
#14824 = SURFACE_STYLE_FILL_AREA(#14825);
#14825 = FILL_AREA_STYLE('',(#14826));
#14826 = FILL_AREA_STYLE_COLOUR('',#14003);
#14827 = STYLED_ITEM('color',(#14828),#1411);
#14828 = PRESENTATION_STYLE_ASSIGNMENT((#14829));
#14829 = SURFACE_STYLE_USAGE(.BOTH.,#14830);
#14830 = SURFACE_SIDE_STYLE('',(#14831));
#14831 = SURFACE_STYLE_FILL_AREA(#14832);
#14832 = FILL_AREA_STYLE('',(#14833));
#14833 = FILL_AREA_STYLE_COLOUR('',#14109);
#14834 = STYLED_ITEM('color',(#14835),#1449);
#14835 = PRESENTATION_STYLE_ASSIGNMENT((#14836));
#14836 = SURFACE_STYLE_USAGE(.BOTH.,#14837);
#14837 = SURFACE_SIDE_STYLE('',(#14838));
#14838 = SURFACE_STYLE_FILL_AREA(#14839);
#14839 = FILL_AREA_STYLE('',(#14840));
#14840 = FILL_AREA_STYLE_COLOUR('',#14109);
#14841 = STYLED_ITEM('color',(#14842),#1466);
#14842 = PRESENTATION_STYLE_ASSIGNMENT((#14843));
#14843 = SURFACE_STYLE_USAGE(.BOTH.,#14844);
#14844 = SURFACE_SIDE_STYLE('',(#14845));
#14845 = SURFACE_STYLE_FILL_AREA(#14846);
#14846 = FILL_AREA_STYLE('',(#14847));
#14847 = FILL_AREA_STYLE_COLOUR('',#14109);
#14848 = STYLED_ITEM('color',(#14849),#1483);
#14849 = PRESENTATION_STYLE_ASSIGNMENT((#14850));
#14850 = SURFACE_STYLE_USAGE(.BOTH.,#14851);
#14851 = SURFACE_SIDE_STYLE('',(#14852));
#14852 = SURFACE_STYLE_FILL_AREA(#14853);
#14853 = FILL_AREA_STYLE('',(#14854));
#14854 = FILL_AREA_STYLE_COLOUR('',#14109);
#14855 = STYLED_ITEM('color',(#14856),#1500);
#14856 = PRESENTATION_STYLE_ASSIGNMENT((#14857));
#14857 = SURFACE_STYLE_USAGE(.BOTH.,#14858);
#14858 = SURFACE_SIDE_STYLE('',(#14859));
#14859 = SURFACE_STYLE_FILL_AREA(#14860);
#14860 = FILL_AREA_STYLE('',(#14861));
#14861 = FILL_AREA_STYLE_COLOUR('',#14109);
#14862 = STYLED_ITEM('color',(#14863),#1517);
#14863 = PRESENTATION_STYLE_ASSIGNMENT((#14864));
#14864 = SURFACE_STYLE_USAGE(.BOTH.,#14865);
#14865 = SURFACE_SIDE_STYLE('',(#14866));
#14866 = SURFACE_STYLE_FILL_AREA(#14867);
#14867 = FILL_AREA_STYLE('',(#14868));
#14868 = FILL_AREA_STYLE_COLOUR('',#14109);
#14869 = STYLED_ITEM('color',(#14870),#1534);
#14870 = PRESENTATION_STYLE_ASSIGNMENT((#14871));
#14871 = SURFACE_STYLE_USAGE(.BOTH.,#14872);
#14872 = SURFACE_SIDE_STYLE('',(#14873));
#14873 = SURFACE_STYLE_FILL_AREA(#14874);
#14874 = FILL_AREA_STYLE('',(#14875));
#14875 = FILL_AREA_STYLE_COLOUR('',#14109);
#14876 = STYLED_ITEM('color',(#14877),#1546);
#14877 = PRESENTATION_STYLE_ASSIGNMENT((#14878));
#14878 = SURFACE_STYLE_USAGE(.BOTH.,#14879);
#14879 = SURFACE_SIDE_STYLE('',(#14880));
#14880 = SURFACE_STYLE_FILL_AREA(#14881);
#14881 = FILL_AREA_STYLE('',(#14882));
#14882 = FILL_AREA_STYLE_COLOUR('',#14003);
#14883 = STYLED_ITEM('color',(#14884),#1570);
#14884 = PRESENTATION_STYLE_ASSIGNMENT((#14885));
#14885 = SURFACE_STYLE_USAGE(.BOTH.,#14886);
#14886 = SURFACE_SIDE_STYLE('',(#14887));
#14887 = SURFACE_STYLE_FILL_AREA(#14888);
#14888 = FILL_AREA_STYLE('',(#14889));
#14889 = FILL_AREA_STYLE_COLOUR('',#14003);
#14890 = STYLED_ITEM('color',(#14891),#1633);
#14891 = PRESENTATION_STYLE_ASSIGNMENT((#14892));
#14892 = SURFACE_STYLE_USAGE(.BOTH.,#14893);
#14893 = SURFACE_SIDE_STYLE('',(#14894));
#14894 = SURFACE_STYLE_FILL_AREA(#14895);
#14895 = FILL_AREA_STYLE('',(#14896));
#14896 = FILL_AREA_STYLE_COLOUR('',#14003);
#14897 = STYLED_ITEM('color',(#14898),#1656);
#14898 = PRESENTATION_STYLE_ASSIGNMENT((#14899));
#14899 = SURFACE_STYLE_USAGE(.BOTH.,#14900);
#14900 = SURFACE_SIDE_STYLE('',(#14901));
#14901 = SURFACE_STYLE_FILL_AREA(#14902);
#14902 = FILL_AREA_STYLE('',(#14903));
#14903 = FILL_AREA_STYLE_COLOUR('',#14003);
#14904 = STYLED_ITEM('color',(#14905),#1679);
#14905 = PRESENTATION_STYLE_ASSIGNMENT((#14906));
#14906 = SURFACE_STYLE_USAGE(.BOTH.,#14907);
#14907 = SURFACE_SIDE_STYLE('',(#14908));
#14908 = SURFACE_STYLE_FILL_AREA(#14909);
#14909 = FILL_AREA_STYLE('',(#14910));
#14910 = FILL_AREA_STYLE_COLOUR('',#14003);
#14911 = STYLED_ITEM('color',(#14912),#1709);
#14912 = PRESENTATION_STYLE_ASSIGNMENT((#14913));
#14913 = SURFACE_STYLE_USAGE(.BOTH.,#14914);
#14914 = SURFACE_SIDE_STYLE('',(#14915));
#14915 = SURFACE_STYLE_FILL_AREA(#14916);
#14916 = FILL_AREA_STYLE('',(#14917));
#14917 = FILL_AREA_STYLE_COLOUR('',#14109);
#14918 = STYLED_ITEM('color',(#14919),#1740);
#14919 = PRESENTATION_STYLE_ASSIGNMENT((#14920));
#14920 = SURFACE_STYLE_USAGE(.BOTH.,#14921);
#14921 = SURFACE_SIDE_STYLE('',(#14922));
#14922 = SURFACE_STYLE_FILL_AREA(#14923);
#14923 = FILL_AREA_STYLE('',(#14924));
#14924 = FILL_AREA_STYLE_COLOUR('',#14003);
#14925 = STYLED_ITEM('color',(#14926),#1771);
#14926 = PRESENTATION_STYLE_ASSIGNMENT((#14927));
#14927 = SURFACE_STYLE_USAGE(.BOTH.,#14928);
#14928 = SURFACE_SIDE_STYLE('',(#14929));
#14929 = SURFACE_STYLE_FILL_AREA(#14930);
#14930 = FILL_AREA_STYLE('',(#14931));
#14931 = FILL_AREA_STYLE_COLOUR('',#14109);
#14932 = STYLED_ITEM('color',(#14933),#1802);
#14933 = PRESENTATION_STYLE_ASSIGNMENT((#14934));
#14934 = SURFACE_STYLE_USAGE(.BOTH.,#14935);
#14935 = SURFACE_SIDE_STYLE('',(#14936));
#14936 = SURFACE_STYLE_FILL_AREA(#14937);
#14937 = FILL_AREA_STYLE('',(#14938));
#14938 = FILL_AREA_STYLE_COLOUR('',#14109);
#14939 = STYLED_ITEM('color',(#14940),#1833);
#14940 = PRESENTATION_STYLE_ASSIGNMENT((#14941));
#14941 = SURFACE_STYLE_USAGE(.BOTH.,#14942);
#14942 = SURFACE_SIDE_STYLE('',(#14943));
#14943 = SURFACE_STYLE_FILL_AREA(#14944);
#14944 = FILL_AREA_STYLE('',(#14945));
#14945 = FILL_AREA_STYLE_COLOUR('',#14003);
#14946 = STYLED_ITEM('color',(#14947),#1864);
#14947 = PRESENTATION_STYLE_ASSIGNMENT((#14948));
#14948 = SURFACE_STYLE_USAGE(.BOTH.,#14949);
#14949 = SURFACE_SIDE_STYLE('',(#14950));
#14950 = SURFACE_STYLE_FILL_AREA(#14951);
#14951 = FILL_AREA_STYLE('',(#14952));
#14952 = FILL_AREA_STYLE_COLOUR('',#14003);
#14953 = STYLED_ITEM('color',(#14954),#1887);
#14954 = PRESENTATION_STYLE_ASSIGNMENT((#14955));
#14955 = SURFACE_STYLE_USAGE(.BOTH.,#14956);
#14956 = SURFACE_SIDE_STYLE('',(#14957));
#14957 = SURFACE_STYLE_FILL_AREA(#14958);
#14958 = FILL_AREA_STYLE('',(#14959));
#14959 = FILL_AREA_STYLE_COLOUR('',#14003);
#14960 = STYLED_ITEM('color',(#14961),#1910);
#14961 = PRESENTATION_STYLE_ASSIGNMENT((#14962));
#14962 = SURFACE_STYLE_USAGE(.BOTH.,#14963);
#14963 = SURFACE_SIDE_STYLE('',(#14964));
#14964 = SURFACE_STYLE_FILL_AREA(#14965);
#14965 = FILL_AREA_STYLE('',(#14966));
#14966 = FILL_AREA_STYLE_COLOUR('',#14003);
#14967 = STYLED_ITEM('color',(#14968),#1996);
#14968 = PRESENTATION_STYLE_ASSIGNMENT((#14969));
#14969 = SURFACE_STYLE_USAGE(.BOTH.,#14970);
#14970 = SURFACE_SIDE_STYLE('',(#14971));
#14971 = SURFACE_STYLE_FILL_AREA(#14972);
#14972 = FILL_AREA_STYLE('',(#14973));
#14973 = FILL_AREA_STYLE_COLOUR('',#14003);
#14974 = STYLED_ITEM('color',(#14975),#2013);
#14975 = PRESENTATION_STYLE_ASSIGNMENT((#14976));
#14976 = SURFACE_STYLE_USAGE(.BOTH.,#14977);
#14977 = SURFACE_SIDE_STYLE('',(#14978));
#14978 = SURFACE_STYLE_FILL_AREA(#14979);
#14979 = FILL_AREA_STYLE('',(#14980));
#14980 = FILL_AREA_STYLE_COLOUR('',#14109);
#14981 = STYLED_ITEM('color',(#14982),#2105);
#14982 = PRESENTATION_STYLE_ASSIGNMENT((#14983));
#14983 = SURFACE_STYLE_USAGE(.BOTH.,#14984);
#14984 = SURFACE_SIDE_STYLE('',(#14985));
#14985 = SURFACE_STYLE_FILL_AREA(#14986);
#14986 = FILL_AREA_STYLE('',(#14987));
#14987 = FILL_AREA_STYLE_COLOUR('',#14003);
#14988 = STYLED_ITEM('color',(#14989),#2128);
#14989 = PRESENTATION_STYLE_ASSIGNMENT((#14990));
#14990 = SURFACE_STYLE_USAGE(.BOTH.,#14991);
#14991 = SURFACE_SIDE_STYLE('',(#14992));
#14992 = SURFACE_STYLE_FILL_AREA(#14993);
#14993 = FILL_AREA_STYLE('',(#14994));
#14994 = FILL_AREA_STYLE_COLOUR('',#14003);
#14995 = STYLED_ITEM('color',(#14996),#2151);
#14996 = PRESENTATION_STYLE_ASSIGNMENT((#14997));
#14997 = SURFACE_STYLE_USAGE(.BOTH.,#14998);
#14998 = SURFACE_SIDE_STYLE('',(#14999));
#14999 = SURFACE_STYLE_FILL_AREA(#15000);
#15000 = FILL_AREA_STYLE('',(#15001));
#15001 = FILL_AREA_STYLE_COLOUR('',#14003);
#15002 = STYLED_ITEM('color',(#15003),#2174);
#15003 = PRESENTATION_STYLE_ASSIGNMENT((#15004));
#15004 = SURFACE_STYLE_USAGE(.BOTH.,#15005);
#15005 = SURFACE_SIDE_STYLE('',(#15006));
#15006 = SURFACE_STYLE_FILL_AREA(#15007);
#15007 = FILL_AREA_STYLE('',(#15008));
#15008 = FILL_AREA_STYLE_COLOUR('',#14003);
#15009 = STYLED_ITEM('color',(#15010),#2261);
#15010 = PRESENTATION_STYLE_ASSIGNMENT((#15011));
#15011 = SURFACE_STYLE_USAGE(.BOTH.,#15012);
#15012 = SURFACE_SIDE_STYLE('',(#15013));
#15013 = SURFACE_STYLE_FILL_AREA(#15014);
#15014 = FILL_AREA_STYLE('',(#15015));
#15015 = FILL_AREA_STYLE_COLOUR('',#14003);
#15016 = STYLED_ITEM('color',(#15017),#2278);
#15017 = PRESENTATION_STYLE_ASSIGNMENT((#15018));
#15018 = SURFACE_STYLE_USAGE(.BOTH.,#15019);
#15019 = SURFACE_SIDE_STYLE('',(#15020));
#15020 = SURFACE_STYLE_FILL_AREA(#15021);
#15021 = FILL_AREA_STYLE('',(#15022));
#15022 = FILL_AREA_STYLE_COLOUR('',#14003);
#15023 = STYLED_ITEM('color',(#15024),#2301);
#15024 = PRESENTATION_STYLE_ASSIGNMENT((#15025));
#15025 = SURFACE_STYLE_USAGE(.BOTH.,#15026);
#15026 = SURFACE_SIDE_STYLE('',(#15027));
#15027 = SURFACE_STYLE_FILL_AREA(#15028);
#15028 = FILL_AREA_STYLE('',(#15029));
#15029 = FILL_AREA_STYLE_COLOUR('',#14109);
#15030 = STYLED_ITEM('color',(#15031),#2393);
#15031 = PRESENTATION_STYLE_ASSIGNMENT((#15032));
#15032 = SURFACE_STYLE_USAGE(.BOTH.,#15033);
#15033 = SURFACE_SIDE_STYLE('',(#15034));
#15034 = SURFACE_STYLE_FILL_AREA(#15035);
#15035 = FILL_AREA_STYLE('',(#15036));
#15036 = FILL_AREA_STYLE_COLOUR('',#14003);
#15037 = STYLED_ITEM('color',(#15038),#2414);
#15038 = PRESENTATION_STYLE_ASSIGNMENT((#15039));
#15039 = SURFACE_STYLE_USAGE(.BOTH.,#15040);
#15040 = SURFACE_SIDE_STYLE('',(#15041));
#15041 = SURFACE_STYLE_FILL_AREA(#15042);
#15042 = FILL_AREA_STYLE('',(#15043));
#15043 = FILL_AREA_STYLE_COLOUR('',#14109);
#15044 = STYLED_ITEM('color',(#15045),#2506);
#15045 = PRESENTATION_STYLE_ASSIGNMENT((#15046));
#15046 = SURFACE_STYLE_USAGE(.BOTH.,#15047);
#15047 = SURFACE_SIDE_STYLE('',(#15048));
#15048 = SURFACE_STYLE_FILL_AREA(#15049);
#15049 = FILL_AREA_STYLE('',(#15050));
#15050 = FILL_AREA_STYLE_COLOUR('',#14109);
#15051 = STYLED_ITEM('color',(#15052),#2523);
#15052 = PRESENTATION_STYLE_ASSIGNMENT((#15053));
#15053 = SURFACE_STYLE_USAGE(.BOTH.,#15054);
#15054 = SURFACE_SIDE_STYLE('',(#15055));
#15055 = SURFACE_STYLE_FILL_AREA(#15056);
#15056 = FILL_AREA_STYLE('',(#15057));
#15057 = FILL_AREA_STYLE_COLOUR('',#14109);
#15058 = STYLED_ITEM('color',(#15059),#2615);
#15059 = PRESENTATION_STYLE_ASSIGNMENT((#15060));
#15060 = SURFACE_STYLE_USAGE(.BOTH.,#15061);
#15061 = SURFACE_SIDE_STYLE('',(#15062));
#15062 = SURFACE_STYLE_FILL_AREA(#15063);
#15063 = FILL_AREA_STYLE('',(#15064));
#15064 = FILL_AREA_STYLE_COLOUR('',#14003);
#15065 = STYLED_ITEM('color',(#15066),#2637);
#15066 = PRESENTATION_STYLE_ASSIGNMENT((#15067));
#15067 = SURFACE_STYLE_USAGE(.BOTH.,#15068);
#15068 = SURFACE_SIDE_STYLE('',(#15069));
#15069 = SURFACE_STYLE_FILL_AREA(#15070);
#15070 = FILL_AREA_STYLE('',(#15071));
#15071 = FILL_AREA_STYLE_COLOUR('',#14109);
#15072 = STYLED_ITEM('color',(#15073),#2662);
#15073 = PRESENTATION_STYLE_ASSIGNMENT((#15074));
#15074 = SURFACE_STYLE_USAGE(.BOTH.,#15075);
#15075 = SURFACE_SIDE_STYLE('',(#15076));
#15076 = SURFACE_STYLE_FILL_AREA(#15077);
#15077 = FILL_AREA_STYLE('',(#15078));
#15078 = FILL_AREA_STYLE_COLOUR('',#14109);
#15079 = STYLED_ITEM('color',(#15080),#2746);
#15080 = PRESENTATION_STYLE_ASSIGNMENT((#15081));
#15081 = SURFACE_STYLE_USAGE(.BOTH.,#15082);
#15082 = SURFACE_SIDE_STYLE('',(#15083));
#15083 = SURFACE_STYLE_FILL_AREA(#15084);
#15084 = FILL_AREA_STYLE('',(#15085));
#15085 = FILL_AREA_STYLE_COLOUR('',#14109);
#15086 = STYLED_ITEM('color',(#15087),#2838);
#15087 = PRESENTATION_STYLE_ASSIGNMENT((#15088));
#15088 = SURFACE_STYLE_USAGE(.BOTH.,#15089);
#15089 = SURFACE_SIDE_STYLE('',(#15090));
#15090 = SURFACE_STYLE_FILL_AREA(#15091);
#15091 = FILL_AREA_STYLE('',(#15092));
#15092 = FILL_AREA_STYLE_COLOUR('',#14109);
#15093 = STYLED_ITEM('color',(#15094),#2855);
#15094 = PRESENTATION_STYLE_ASSIGNMENT((#15095));
#15095 = SURFACE_STYLE_USAGE(.BOTH.,#15096);
#15096 = SURFACE_SIDE_STYLE('',(#15097));
#15097 = SURFACE_STYLE_FILL_AREA(#15098);
#15098 = FILL_AREA_STYLE('',(#15099));
#15099 = FILL_AREA_STYLE_COLOUR('',#14003);
#15100 = STYLED_ITEM('color',(#15101),#2877);
#15101 = PRESENTATION_STYLE_ASSIGNMENT((#15102));
#15102 = SURFACE_STYLE_USAGE(.BOTH.,#15103);
#15103 = SURFACE_SIDE_STYLE('',(#15104));
#15104 = SURFACE_STYLE_FILL_AREA(#15105);
#15105 = FILL_AREA_STYLE('',(#15106));
#15106 = FILL_AREA_STYLE_COLOUR('',#14003);
#15107 = STYLED_ITEM('color',(#15108),#2900);
#15108 = PRESENTATION_STYLE_ASSIGNMENT((#15109));
#15109 = SURFACE_STYLE_USAGE(.BOTH.,#15110);
#15110 = SURFACE_SIDE_STYLE('',(#15111));
#15111 = SURFACE_STYLE_FILL_AREA(#15112);
#15112 = FILL_AREA_STYLE('',(#15113));
#15113 = FILL_AREA_STYLE_COLOUR('',#14003);
#15114 = STYLED_ITEM('color',(#15115),#2923);
#15115 = PRESENTATION_STYLE_ASSIGNMENT((#15116));
#15116 = SURFACE_STYLE_USAGE(.BOTH.,#15117);
#15117 = SURFACE_SIDE_STYLE('',(#15118));
#15118 = SURFACE_STYLE_FILL_AREA(#15119);
#15119 = FILL_AREA_STYLE('',(#15120));
#15120 = FILL_AREA_STYLE_COLOUR('',#14003);
#15121 = STYLED_ITEM('color',(#15122),#2946);
#15122 = PRESENTATION_STYLE_ASSIGNMENT((#15123));
#15123 = SURFACE_STYLE_USAGE(.BOTH.,#15124);
#15124 = SURFACE_SIDE_STYLE('',(#15125));
#15125 = SURFACE_STYLE_FILL_AREA(#15126);
#15126 = FILL_AREA_STYLE('',(#15127));
#15127 = FILL_AREA_STYLE_COLOUR('',#14003);
#15128 = STYLED_ITEM('color',(#15129),#3013);
#15129 = PRESENTATION_STYLE_ASSIGNMENT((#15130));
#15130 = SURFACE_STYLE_USAGE(.BOTH.,#15131);
#15131 = SURFACE_SIDE_STYLE('',(#15132));
#15132 = SURFACE_STYLE_FILL_AREA(#15133);
#15133 = FILL_AREA_STYLE('',(#15134));
#15134 = FILL_AREA_STYLE_COLOUR('',#14003);
#15135 = STYLED_ITEM('color',(#15136),#3036);
#15136 = PRESENTATION_STYLE_ASSIGNMENT((#15137));
#15137 = SURFACE_STYLE_USAGE(.BOTH.,#15138);
#15138 = SURFACE_SIDE_STYLE('',(#15139));
#15139 = SURFACE_STYLE_FILL_AREA(#15140);
#15140 = FILL_AREA_STYLE('',(#15141));
#15141 = FILL_AREA_STYLE_COLOUR('',#14109);
#15142 = STYLED_ITEM('color',(#15143),#3055);
#15143 = PRESENTATION_STYLE_ASSIGNMENT((#15144));
#15144 = SURFACE_STYLE_USAGE(.BOTH.,#15145);
#15145 = SURFACE_SIDE_STYLE('',(#15146));
#15146 = SURFACE_STYLE_FILL_AREA(#15147);
#15147 = FILL_AREA_STYLE('',(#15148));
#15148 = FILL_AREA_STYLE_COLOUR('',#14109);
#15149 = STYLED_ITEM('color',(#15150),#3074);
#15150 = PRESENTATION_STYLE_ASSIGNMENT((#15151));
#15151 = SURFACE_STYLE_USAGE(.BOTH.,#15152);
#15152 = SURFACE_SIDE_STYLE('',(#15153));
#15153 = SURFACE_STYLE_FILL_AREA(#15154);
#15154 = FILL_AREA_STYLE('',(#15155));
#15155 = FILL_AREA_STYLE_COLOUR('',#14109);
#15156 = STYLED_ITEM('color',(#15157),#3093);
#15157 = PRESENTATION_STYLE_ASSIGNMENT((#15158));
#15158 = SURFACE_STYLE_USAGE(.BOTH.,#15159);
#15159 = SURFACE_SIDE_STYLE('',(#15160));
#15160 = SURFACE_STYLE_FILL_AREA(#15161);
#15161 = FILL_AREA_STYLE('',(#15162));
#15162 = FILL_AREA_STYLE_COLOUR('',#14109);
#15163 = STYLED_ITEM('color',(#15164),#3110);
#15164 = PRESENTATION_STYLE_ASSIGNMENT((#15165));
#15165 = SURFACE_STYLE_USAGE(.BOTH.,#15166);
#15166 = SURFACE_SIDE_STYLE('',(#15167));
#15167 = SURFACE_STYLE_FILL_AREA(#15168);
#15168 = FILL_AREA_STYLE('',(#15169));
#15169 = FILL_AREA_STYLE_COLOUR('',#14109);
#15170 = STYLED_ITEM('color',(#15171),#3127);
#15171 = PRESENTATION_STYLE_ASSIGNMENT((#15172));
#15172 = SURFACE_STYLE_USAGE(.BOTH.,#15173);
#15173 = SURFACE_SIDE_STYLE('',(#15174));
#15174 = SURFACE_STYLE_FILL_AREA(#15175);
#15175 = FILL_AREA_STYLE('',(#15176));
#15176 = FILL_AREA_STYLE_COLOUR('',#14109);
#15177 = STYLED_ITEM('color',(#15178),#3144);
#15178 = PRESENTATION_STYLE_ASSIGNMENT((#15179));
#15179 = SURFACE_STYLE_USAGE(.BOTH.,#15180);
#15180 = SURFACE_SIDE_STYLE('',(#15181));
#15181 = SURFACE_STYLE_FILL_AREA(#15182);
#15182 = FILL_AREA_STYLE('',(#15183));
#15183 = FILL_AREA_STYLE_COLOUR('',#14109);
#15184 = STYLED_ITEM('color',(#15185),#3161);
#15185 = PRESENTATION_STYLE_ASSIGNMENT((#15186));
#15186 = SURFACE_STYLE_USAGE(.BOTH.,#15187);
#15187 = SURFACE_SIDE_STYLE('',(#15188));
#15188 = SURFACE_STYLE_FILL_AREA(#15189);
#15189 = FILL_AREA_STYLE('',(#15190));
#15190 = FILL_AREA_STYLE_COLOUR('',#14109);
#15191 = STYLED_ITEM('color',(#15192),#3178);
#15192 = PRESENTATION_STYLE_ASSIGNMENT((#15193));
#15193 = SURFACE_STYLE_USAGE(.BOTH.,#15194);
#15194 = SURFACE_SIDE_STYLE('',(#15195));
#15195 = SURFACE_STYLE_FILL_AREA(#15196);
#15196 = FILL_AREA_STYLE('',(#15197));
#15197 = FILL_AREA_STYLE_COLOUR('',#14109);
#15198 = STYLED_ITEM('color',(#15199),#3195);
#15199 = PRESENTATION_STYLE_ASSIGNMENT((#15200));
#15200 = SURFACE_STYLE_USAGE(.BOTH.,#15201);
#15201 = SURFACE_SIDE_STYLE('',(#15202));
#15202 = SURFACE_STYLE_FILL_AREA(#15203);
#15203 = FILL_AREA_STYLE('',(#15204));
#15204 = FILL_AREA_STYLE_COLOUR('',#14109);
#15205 = STYLED_ITEM('color',(#15206),#3212);
#15206 = PRESENTATION_STYLE_ASSIGNMENT((#15207));
#15207 = SURFACE_STYLE_USAGE(.BOTH.,#15208);
#15208 = SURFACE_SIDE_STYLE('',(#15209));
#15209 = SURFACE_STYLE_FILL_AREA(#15210);
#15210 = FILL_AREA_STYLE('',(#15211));
#15211 = FILL_AREA_STYLE_COLOUR('',#14109);
#15212 = STYLED_ITEM('color',(#15213),#3224);
#15213 = PRESENTATION_STYLE_ASSIGNMENT((#15214));
#15214 = SURFACE_STYLE_USAGE(.BOTH.,#15215);
#15215 = SURFACE_SIDE_STYLE('',(#15216));
#15216 = SURFACE_STYLE_FILL_AREA(#15217);
#15217 = FILL_AREA_STYLE('',(#15218));
#15218 = FILL_AREA_STYLE_COLOUR('',#14003);
#15219 = STYLED_ITEM('color',(#15220),#3247);
#15220 = PRESENTATION_STYLE_ASSIGNMENT((#15221));
#15221 = SURFACE_STYLE_USAGE(.BOTH.,#15222);
#15222 = SURFACE_SIDE_STYLE('',(#15223));
#15223 = SURFACE_STYLE_FILL_AREA(#15224);
#15224 = FILL_AREA_STYLE('',(#15225));
#15225 = FILL_AREA_STYLE_COLOUR('',#14003);
#15226 = STYLED_ITEM('color',(#15227),#3270);
#15227 = PRESENTATION_STYLE_ASSIGNMENT((#15228));
#15228 = SURFACE_STYLE_USAGE(.BOTH.,#15229);
#15229 = SURFACE_SIDE_STYLE('',(#15230));
#15230 = SURFACE_STYLE_FILL_AREA(#15231);
#15231 = FILL_AREA_STYLE('',(#15232));
#15232 = FILL_AREA_STYLE_COLOUR('',#14003);
#15233 = STYLED_ITEM('color',(#15234),#3294);
#15234 = PRESENTATION_STYLE_ASSIGNMENT((#15235));
#15235 = SURFACE_STYLE_USAGE(.BOTH.,#15236);
#15236 = SURFACE_SIDE_STYLE('',(#15237));
#15237 = SURFACE_STYLE_FILL_AREA(#15238);
#15238 = FILL_AREA_STYLE('',(#15239));
#15239 = FILL_AREA_STYLE_COLOUR('',#14003);
#15240 = STYLED_ITEM('color',(#15241),#3324);
#15241 = PRESENTATION_STYLE_ASSIGNMENT((#15242));
#15242 = SURFACE_STYLE_USAGE(.BOTH.,#15243);
#15243 = SURFACE_SIDE_STYLE('',(#15244));
#15244 = SURFACE_STYLE_FILL_AREA(#15245);
#15245 = FILL_AREA_STYLE('',(#15246));
#15246 = FILL_AREA_STYLE_COLOUR('',#14109);
#15247 = STYLED_ITEM('color',(#15248),#3355);
#15248 = PRESENTATION_STYLE_ASSIGNMENT((#15249));
#15249 = SURFACE_STYLE_USAGE(.BOTH.,#15250);
#15250 = SURFACE_SIDE_STYLE('',(#15251));
#15251 = SURFACE_STYLE_FILL_AREA(#15252);
#15252 = FILL_AREA_STYLE('',(#15253));
#15253 = FILL_AREA_STYLE_COLOUR('',#14109);
#15254 = STYLED_ITEM('color',(#15255),#3386);
#15255 = PRESENTATION_STYLE_ASSIGNMENT((#15256));
#15256 = SURFACE_STYLE_USAGE(.BOTH.,#15257);
#15257 = SURFACE_SIDE_STYLE('',(#15258));
#15258 = SURFACE_STYLE_FILL_AREA(#15259);
#15259 = FILL_AREA_STYLE('',(#15260));
#15260 = FILL_AREA_STYLE_COLOUR('',#14003);
#15261 = STYLED_ITEM('color',(#15262),#3417);
#15262 = PRESENTATION_STYLE_ASSIGNMENT((#15263));
#15263 = SURFACE_STYLE_USAGE(.BOTH.,#15264);
#15264 = SURFACE_SIDE_STYLE('',(#15265));
#15265 = SURFACE_STYLE_FILL_AREA(#15266);
#15266 = FILL_AREA_STYLE('',(#15267));
#15267 = FILL_AREA_STYLE_COLOUR('',#14003);
#15268 = STYLED_ITEM('color',(#15269),#3448);
#15269 = PRESENTATION_STYLE_ASSIGNMENT((#15270));
#15270 = SURFACE_STYLE_USAGE(.BOTH.,#15271);
#15271 = SURFACE_SIDE_STYLE('',(#15272));
#15272 = SURFACE_STYLE_FILL_AREA(#15273);
#15273 = FILL_AREA_STYLE('',(#15274));
#15274 = FILL_AREA_STYLE_COLOUR('',#14109);
#15275 = STYLED_ITEM('color',(#15276),#3479);
#15276 = PRESENTATION_STYLE_ASSIGNMENT((#15277));
#15277 = SURFACE_STYLE_USAGE(.BOTH.,#15278);
#15278 = SURFACE_SIDE_STYLE('',(#15279));
#15279 = SURFACE_STYLE_FILL_AREA(#15280);
#15280 = FILL_AREA_STYLE('',(#15281));
#15281 = FILL_AREA_STYLE_COLOUR('',#14109);
#15282 = STYLED_ITEM('color',(#15283),#3510);
#15283 = PRESENTATION_STYLE_ASSIGNMENT((#15284));
#15284 = SURFACE_STYLE_USAGE(.BOTH.,#15285);
#15285 = SURFACE_SIDE_STYLE('',(#15286));
#15286 = SURFACE_STYLE_FILL_AREA(#15287);
#15287 = FILL_AREA_STYLE('',(#15288));
#15288 = FILL_AREA_STYLE_COLOUR('',#14003);
#15289 = STYLED_ITEM('color',(#15290),#3541);
#15290 = PRESENTATION_STYLE_ASSIGNMENT((#15291));
#15291 = SURFACE_STYLE_USAGE(.BOTH.,#15292);
#15292 = SURFACE_SIDE_STYLE('',(#15293));
#15293 = SURFACE_STYLE_FILL_AREA(#15294);
#15294 = FILL_AREA_STYLE('',(#15295));
#15295 = FILL_AREA_STYLE_COLOUR('',#14003);
#15296 = STYLED_ITEM('color',(#15297),#3558);
#15297 = PRESENTATION_STYLE_ASSIGNMENT((#15298));
#15298 = SURFACE_STYLE_USAGE(.BOTH.,#15299);
#15299 = SURFACE_SIDE_STYLE('',(#15300));
#15300 = SURFACE_STYLE_FILL_AREA(#15301);
#15301 = FILL_AREA_STYLE('',(#15302));
#15302 = FILL_AREA_STYLE_COLOUR('',#14003);
#15303 = STYLED_ITEM('color',(#15304),#3574);
#15304 = PRESENTATION_STYLE_ASSIGNMENT((#15305));
#15305 = SURFACE_STYLE_USAGE(.BOTH.,#15306);
#15306 = SURFACE_SIDE_STYLE('',(#15307));
#15307 = SURFACE_STYLE_FILL_AREA(#15308);
#15308 = FILL_AREA_STYLE('',(#15309));
#15309 = FILL_AREA_STYLE_COLOUR('',#14109);
#15310 = STYLED_ITEM('color',(#15311),#3591);
#15311 = PRESENTATION_STYLE_ASSIGNMENT((#15312));
#15312 = SURFACE_STYLE_USAGE(.BOTH.,#15313);
#15313 = SURFACE_SIDE_STYLE('',(#15314));
#15314 = SURFACE_STYLE_FILL_AREA(#15315);
#15315 = FILL_AREA_STYLE('',(#15316));
#15316 = FILL_AREA_STYLE_COLOUR('',#14109);
#15317 = STYLED_ITEM('color',(#15318),#3608);
#15318 = PRESENTATION_STYLE_ASSIGNMENT((#15319));
#15319 = SURFACE_STYLE_USAGE(.BOTH.,#15320);
#15320 = SURFACE_SIDE_STYLE('',(#15321));
#15321 = SURFACE_STYLE_FILL_AREA(#15322);
#15322 = FILL_AREA_STYLE('',(#15323));
#15323 = FILL_AREA_STYLE_COLOUR('',#14109);
#15324 = STYLED_ITEM('color',(#15325),#3625);
#15325 = PRESENTATION_STYLE_ASSIGNMENT((#15326));
#15326 = SURFACE_STYLE_USAGE(.BOTH.,#15327);
#15327 = SURFACE_SIDE_STYLE('',(#15328));
#15328 = SURFACE_STYLE_FILL_AREA(#15329);
#15329 = FILL_AREA_STYLE('',(#15330));
#15330 = FILL_AREA_STYLE_COLOUR('',#14109);
#15331 = STYLED_ITEM('color',(#15332),#3642);
#15332 = PRESENTATION_STYLE_ASSIGNMENT((#15333));
#15333 = SURFACE_STYLE_USAGE(.BOTH.,#15334);
#15334 = SURFACE_SIDE_STYLE('',(#15335));
#15335 = SURFACE_STYLE_FILL_AREA(#15336);
#15336 = FILL_AREA_STYLE('',(#15337));
#15337 = FILL_AREA_STYLE_COLOUR('',#14109);
#15338 = STYLED_ITEM('color',(#15339),#3659);
#15339 = PRESENTATION_STYLE_ASSIGNMENT((#15340));
#15340 = SURFACE_STYLE_USAGE(.BOTH.,#15341);
#15341 = SURFACE_SIDE_STYLE('',(#15342));
#15342 = SURFACE_STYLE_FILL_AREA(#15343);
#15343 = FILL_AREA_STYLE('',(#15344));
#15344 = FILL_AREA_STYLE_COLOUR('',#14109);
#15345 = STYLED_ITEM('color',(#15346),#3676);
#15346 = PRESENTATION_STYLE_ASSIGNMENT((#15347));
#15347 = SURFACE_STYLE_USAGE(.BOTH.,#15348);
#15348 = SURFACE_SIDE_STYLE('',(#15349));
#15349 = SURFACE_STYLE_FILL_AREA(#15350);
#15350 = FILL_AREA_STYLE('',(#15351));
#15351 = FILL_AREA_STYLE_COLOUR('',#14109);
#15352 = STYLED_ITEM('color',(#15353),#3693);
#15353 = PRESENTATION_STYLE_ASSIGNMENT((#15354));
#15354 = SURFACE_STYLE_USAGE(.BOTH.,#15355);
#15355 = SURFACE_SIDE_STYLE('',(#15356));
#15356 = SURFACE_STYLE_FILL_AREA(#15357);
#15357 = FILL_AREA_STYLE('',(#15358));
#15358 = FILL_AREA_STYLE_COLOUR('',#14109);
#15359 = STYLED_ITEM('color',(#15360),#3705);
#15360 = PRESENTATION_STYLE_ASSIGNMENT((#15361));
#15361 = SURFACE_STYLE_USAGE(.BOTH.,#15362);
#15362 = SURFACE_SIDE_STYLE('',(#15363));
#15363 = SURFACE_STYLE_FILL_AREA(#15364);
#15364 = FILL_AREA_STYLE('',(#15365));
#15365 = FILL_AREA_STYLE_COLOUR('',#14109);
#15366 = STYLED_ITEM('color',(#15367),#3722);
#15367 = PRESENTATION_STYLE_ASSIGNMENT((#15368));
#15368 = SURFACE_STYLE_USAGE(.BOTH.,#15369);
#15369 = SURFACE_SIDE_STYLE('',(#15370));
#15370 = SURFACE_STYLE_FILL_AREA(#15371);
#15371 = FILL_AREA_STYLE('',(#15372));
#15372 = FILL_AREA_STYLE_COLOUR('',#14109);
#15373 = STYLED_ITEM('color',(#15374),#3739);
#15374 = PRESENTATION_STYLE_ASSIGNMENT((#15375));
#15375 = SURFACE_STYLE_USAGE(.BOTH.,#15376);
#15376 = SURFACE_SIDE_STYLE('',(#15377));
#15377 = SURFACE_STYLE_FILL_AREA(#15378);
#15378 = FILL_AREA_STYLE('',(#15379));
#15379 = FILL_AREA_STYLE_COLOUR('',#14109);
#15380 = STYLED_ITEM('color',(#15381),#3756);
#15381 = PRESENTATION_STYLE_ASSIGNMENT((#15382));
#15382 = SURFACE_STYLE_USAGE(.BOTH.,#15383);
#15383 = SURFACE_SIDE_STYLE('',(#15384));
#15384 = SURFACE_STYLE_FILL_AREA(#15385);
#15385 = FILL_AREA_STYLE('',(#15386));
#15386 = FILL_AREA_STYLE_COLOUR('',#14109);
#15387 = STYLED_ITEM('color',(#15388),#3773);
#15388 = PRESENTATION_STYLE_ASSIGNMENT((#15389));
#15389 = SURFACE_STYLE_USAGE(.BOTH.,#15390);
#15390 = SURFACE_SIDE_STYLE('',(#15391));
#15391 = SURFACE_STYLE_FILL_AREA(#15392);
#15392 = FILL_AREA_STYLE('',(#15393));
#15393 = FILL_AREA_STYLE_COLOUR('',#14109);
#15394 = STYLED_ITEM('color',(#15395),#3790);
#15395 = PRESENTATION_STYLE_ASSIGNMENT((#15396));
#15396 = SURFACE_STYLE_USAGE(.BOTH.,#15397);
#15397 = SURFACE_SIDE_STYLE('',(#15398));
#15398 = SURFACE_STYLE_FILL_AREA(#15399);
#15399 = FILL_AREA_STYLE('',(#15400));
#15400 = FILL_AREA_STYLE_COLOUR('',#14109);
#15401 = STYLED_ITEM('color',(#15402),#3807);
#15402 = PRESENTATION_STYLE_ASSIGNMENT((#15403));
#15403 = SURFACE_STYLE_USAGE(.BOTH.,#15404);
#15404 = SURFACE_SIDE_STYLE('',(#15405));
#15405 = SURFACE_STYLE_FILL_AREA(#15406);
#15406 = FILL_AREA_STYLE('',(#15407));
#15407 = FILL_AREA_STYLE_COLOUR('',#14109);
#15408 = STYLED_ITEM('color',(#15409),#3824);
#15409 = PRESENTATION_STYLE_ASSIGNMENT((#15410));
#15410 = SURFACE_STYLE_USAGE(.BOTH.,#15411);
#15411 = SURFACE_SIDE_STYLE('',(#15412));
#15412 = SURFACE_STYLE_FILL_AREA(#15413);
#15413 = FILL_AREA_STYLE('',(#15414));
#15414 = FILL_AREA_STYLE_COLOUR('',#14109);
#15415 = STYLED_ITEM('color',(#15416),#3836);
#15416 = PRESENTATION_STYLE_ASSIGNMENT((#15417));
#15417 = SURFACE_STYLE_USAGE(.BOTH.,#15418);
#15418 = SURFACE_SIDE_STYLE('',(#15419));
#15419 = SURFACE_STYLE_FILL_AREA(#15420);
#15420 = FILL_AREA_STYLE('',(#15421));
#15421 = FILL_AREA_STYLE_COLOUR('',#14003);
#15422 = STYLED_ITEM('color',(#15423),#3859);
#15423 = PRESENTATION_STYLE_ASSIGNMENT((#15424));
#15424 = SURFACE_STYLE_USAGE(.BOTH.,#15425);
#15425 = SURFACE_SIDE_STYLE('',(#15426));
#15426 = SURFACE_STYLE_FILL_AREA(#15427);
#15427 = FILL_AREA_STYLE('',(#15428));
#15428 = FILL_AREA_STYLE_COLOUR('',#14003);
#15429 = STYLED_ITEM('color',(#15430),#3875);
#15430 = PRESENTATION_STYLE_ASSIGNMENT((#15431));
#15431 = SURFACE_STYLE_USAGE(.BOTH.,#15432);
#15432 = SURFACE_SIDE_STYLE('',(#15433));
#15433 = SURFACE_STYLE_FILL_AREA(#15434);
#15434 = FILL_AREA_STYLE('',(#15435));
#15435 = FILL_AREA_STYLE_COLOUR('',#14003);
#15436 = STYLED_ITEM('color',(#15437),#3898);
#15437 = PRESENTATION_STYLE_ASSIGNMENT((#15438));
#15438 = SURFACE_STYLE_USAGE(.BOTH.,#15439);
#15439 = SURFACE_SIDE_STYLE('',(#15440));
#15440 = SURFACE_STYLE_FILL_AREA(#15441);
#15441 = FILL_AREA_STYLE('',(#15442));
#15442 = FILL_AREA_STYLE_COLOUR('',#14003);
#15443 = STYLED_ITEM('color',(#15444),#3985);
#15444 = PRESENTATION_STYLE_ASSIGNMENT((#15445));
#15445 = SURFACE_STYLE_USAGE(.BOTH.,#15446);
#15446 = SURFACE_SIDE_STYLE('',(#15447));
#15447 = SURFACE_STYLE_FILL_AREA(#15448);
#15448 = FILL_AREA_STYLE('',(#15449));
#15449 = FILL_AREA_STYLE_COLOUR('',#14003);
#15450 = STYLED_ITEM('color',(#15451),#4008);
#15451 = PRESENTATION_STYLE_ASSIGNMENT((#15452));
#15452 = SURFACE_STYLE_USAGE(.BOTH.,#15453);
#15453 = SURFACE_SIDE_STYLE('',(#15454));
#15454 = SURFACE_STYLE_FILL_AREA(#15455);
#15455 = FILL_AREA_STYLE('',(#15456));
#15456 = FILL_AREA_STYLE_COLOUR('',#14003);
#15457 = STYLED_ITEM('color',(#15458),#4025);
#15458 = PRESENTATION_STYLE_ASSIGNMENT((#15459));
#15459 = SURFACE_STYLE_USAGE(.BOTH.,#15460);
#15460 = SURFACE_SIDE_STYLE('',(#15461));
#15461 = SURFACE_STYLE_FILL_AREA(#15462);
#15462 = FILL_AREA_STYLE('',(#15463));
#15463 = FILL_AREA_STYLE_COLOUR('',#15464);
#15464 = COLOUR_RGB('',0.690196106937,0.662745111292,0.596078458879);
#15465 = STYLED_ITEM('color',(#15466),#4050);
#15466 = PRESENTATION_STYLE_ASSIGNMENT((#15467));
#15467 = SURFACE_STYLE_USAGE(.BOTH.,#15468);
#15468 = SURFACE_SIDE_STYLE('',(#15469));
#15469 = SURFACE_STYLE_FILL_AREA(#15470);
#15470 = FILL_AREA_STYLE('',(#15471));
#15471 = FILL_AREA_STYLE_COLOUR('',#14003);
#15472 = STYLED_ITEM('color',(#15473),#4066);
#15473 = PRESENTATION_STYLE_ASSIGNMENT((#15474));
#15474 = SURFACE_STYLE_USAGE(.BOTH.,#15475);
#15475 = SURFACE_SIDE_STYLE('',(#15476));
#15476 = SURFACE_STYLE_FILL_AREA(#15477);
#15477 = FILL_AREA_STYLE('',(#15478));
#15478 = FILL_AREA_STYLE_COLOUR('',#14003);
#15479 = STYLED_ITEM('color',(#15480),#4082);
#15480 = PRESENTATION_STYLE_ASSIGNMENT((#15481));
#15481 = SURFACE_STYLE_USAGE(.BOTH.,#15482);
#15482 = SURFACE_SIDE_STYLE('',(#15483));
#15483 = SURFACE_STYLE_FILL_AREA(#15484);
#15484 = FILL_AREA_STYLE('',(#15485));
#15485 = FILL_AREA_STYLE_COLOUR('',#14003);
#15486 = STYLED_ITEM('color',(#15487),#4099);
#15487 = PRESENTATION_STYLE_ASSIGNMENT((#15488));
#15488 = SURFACE_STYLE_USAGE(.BOTH.,#15489);
#15489 = SURFACE_SIDE_STYLE('',(#15490));
#15490 = SURFACE_STYLE_FILL_AREA(#15491);
#15491 = FILL_AREA_STYLE('',(#15492));
#15492 = FILL_AREA_STYLE_COLOUR('',#14109);
#15493 = STYLED_ITEM('color',(#15494),#4191);
#15494 = PRESENTATION_STYLE_ASSIGNMENT((#15495));
#15495 = SURFACE_STYLE_USAGE(.BOTH.,#15496);
#15496 = SURFACE_SIDE_STYLE('',(#15497));
#15497 = SURFACE_STYLE_FILL_AREA(#15498);
#15498 = FILL_AREA_STYLE('',(#15499));
#15499 = FILL_AREA_STYLE_COLOUR('',#14109);
#15500 = STYLED_ITEM('color',(#15501),#4283);
#15501 = PRESENTATION_STYLE_ASSIGNMENT((#15502));
#15502 = SURFACE_STYLE_USAGE(.BOTH.,#15503);
#15503 = SURFACE_SIDE_STYLE('',(#15504));
#15504 = SURFACE_STYLE_FILL_AREA(#15505);
#15505 = FILL_AREA_STYLE('',(#15506));
#15506 = FILL_AREA_STYLE_COLOUR('',#14003);
#15507 = STYLED_ITEM('color',(#15508),#4304);
#15508 = PRESENTATION_STYLE_ASSIGNMENT((#15509));
#15509 = SURFACE_STYLE_USAGE(.BOTH.,#15510);
#15510 = SURFACE_SIDE_STYLE('',(#15511));
#15511 = SURFACE_STYLE_FILL_AREA(#15512);
#15512 = FILL_AREA_STYLE('',(#15513));
#15513 = FILL_AREA_STYLE_COLOUR('',#14109);
#15514 = STYLED_ITEM('color',(#15515),#4329);
#15515 = PRESENTATION_STYLE_ASSIGNMENT((#15516));
#15516 = SURFACE_STYLE_USAGE(.BOTH.,#15517);
#15517 = SURFACE_SIDE_STYLE('',(#15518));
#15518 = SURFACE_STYLE_FILL_AREA(#15519);
#15519 = FILL_AREA_STYLE('',(#15520));
#15520 = FILL_AREA_STYLE_COLOUR('',#14109);
#15521 = STYLED_ITEM('color',(#15522),#4413);
#15522 = PRESENTATION_STYLE_ASSIGNMENT((#15523));
#15523 = SURFACE_STYLE_USAGE(.BOTH.,#15524);
#15524 = SURFACE_SIDE_STYLE('',(#15525));
#15525 = SURFACE_STYLE_FILL_AREA(#15526);
#15526 = FILL_AREA_STYLE('',(#15527));
#15527 = FILL_AREA_STYLE_COLOUR('',#14109);
#15528 = STYLED_ITEM('color',(#15529),#4505);
#15529 = PRESENTATION_STYLE_ASSIGNMENT((#15530));
#15530 = SURFACE_STYLE_USAGE(.BOTH.,#15531);
#15531 = SURFACE_SIDE_STYLE('',(#15532));
#15532 = SURFACE_STYLE_FILL_AREA(#15533);
#15533 = FILL_AREA_STYLE('',(#15534));
#15534 = FILL_AREA_STYLE_COLOUR('',#14109);
#15535 = STYLED_ITEM('color',(#15536),#4522);
#15536 = PRESENTATION_STYLE_ASSIGNMENT((#15537));
#15537 = SURFACE_STYLE_USAGE(.BOTH.,#15538);
#15538 = SURFACE_SIDE_STYLE('',(#15539));
#15539 = SURFACE_STYLE_FILL_AREA(#15540);
#15540 = FILL_AREA_STYLE('',(#15541));
#15541 = FILL_AREA_STYLE_COLOUR('',#14003);
#15542 = STYLED_ITEM('color',(#15543),#4544);
#15543 = PRESENTATION_STYLE_ASSIGNMENT((#15544));
#15544 = SURFACE_STYLE_USAGE(.BOTH.,#15545);
#15545 = SURFACE_SIDE_STYLE('',(#15546));
#15546 = SURFACE_STYLE_FILL_AREA(#15547);
#15547 = FILL_AREA_STYLE('',(#15548));
#15548 = FILL_AREA_STYLE_COLOUR('',#14109);
#15549 = STYLED_ITEM('color',(#15550),#4636);
#15550 = PRESENTATION_STYLE_ASSIGNMENT((#15551));
#15551 = SURFACE_STYLE_USAGE(.BOTH.,#15552);
#15552 = SURFACE_SIDE_STYLE('',(#15553));
#15553 = SURFACE_STYLE_FILL_AREA(#15554);
#15554 = FILL_AREA_STYLE('',(#15555));
#15555 = FILL_AREA_STYLE_COLOUR('',#14109);
#15556 = STYLED_ITEM('color',(#15557),#4728);
#15557 = PRESENTATION_STYLE_ASSIGNMENT((#15558));
#15558 = SURFACE_STYLE_USAGE(.BOTH.,#15559);
#15559 = SURFACE_SIDE_STYLE('',(#15560));
#15560 = SURFACE_STYLE_FILL_AREA(#15561);
#15561 = FILL_AREA_STYLE('',(#15562));
#15562 = FILL_AREA_STYLE_COLOUR('',#14003);
#15563 = STYLED_ITEM('color',(#15564),#4750);
#15564 = PRESENTATION_STYLE_ASSIGNMENT((#15565));
#15565 = SURFACE_STYLE_USAGE(.BOTH.,#15566);
#15566 = SURFACE_SIDE_STYLE('',(#15567));
#15567 = SURFACE_STYLE_FILL_AREA(#15568);
#15568 = FILL_AREA_STYLE('',(#15569));
#15569 = FILL_AREA_STYLE_COLOUR('',#14109);
#15570 = STYLED_ITEM('color',(#15571),#4775);
#15571 = PRESENTATION_STYLE_ASSIGNMENT((#15572));
#15572 = SURFACE_STYLE_USAGE(.BOTH.,#15573);
#15573 = SURFACE_SIDE_STYLE('',(#15574));
#15574 = SURFACE_STYLE_FILL_AREA(#15575);
#15575 = FILL_AREA_STYLE('',(#15576));
#15576 = FILL_AREA_STYLE_COLOUR('',#14109);
#15577 = STYLED_ITEM('color',(#15578),#4859);
#15578 = PRESENTATION_STYLE_ASSIGNMENT((#15579));
#15579 = SURFACE_STYLE_USAGE(.BOTH.,#15580);
#15580 = SURFACE_SIDE_STYLE('',(#15581));
#15581 = SURFACE_STYLE_FILL_AREA(#15582);
#15582 = FILL_AREA_STYLE('',(#15583));
#15583 = FILL_AREA_STYLE_COLOUR('',#14109);
#15584 = STYLED_ITEM('color',(#15585),#4951);
#15585 = PRESENTATION_STYLE_ASSIGNMENT((#15586));
#15586 = SURFACE_STYLE_USAGE(.BOTH.,#15587);
#15587 = SURFACE_SIDE_STYLE('',(#15588));
#15588 = SURFACE_STYLE_FILL_AREA(#15589);
#15589 = FILL_AREA_STYLE('',(#15590));
#15590 = FILL_AREA_STYLE_COLOUR('',#14109);
#15591 = STYLED_ITEM('color',(#15592),#4968);
#15592 = PRESENTATION_STYLE_ASSIGNMENT((#15593));
#15593 = SURFACE_STYLE_USAGE(.BOTH.,#15594);
#15594 = SURFACE_SIDE_STYLE('',(#15595));
#15595 = SURFACE_STYLE_FILL_AREA(#15596);
#15596 = FILL_AREA_STYLE('',(#15597));
#15597 = FILL_AREA_STYLE_COLOUR('',#14003);
#15598 = STYLED_ITEM('color',(#15599),#4990);
#15599 = PRESENTATION_STYLE_ASSIGNMENT((#15600));
#15600 = SURFACE_STYLE_USAGE(.BOTH.,#15601);
#15601 = SURFACE_SIDE_STYLE('',(#15602));
#15602 = SURFACE_STYLE_FILL_AREA(#15603);
#15603 = FILL_AREA_STYLE('',(#15604));
#15604 = FILL_AREA_STYLE_COLOUR('',#14003);
#15605 = STYLED_ITEM('color',(#15606),#5002);
#15606 = PRESENTATION_STYLE_ASSIGNMENT((#15607));
#15607 = SURFACE_STYLE_USAGE(.BOTH.,#15608);
#15608 = SURFACE_SIDE_STYLE('',(#15609));
#15609 = SURFACE_STYLE_FILL_AREA(#15610);
#15610 = FILL_AREA_STYLE('',(#15611));
#15611 = FILL_AREA_STYLE_COLOUR('',#14109);
#15612 = STYLED_ITEM('color',(#15613),#5021);
#15613 = PRESENTATION_STYLE_ASSIGNMENT((#15614));
#15614 = SURFACE_STYLE_USAGE(.BOTH.,#15615);
#15615 = SURFACE_SIDE_STYLE('',(#15616));
#15616 = SURFACE_STYLE_FILL_AREA(#15617);
#15617 = FILL_AREA_STYLE('',(#15618));
#15618 = FILL_AREA_STYLE_COLOUR('',#14109);
#15619 = STYLED_ITEM('color',(#15620),#5040);
#15620 = PRESENTATION_STYLE_ASSIGNMENT((#15621));
#15621 = SURFACE_STYLE_USAGE(.BOTH.,#15622);
#15622 = SURFACE_SIDE_STYLE('',(#15623));
#15623 = SURFACE_STYLE_FILL_AREA(#15624);
#15624 = FILL_AREA_STYLE('',(#15625));
#15625 = FILL_AREA_STYLE_COLOUR('',#14109);
#15626 = STYLED_ITEM('color',(#15627),#5059);
#15627 = PRESENTATION_STYLE_ASSIGNMENT((#15628));
#15628 = SURFACE_STYLE_USAGE(.BOTH.,#15629);
#15629 = SURFACE_SIDE_STYLE('',(#15630));
#15630 = SURFACE_STYLE_FILL_AREA(#15631);
#15631 = FILL_AREA_STYLE('',(#15632));
#15632 = FILL_AREA_STYLE_COLOUR('',#14109);
#15633 = STYLED_ITEM('color',(#15634),#5078);
#15634 = PRESENTATION_STYLE_ASSIGNMENT((#15635));
#15635 = SURFACE_STYLE_USAGE(.BOTH.,#15636);
#15636 = SURFACE_SIDE_STYLE('',(#15637));
#15637 = SURFACE_STYLE_FILL_AREA(#15638);
#15638 = FILL_AREA_STYLE('',(#15639));
#15639 = FILL_AREA_STYLE_COLOUR('',#15464);
#15640 = STYLED_ITEM('color',(#15641),#5087);
#15641 = PRESENTATION_STYLE_ASSIGNMENT((#15642));
#15642 = SURFACE_STYLE_USAGE(.BOTH.,#15643);
#15643 = SURFACE_SIDE_STYLE('',(#15644));
#15644 = SURFACE_STYLE_FILL_AREA(#15645);
#15645 = FILL_AREA_STYLE('',(#15646));
#15646 = FILL_AREA_STYLE_COLOUR('',#14109);
#15647 = STYLED_ITEM('color',(#15648),#5104);
#15648 = PRESENTATION_STYLE_ASSIGNMENT((#15649));
#15649 = SURFACE_STYLE_USAGE(.BOTH.,#15650);
#15650 = SURFACE_SIDE_STYLE('',(#15651));
#15651 = SURFACE_STYLE_FILL_AREA(#15652);
#15652 = FILL_AREA_STYLE('',(#15653));
#15653 = FILL_AREA_STYLE_COLOUR('',#14109);
#15654 = STYLED_ITEM('color',(#15655),#5121);
#15655 = PRESENTATION_STYLE_ASSIGNMENT((#15656));
#15656 = SURFACE_STYLE_USAGE(.BOTH.,#15657);
#15657 = SURFACE_SIDE_STYLE('',(#15658));
#15658 = SURFACE_STYLE_FILL_AREA(#15659);
#15659 = FILL_AREA_STYLE('',(#15660));
#15660 = FILL_AREA_STYLE_COLOUR('',#14109);
#15661 = STYLED_ITEM('color',(#15662),#5138);
#15662 = PRESENTATION_STYLE_ASSIGNMENT((#15663));
#15663 = SURFACE_STYLE_USAGE(.BOTH.,#15664);
#15664 = SURFACE_SIDE_STYLE('',(#15665));
#15665 = SURFACE_STYLE_FILL_AREA(#15666);
#15666 = FILL_AREA_STYLE('',(#15667));
#15667 = FILL_AREA_STYLE_COLOUR('',#14109);
#15668 = STYLED_ITEM('color',(#15669),#5155);
#15669 = PRESENTATION_STYLE_ASSIGNMENT((#15670));
#15670 = SURFACE_STYLE_USAGE(.BOTH.,#15671);
#15671 = SURFACE_SIDE_STYLE('',(#15672));
#15672 = SURFACE_STYLE_FILL_AREA(#15673);
#15673 = FILL_AREA_STYLE('',(#15674));
#15674 = FILL_AREA_STYLE_COLOUR('',#14109);
#15675 = STYLED_ITEM('color',(#15676),#5172);
#15676 = PRESENTATION_STYLE_ASSIGNMENT((#15677));
#15677 = SURFACE_STYLE_USAGE(.BOTH.,#15678);
#15678 = SURFACE_SIDE_STYLE('',(#15679));
#15679 = SURFACE_STYLE_FILL_AREA(#15680);
#15680 = FILL_AREA_STYLE('',(#15681));
#15681 = FILL_AREA_STYLE_COLOUR('',#14109);
#15682 = STYLED_ITEM('color',(#15683),#5189);
#15683 = PRESENTATION_STYLE_ASSIGNMENT((#15684));
#15684 = SURFACE_STYLE_USAGE(.BOTH.,#15685);
#15685 = SURFACE_SIDE_STYLE('',(#15686));
#15686 = SURFACE_STYLE_FILL_AREA(#15687);
#15687 = FILL_AREA_STYLE('',(#15688));
#15688 = FILL_AREA_STYLE_COLOUR('',#14109);
#15689 = STYLED_ITEM('color',(#15690),#5206);
#15690 = PRESENTATION_STYLE_ASSIGNMENT((#15691));
#15691 = SURFACE_STYLE_USAGE(.BOTH.,#15692);
#15692 = SURFACE_SIDE_STYLE('',(#15693));
#15693 = SURFACE_STYLE_FILL_AREA(#15694);
#15694 = FILL_AREA_STYLE('',(#15695));
#15695 = FILL_AREA_STYLE_COLOUR('',#14109);
#15696 = STYLED_ITEM('color',(#15697),#5218);
#15697 = PRESENTATION_STYLE_ASSIGNMENT((#15698));
#15698 = SURFACE_STYLE_USAGE(.BOTH.,#15699);
#15699 = SURFACE_SIDE_STYLE('',(#15700));
#15700 = SURFACE_STYLE_FILL_AREA(#15701);
#15701 = FILL_AREA_STYLE('',(#15702));
#15702 = FILL_AREA_STYLE_COLOUR('',#14109);
#15703 = STYLED_ITEM('color',(#15704),#5235);
#15704 = PRESENTATION_STYLE_ASSIGNMENT((#15705));
#15705 = SURFACE_STYLE_USAGE(.BOTH.,#15706);
#15706 = SURFACE_SIDE_STYLE('',(#15707));
#15707 = SURFACE_STYLE_FILL_AREA(#15708);
#15708 = FILL_AREA_STYLE('',(#15709));
#15709 = FILL_AREA_STYLE_COLOUR('',#14109);
#15710 = STYLED_ITEM('color',(#15711),#5252);
#15711 = PRESENTATION_STYLE_ASSIGNMENT((#15712));
#15712 = SURFACE_STYLE_USAGE(.BOTH.,#15713);
#15713 = SURFACE_SIDE_STYLE('',(#15714));
#15714 = SURFACE_STYLE_FILL_AREA(#15715);
#15715 = FILL_AREA_STYLE('',(#15716));
#15716 = FILL_AREA_STYLE_COLOUR('',#14109);
#15717 = STYLED_ITEM('color',(#15718),#5269);
#15718 = PRESENTATION_STYLE_ASSIGNMENT((#15719));
#15719 = SURFACE_STYLE_USAGE(.BOTH.,#15720);
#15720 = SURFACE_SIDE_STYLE('',(#15721));
#15721 = SURFACE_STYLE_FILL_AREA(#15722);
#15722 = FILL_AREA_STYLE('',(#15723));
#15723 = FILL_AREA_STYLE_COLOUR('',#14109);
#15724 = STYLED_ITEM('color',(#15725),#5286);
#15725 = PRESENTATION_STYLE_ASSIGNMENT((#15726));
#15726 = SURFACE_STYLE_USAGE(.BOTH.,#15727);
#15727 = SURFACE_SIDE_STYLE('',(#15728));
#15728 = SURFACE_STYLE_FILL_AREA(#15729);
#15729 = FILL_AREA_STYLE('',(#15730));
#15730 = FILL_AREA_STYLE_COLOUR('',#14109);
#15731 = STYLED_ITEM('color',(#15732),#5303);
#15732 = PRESENTATION_STYLE_ASSIGNMENT((#15733));
#15733 = SURFACE_STYLE_USAGE(.BOTH.,#15734);
#15734 = SURFACE_SIDE_STYLE('',(#15735));
#15735 = SURFACE_STYLE_FILL_AREA(#15736);
#15736 = FILL_AREA_STYLE('',(#15737));
#15737 = FILL_AREA_STYLE_COLOUR('',#14109);
#15738 = STYLED_ITEM('color',(#15739),#5320);
#15739 = PRESENTATION_STYLE_ASSIGNMENT((#15740));
#15740 = SURFACE_STYLE_USAGE(.BOTH.,#15741);
#15741 = SURFACE_SIDE_STYLE('',(#15742));
#15742 = SURFACE_STYLE_FILL_AREA(#15743);
#15743 = FILL_AREA_STYLE('',(#15744));
#15744 = FILL_AREA_STYLE_COLOUR('',#14109);
#15745 = STYLED_ITEM('color',(#15746),#5337);
#15746 = PRESENTATION_STYLE_ASSIGNMENT((#15747));
#15747 = SURFACE_STYLE_USAGE(.BOTH.,#15748);
#15748 = SURFACE_SIDE_STYLE('',(#15749));
#15749 = SURFACE_STYLE_FILL_AREA(#15750);
#15750 = FILL_AREA_STYLE('',(#15751));
#15751 = FILL_AREA_STYLE_COLOUR('',#14109);
#15752 = STYLED_ITEM('color',(#15753),#5349);
#15753 = PRESENTATION_STYLE_ASSIGNMENT((#15754));
#15754 = SURFACE_STYLE_USAGE(.BOTH.,#15755);
#15755 = SURFACE_SIDE_STYLE('',(#15756));
#15756 = SURFACE_STYLE_FILL_AREA(#15757);
#15757 = FILL_AREA_STYLE('',(#15758));
#15758 = FILL_AREA_STYLE_COLOUR('',#14109);
#15759 = STYLED_ITEM('color',(#15760),#5366);
#15760 = PRESENTATION_STYLE_ASSIGNMENT((#15761));
#15761 = SURFACE_STYLE_USAGE(.BOTH.,#15762);
#15762 = SURFACE_SIDE_STYLE('',(#15763));
#15763 = SURFACE_STYLE_FILL_AREA(#15764);
#15764 = FILL_AREA_STYLE('',(#15765));
#15765 = FILL_AREA_STYLE_COLOUR('',#14109);
#15766 = STYLED_ITEM('color',(#15767),#5383);
#15767 = PRESENTATION_STYLE_ASSIGNMENT((#15768));
#15768 = SURFACE_STYLE_USAGE(.BOTH.,#15769);
#15769 = SURFACE_SIDE_STYLE('',(#15770));
#15770 = SURFACE_STYLE_FILL_AREA(#15771);
#15771 = FILL_AREA_STYLE('',(#15772));
#15772 = FILL_AREA_STYLE_COLOUR('',#14109);
#15773 = STYLED_ITEM('color',(#15774),#5400);
#15774 = PRESENTATION_STYLE_ASSIGNMENT((#15775));
#15775 = SURFACE_STYLE_USAGE(.BOTH.,#15776);
#15776 = SURFACE_SIDE_STYLE('',(#15777));
#15777 = SURFACE_STYLE_FILL_AREA(#15778);
#15778 = FILL_AREA_STYLE('',(#15779));
#15779 = FILL_AREA_STYLE_COLOUR('',#14109);
#15780 = STYLED_ITEM('color',(#15781),#5417);
#15781 = PRESENTATION_STYLE_ASSIGNMENT((#15782));
#15782 = SURFACE_STYLE_USAGE(.BOTH.,#15783);
#15783 = SURFACE_SIDE_STYLE('',(#15784));
#15784 = SURFACE_STYLE_FILL_AREA(#15785);
#15785 = FILL_AREA_STYLE('',(#15786));
#15786 = FILL_AREA_STYLE_COLOUR('',#14109);
#15787 = STYLED_ITEM('color',(#15788),#5434);
#15788 = PRESENTATION_STYLE_ASSIGNMENT((#15789));
#15789 = SURFACE_STYLE_USAGE(.BOTH.,#15790);
#15790 = SURFACE_SIDE_STYLE('',(#15791));
#15791 = SURFACE_STYLE_FILL_AREA(#15792);
#15792 = FILL_AREA_STYLE('',(#15793));
#15793 = FILL_AREA_STYLE_COLOUR('',#14109);
#15794 = STYLED_ITEM('color',(#15795),#5451);
#15795 = PRESENTATION_STYLE_ASSIGNMENT((#15796));
#15796 = SURFACE_STYLE_USAGE(.BOTH.,#15797);
#15797 = SURFACE_SIDE_STYLE('',(#15798));
#15798 = SURFACE_STYLE_FILL_AREA(#15799);
#15799 = FILL_AREA_STYLE('',(#15800));
#15800 = FILL_AREA_STYLE_COLOUR('',#14109);
#15801 = STYLED_ITEM('color',(#15802),#5468);
#15802 = PRESENTATION_STYLE_ASSIGNMENT((#15803));
#15803 = SURFACE_STYLE_USAGE(.BOTH.,#15804);
#15804 = SURFACE_SIDE_STYLE('',(#15805));
#15805 = SURFACE_STYLE_FILL_AREA(#15806);
#15806 = FILL_AREA_STYLE('',(#15807));
#15807 = FILL_AREA_STYLE_COLOUR('',#14109);
#15808 = STYLED_ITEM('color',(#15809),#5480);
#15809 = PRESENTATION_STYLE_ASSIGNMENT((#15810));
#15810 = SURFACE_STYLE_USAGE(.BOTH.,#15811);
#15811 = SURFACE_SIDE_STYLE('',(#15812));
#15812 = SURFACE_STYLE_FILL_AREA(#15813);
#15813 = FILL_AREA_STYLE('',(#15814));
#15814 = FILL_AREA_STYLE_COLOUR('',#14109);
#15815 = STYLED_ITEM('color',(#15816),#5497);
#15816 = PRESENTATION_STYLE_ASSIGNMENT((#15817));
#15817 = SURFACE_STYLE_USAGE(.BOTH.,#15818);
#15818 = SURFACE_SIDE_STYLE('',(#15819));
#15819 = SURFACE_STYLE_FILL_AREA(#15820);
#15820 = FILL_AREA_STYLE('',(#15821));
#15821 = FILL_AREA_STYLE_COLOUR('',#14109);
#15822 = STYLED_ITEM('color',(#15823),#5514);
#15823 = PRESENTATION_STYLE_ASSIGNMENT((#15824));
#15824 = SURFACE_STYLE_USAGE(.BOTH.,#15825);
#15825 = SURFACE_SIDE_STYLE('',(#15826));
#15826 = SURFACE_STYLE_FILL_AREA(#15827);
#15827 = FILL_AREA_STYLE('',(#15828));
#15828 = FILL_AREA_STYLE_COLOUR('',#14109);
#15829 = STYLED_ITEM('color',(#15830),#5531);
#15830 = PRESENTATION_STYLE_ASSIGNMENT((#15831));
#15831 = SURFACE_STYLE_USAGE(.BOTH.,#15832);
#15832 = SURFACE_SIDE_STYLE('',(#15833));
#15833 = SURFACE_STYLE_FILL_AREA(#15834);
#15834 = FILL_AREA_STYLE('',(#15835));
#15835 = FILL_AREA_STYLE_COLOUR('',#14109);
#15836 = STYLED_ITEM('color',(#15837),#5548);
#15837 = PRESENTATION_STYLE_ASSIGNMENT((#15838));
#15838 = SURFACE_STYLE_USAGE(.BOTH.,#15839);
#15839 = SURFACE_SIDE_STYLE('',(#15840));
#15840 = SURFACE_STYLE_FILL_AREA(#15841);
#15841 = FILL_AREA_STYLE('',(#15842));
#15842 = FILL_AREA_STYLE_COLOUR('',#14109);
#15843 = STYLED_ITEM('color',(#15844),#5565);
#15844 = PRESENTATION_STYLE_ASSIGNMENT((#15845));
#15845 = SURFACE_STYLE_USAGE(.BOTH.,#15846);
#15846 = SURFACE_SIDE_STYLE('',(#15847));
#15847 = SURFACE_STYLE_FILL_AREA(#15848);
#15848 = FILL_AREA_STYLE('',(#15849));
#15849 = FILL_AREA_STYLE_COLOUR('',#14109);
#15850 = STYLED_ITEM('color',(#15851),#5582);
#15851 = PRESENTATION_STYLE_ASSIGNMENT((#15852));
#15852 = SURFACE_STYLE_USAGE(.BOTH.,#15853);
#15853 = SURFACE_SIDE_STYLE('',(#15854));
#15854 = SURFACE_STYLE_FILL_AREA(#15855);
#15855 = FILL_AREA_STYLE('',(#15856));
#15856 = FILL_AREA_STYLE_COLOUR('',#14109);
#15857 = STYLED_ITEM('color',(#15858),#5599);
#15858 = PRESENTATION_STYLE_ASSIGNMENT((#15859));
#15859 = SURFACE_STYLE_USAGE(.BOTH.,#15860);
#15860 = SURFACE_SIDE_STYLE('',(#15861));
#15861 = SURFACE_STYLE_FILL_AREA(#15862);
#15862 = FILL_AREA_STYLE('',(#15863));
#15863 = FILL_AREA_STYLE_COLOUR('',#14109);
ENDSEC;
END-ISO-10303-21;
